time_ms,ax_raw_mps2,ay_raw_mps2,az_raw_mps2,ax_kf_mps2,ay_kf_mps2,az_kf_mps2,vx_2state_kf_lightlpf_mps,vy_2state_kf_lightlpf_mps,vz_2state_kf_lightlpf_mps,v_mag
339670.000000,-0.090000,0.010000,-0.010000,0.000000,0.000000,0.000000,-0.001350,0.000150,-0.000150,0.001367
339684.000000,-0.100000,0.000000,-0.020000,0.000000,0.000000,0.000000,-0.002708,0.000192,-0.000388,0.002742
339700.000000,-0.090000,0.040000,0.010000,0.000000,0.000000,0.000000,-0.004182,0.000654,-0.000358,0.004248
339715.000000,-0.080000,0.030000,-0.010000,0.000000,0.000000,0.000000,-0.005436,0.001099,-0.000454,0.005565
339730.000000,-0.070000,0.030000,-0.010000,0.000000,0.000000,0.000000,-0.000001,0.000000,-0.000000,0.000001
339746.000000,-0.100000,0.010000,0.030000,0.000000,0.000000,0.000000,-0.000252,0.000044,0.000050,0.000261
339760.000000,-0.110000,0.000000,-0.020000,0.000000,0.000000,0.000000,-0.000246,0.000003,-0.000039,0.000249
339775.000000,-0.100000,0.010000,0.050000,0.000000,0.000000,0.000000,-0.000178,0.000004,0.000090,0.000200
339790.000000,-0.080000,0.020000,-0.020000,0.000000,0.000000,0.000000,-0.000074,0.000036,-0.000033,0.000089
339805.000000,-0.100000,0.010000,-0.010000,0.000000,0.000000,0.000000,-0.000076,0.000021,-0.000081,0.000113
339820.000000,-0.100000,0.000000,-0.010000,0.000000,0.000000,0.000000,-0.000082,-0.000022,-0.000092,0.000125
339834.000000,-0.090000,0.010000,0.000000,0.000000,0.000000,0.000000,-0.000050,-0.000013,-0.000058,0.000078
339851.000000,-0.090000,0.010000,0.000000,0.000000,0.000000,0.000000,-0.000024,-0.000003,-0.000031,0.000040
339868.000000,-0.080000,0.000000,0.020000,0.000000,0.000000,0.000000,0.000021,-0.000031,0.000049,0.000062
339882.000000,-0.110000,0.000000,0.000000,0.000000,0.000000,0.000000,-0.000056,-0.000047,0.000025,0.000077
339899.000000,-0.090000,0.020000,0.000000,0.000000,0.000000,0.000000,-0.000037,0.000017,-0.000001,0.000041
339913.000000,-0.080000,0.000000,0.000000,0.000000,0.000000,0.000000,0.000016,-0.000013,-0.000012,0.000024
339930.000000,-0.090000,0.030000,-0.010000,0.000000,0.000000,0.000000,0.000013,0.000068,-0.000052,0.000087
339947.000000,-0.120000,0.010000,-0.020000,0.000000,0.000000,0.000000,-0.000101,0.000045,-0.000107,0.000153
339961.000000,-0.110000,0.020000,-0.020000,0.000000,0.000000,0.000000,-0.000131,0.000059,-0.000135,0.000197
339978.000000,-0.110000,0.020000,0.000000,0.000000,0.000000,0.000000,-0.000134,0.000068,-0.000069,0.000165
339992.000000,-0.090000,0.010000,0.000000,0.000000,0.000000,0.000000,-0.000062,0.000036,-0.000029,0.000078
340009.000000,-0.090000,0.000000,0.010000,0.000000,0.000000,0.000000,-0.000010,-0.000024,0.000030,0.000040
340023.000000,-0.090000,0.020000,0.020000,0.000000,0.000000,0.000000,0.000011,0.000015,0.000094,0.000096
340039.000000,-0.080000,0.010000,-0.100000,0.000000,0.000000,0.000000,0.000057,0.000010,-0.000308,0.000314
340053.000000,-0.070000,0.010000,0.040000,0.000000,0.000000,0.000000,0.000117,0.000003,-0.000057,0.000131
340070.000000,-0.100000,0.020000,0.000000,0.000000,0.000000,0.000000,0.000037,0.000035,0.000009,0.000052
340082.000000,-0.090000,0.010000,0.000000,0.000000,0.000000,0.000000,0.000022,0.000020,0.000020,0.000036
340098.000000,-0.070000,0.030000,-0.040000,0.000000,0.000000,0.000000,0.000092,0.000079,-0.000128,0.000176
340112.000000,-0.090000,0.010000,0.040000,0.000000,0.000000,0.000000,0.000062,0.000044,0.000070,0.000103
340129.000000,-0.090000,0.000000,0.000000,0.000000,0.000000,0.000000,0.000032,-0.000025,0.000068,0.000079
340143.000000,-0.100000,0.000000,-0.010000,0.000000,0.000000,0.000000,-0.000017,-0.000061,0.000011,0.000064
340161.000000,-0.090000,0.010000,-0.010000,0.000000,0.000000,0.000000,-0.000010,-0.000039,-0.000030,0.000050
340178.000000,-0.110000,0.030000,0.020000,0.000000,0.000000,0.000000,-0.000073,0.000052,0.000064,0.000110
340192.000000,-0.090000,0.010000,-0.040000,0.000000,0.000000,0.000000,-0.000041,0.000032,-0.000090,0.000104
340209.000000,-0.080000,0.020000,-0.040000,0.000000,0.000000,0.000000,0.000026,0.000046,-0.000203,0.000210
340223.000000,-0.110000,0.010000,0.000000,0.000000,0.000000,0.000000,-0.000045,0.000021,-0.000110,0.000121
340250.000000,-0.120000,0.020000,0.000000,0.000000,0.000000,0.000000,-0.000121,0.000033,-0.000016,0.000127
340265.000000,-0.090000,0.030000,0.000000,0.000000,0.000000,0.000000,-0.000065,0.000083,0.000011,0.000105
340280.000000,-0.080000,0.010000,0.020000,0.000000,0.000000,0.000000,0.000017,0.000043,0.000097,0.000107
340296.000000,-0.110000,-0.010000,-0.020000,0.000000,0.000000,0.000000,-0.000047,-0.000065,-0.000001,0.000080
340310.000000,-0.080000,-0.020000,0.000000,0.000000,0.000000,0.000000,0.000014,-0.000163,0.000004,0.000163
340327.000000,-0.110000,0.030000,-0.010000,0.000000,0.000000,0.000000,-0.000051,-0.000024,-0.000021,0.000060
340341.000000,-0.100000,0.000000,0.000000,0.000000,0.000000,0.000000,-0.000059,-0.000042,-0.000000,0.000073
340358.000000,-0.110000,0.030000,-0.010000,0.000000,0.000000,0.000000,-0.000094,0.000047,-0.000021,0.000107
340372.000000,-0.100000,0.030000,-0.020000,0.000000,0.000000,0.000000,-0.000079,0.000100,-0.000072,0.000146
340386.000000,-0.090000,0.000000,0.000000,0.000000,0.000000,0.000000,-0.000029,0.000019,-0.000031,0.000046
340400.000000,-0.090000,0.030000,-0.020000,0.000000,0.000000,0.000000,0.000004,0.000068,-0.000070,0.000098
340417.000000,-0.090000,0.010000,0.000000,0.000000,0.000000,0.000000,0.000021,0.000032,-0.000023,0.000045
340431.000000,-0.100000,0.020000,-0.010000,0.000000,0.000000,0.000000,-0.000009,0.000042,-0.000028,0.000052
340448.000000,-0.080000,0.000000,0.000000,0.000000,0.000000,0.000000,0.000044,-0.000024,0.000002,0.000050
340462.000000,-0.110000,0.020000,0.000000,0.000000,0.000000,0.000000,-0.000029,0.000009,0.000021,0.000037
340480.000000,-0.100000,0.000000,0.000000,0.000000,0.000000,0.000000,-0.000046,-0.000039,0.000030,0.000067
340497.000000,-0.080000,0.030000,-0.020000,0.000000,0.000000,0.000000,0.000026,0.000042,-0.000042,0.000065
340511.000000,-0.080000,0.000000,0.000000,0.000000,0.000000,0.000000,0.000071,-0.000013,-0.000013,0.000074
340528.000000,-0.100000,0.010000,-0.030000,0.000000,0.000000,0.000000,0.000018,-0.000022,-0.000099,0.000103
340542.000000,-0.080000,0.020000,0.010000,0.000000,0.000000,0.000000,0.000054,0.000015,-0.000009,0.000057
340559.000000,-0.090000,0.010000,-0.010000,0.000000,0.000000,0.000000,0.000045,0.000004,-0.000013,0.000047
340573.000000,-0.080000,0.000000,0.020000,0.000000,0.000000,0.000000,0.000072,-0.000043,0.000082,0.000118
340588.000000,-0.090000,0.020000,-0.010000,0.000000,0.000000,0.000000,0.000054,0.000000,0.000037,0.000066
340602.000000,-0.080000,0.020000,0.000000,0.000000,0.000000,0.000000,0.000076,0.000033,0.000033,0.000089
340619.000000,-0.100000,0.020000,0.000000,0.000000,0.000000,0.000000,0.000014,0.000050,0.000034,0.000062
340633.000000,-0.090000,0.000000,0.000000,0.000000,0.000000,0.000000,0.000012,-0.000015,0.000035,0.000040
340649.000000,-0.110000,0.010000,0.000000,0.000000,0.000000,0.000000,-0.000059,-0.000024,0.000035,0.000073
340664.000000,-0.100000,0.020000,0.010000,0.000000,0.000000,0.000000,-0.000066,0.000014,0.000072,0.000098
340680.000000,-0.070000,0.030000,0.000000,0.000000,0.000000,0.000000,0.000051,0.000078,0.000057,0.000109
340697.000000,-0.080000,0.020000,0.000000,0.000000,0.000000,0.000000,0.000086,0.000074,0.000043,0.000121
340711.000000,-0.110000,0.010000,-0.030000,0.000000,0.000000,0.000000,-0.000011,0.000031,-0.000072,0.000079
340728.000000,-0.100000,0.010000,0.000000,0.000000,0.000000,0.000000,-0.000045,0.000000,-0.000035,0.000057
340742.000000,-0.080000,0.000000,0.010000,0.000000,0.000000,0.000000,0.000018,-0.000049,0.000035,0.000063
340759.000000,-0.100000,0.020000,0.000000,0.000000,0.000000,0.000000,-0.000011,-0.000003,0.000041,0.000043
340774.000000,-0.100000,0.010000,-0.010000,0.000000,0.000000,0.000000,-0.000035,-0.000007,0.000001,0.000036
340789.000000,-0.090000,0.030000,0.000000,0.000000,0.000000,0.000000,-0.000011,0.000060,0.000011,0.000062
340803.000000,-0.100000,0.000000,-0.040000,0.000000,0.000000,0.000000,-0.000030,-0.000006,-0.000126,0.000129
340819.000000,-0.090000,0.010000,0.000000,0.000000,0.000000,0.000000,-0.000007,-0.000022,-0.000066,0.000070
340833.000000,-0.110000,0.020000,-0.030000,0.000000,0.000000,0.000000,-0.000063,0.000013,-0.000125,0.000141
340849.000000,-0.080000,0.020000,-0.010000,0.000000,0.000000,0.000000,0.000010,0.000038,-0.000093,0.000101
340861.000000,-0.100000,0.030000,0.000000,0.000000,0.000000,0.000000,-0.000011,0.000084,-0.000035,0.000092
340877.000000,-0.100000,0.000000,0.000000,0.000000,0.000000,0.000000,-0.000035,0.000001,0.000008,0.000036
340891.000000,-0.110000,0.020000,-0.020000,0.000000,0.000000,0.000000,-0.000083,0.000018,-0.000046,0.000097
340908.000000,-0.090000,0.000000,0.000000,0.000000,0.000000,0.000000,-0.000035,-0.000039,-0.000011,0.000053
340922.000000,-0.100000,0.000000,-0.020000,0.000000,0.000000,0.000000,-0.000039,-0.000074,-0.000057,0.000101
340936.000000,-0.110000,0.020000,0.020000,0.000000,0.000000,0.000000,-0.000083,-0.000019,0.000056,0.000102
340950.000000,-0.100000,0.030000,-0.010000,0.000000,0.000000,0.000000,-0.000075,0.000059,0.000026,0.000098
340967.000000,-0.110000,0.030000,0.020000,0.000000,0.000000,0.000000,-0.000098,0.000104,0.000105,0.000177
340981.000000,-0.100000,0.030000,0.000000,0.000000,0.000000,0.000000,-0.000078,0.000123,0.000083,0.000168
340998.000000,-0.120000,0.000000,0.010000,0.000000,0.000000,0.000000,-0.000135,0.000014,0.000096,0.000166
341012.000000,-0.110000,0.060000,0.050000,0.000000,0.000000,0.000000,-0.000136,0.000167,0.000252,0.000331
341029.000000,-0.110000,0.030000,0.110000,0.000000,0.000000,0.000000,-0.000127,0.000165,0.000580,0.000616
341043.000000,-0.060000,0.000000,-0.110000,0.000000,0.000000,0.000000,0.000058,0.000040,-0.000035,0.000079
341059.000000,-0.110000,0.030000,0.040000,0.000000,0.000000,0.000000,-0.000004,0.000066,0.000070,0.000097
341073.000000,-0.110000,0.000000,0.050000,0.000000,0.000000,0.000000,-0.000062,-0.000014,0.000240,0.000249
341089.000000,-0.130000,0.000000,0.010000,0.000000,0.000000,0.000000,-0.000171,-0.000071,0.000191,0.000266
341103.000000,-0.110000,0.020000,-0.010000,0.000000,0.000000,0.000000,-0.000158,-0.000025,0.000070,0.000175
341119.000000,-0.090000,0.000000,-0.040000,0.000000,0.000000,0.000000,-0.000059,-0.000062,-0.000124,0.000151
341133.000000,-0.100000,0.030000,-0.010000,0.000000,0.000000,0.000000,-0.000037,0.000020,-0.000120,0.000127
341149.000000,-0.100000,0.000000,-0.010000,0.000000,0.000000,0.000000,-0.000031,-0.000034,-0.000095,0.000105
341163.000000,-0.090000,0.020000,-0.030000,0.000000,0.000000,0.000000,0.000007,-0.000003,-0.000153,0.000154
341182.000000,-0.080000,0.020000,-0.010000,0.000000,0.000000,0.000000,0.000070,0.000025,-0.000110,0.000133
341200.000000,-0.100000,0.030000,-0.020000,0.000000,0.000000,0.000000,0.000026,0.000074,-0.000116,0.000140
341332.000000,-0.100000,0.030000,0.030000,0.000000,0.000000,0.000000,-0.000001,0.000101,0.000042,0.000110
341371.000000,-0.110000,0.010000,0.000000,0.000000,0.000000,0.000000,-0.000043,0.000016,0.000035,0.000058
341383.000000,-0.100000,0.030000,0.040000,0.000000,0.000000,0.000000,-0.000042,0.000056,0.000158,0.000173
341397.000000,-0.100000,0.030000,-0.030000,0.000000,0.000000,0.000000,-0.000038,0.000096,0.000007,0.000103
341411.000000,-0.090000,0.020000,0.000000,0.000000,0.000000,0.000000,0.000003,0.000077,-0.000005,0.000077
341428.000000,-0.080000,0.000000,0.020000,0.000000,0.000000,0.000000,0.000069,-0.000020,0.000081,0.000109
341442.000000,-0.110000,0.020000,0.000000,0.000000,0.000000,0.000000,-0.000005,-0.000002,0.000061,0.000061
341459.000000,-0.100000,0.010000,-0.010000,0.000000,0.000000,0.000000,-0.000025,-0.000018,-0.000002,0.000031
341473.000000,-0.090000,0.020000,-0.030000,0.000000,0.000000,0.000000,0.000007,0.000007,-0.000109,0.000109
341490.000000,-0.070000,0.020000,0.030000,0.000000,0.000000,0.000000,0.000108,0.000025,0.000054,0.000123
341507.000000,-0.110000,0.010000,0.000000,0.000000,0.000000,0.000000,0.000013,-0.000004,0.000051,0.000052
341521.000000,-0.100000,0.020000,0.000000,0.000000,0.000000,0.000000,-0.000016,0.000013,0.000035,0.000041
341533.000000,-0.080000,0.010000,-0.010000,0.000000,0.000000,0.000000,0.000044,-0.000008,-0.000009,0.000046
341549.000000,-0.110000,0.010000,-0.040000,0.000000,0.000000,0.000000,-0.000022,-0.000027,-0.000158,0.000162
341563.000000,-0.110000,0.020000,0.000000,0.000000,0.000000,0.000000,-0.000070,0.000002,-0.000094,0.000117
341578.000000,-0.090000,0.000000,0.020000,0.000000,0.000000,0.000000,-0.000020,-0.000052,0.000040,0.000069
341592.000000,-0.080000,0.010000,0.000000,0.000000,0.000000,0.000000,0.000054,-0.000053,0.000045,0.000088
341607.000000,-0.090000,0.030000,-0.020000,0.000000,0.000000,0.000000,0.000061,0.000028,-0.000041,0.000079
341621.000000,-0.100000,0.030000,-0.030000,0.000000,0.000000,0.000000,0.000020,0.000080,-0.000134,0.000158
341635.000000,-0.080000,0.000000,0.010000,0.000000,0.000000,0.000000,0.000066,-0.000004,-0.000039,0.000077
341649.000000,-0.100000,0.020000,-0.020000,0.000000,0.000000,0.000000,0.000027,0.000007,-0.000075,0.000080
341663.000000,-0.110000,0.010000,-0.010000,0.000000,0.000000,0.000000,-0.000042,-0.000014,-0.000073,0.000085
341679.000000,-0.110000,0.020000,0.000000,0.000000,0.000000,0.000000,-0.000084,0.000010,-0.000027,0.000088
341695.000000,-0.090000,0.010000,0.000000,0.000000,0.000000,0.000000,-0.000026,-0.000011,0.000002,0.000028
341709.000000,-0.090000,0.020000,-0.020000,0.000000,0.000000,0.000000,0.000014,0.000010,-0.000058,0.000060
341723.000000,-0.090000,0.040000,0.000000,0.000000,0.000000,0.000000,0.000035,0.000101,-0.000028,0.000110
341739.000000,-0.080000,0.030000,-0.030000,0.000000,0.000000,0.000000,0.000082,0.000120,-0.000113,0.000184
341753.000000,-0.080000,0.020000,-0.010000,0.000000,0.000000,0.000000,0.000108,0.000086,-0.000095,0.000168
341769.000000,-0.090000,0.010000,0.020000,0.000000,0.000000,0.000000,0.000082,0.000020,0.000041,0.000094
341783.000000,-0.110000,0.000000,0.000000,0.000000,0.000000,0.000000,-0.000010,-0.000052,0.000050,0.000073
341799.000000,-0.080000,0.020000,0.010000,0.000000,0.000000,0.000000,0.000043,-0.000019,0.000079,0.000091
341814.000000,-0.110000,0.010000,-0.010000,0.000000,0.000000,0.000000,-0.000026,-0.000028,0.000021,0.000043
341829.000000,-0.110000,0.010000,0.000000,0.000000,0.000000,0.000000,-0.000076,-0.000036,0.000017,0.000086
341844.000000,-0.090000,0.000000,-0.080000,0.000000,0.000000,0.000000,-0.000026,-0.000078,-0.000277,0.000289
341859.000000,-0.080000,0.030000,0.000000,0.000000,0.000000,0.000000,0.000050,0.000008,-0.000168,0.000176
341874.000000,-0.130000,0.010000,-0.050000,0.000000,0.000000,0.000000,-0.000094,-0.000006,-0.000251,0.000268
341889.000000,-0.090000,0.000000,0.040000,0.000000,0.000000,0.000000,-0.000045,-0.000062,0.000021,0.000079
341904.000000,-0.080000,0.030000,-0.040000,0.000000,0.000000,0.000000,0.000040,0.000016,-0.000091,0.000101
341919.000000,-0.090000,0.000000,0.010000,0.000000,0.000000,0.000000,0.000052,-0.000039,-0.000006,0.000066
341933.000000,-0.110000,0.000000,0.030000,0.000000,0.000000,0.000000,-0.000022,-0.000083,0.000134,0.000159
341949.000000,-0.100000,0.000000,0.000000,0.000000,0.000000,0.000000,-0.000037,-0.000106,0.000105,0.000153
341964.000000,-0.100000,-0.010000,0.000000,0.000000,0.000000,0.000000,-0.000037,-0.000151,0.000070,0.000171
341979.000000,-0.090000,0.000000,-0.010000,0.000000,0.000000,0.000000,0.000001,-0.000141,0.000013,0.000142
341995.000000,-0.070000,0.020000,-0.010000,0.000000,0.000000,0.000000,0.000102,-0.000051,-0.000021,0.000116
342009.000000,-0.100000,0.020000,-0.010000,0.000000,0.000000,0.000000,0.000051,0.000002,-0.000036,0.000063
342024.000000,-0.110000,0.000000,0.000000,0.000000,0.000000,0.000000,-0.000032,-0.000045,-0.000005,0.000055
342039.000000,-0.080000,0.030000,0.010000,0.000000,0.000000,0.000000,0.000032,0.000031,0.000054,0.000070
342053.000000,-0.080000,0.040000,-0.020000,0.000000,0.000000,0.000000,0.000082,0.000121,-0.000021,0.000148
342067.000000,-0.110000,0.010000,0.050000,0.000000,0.000000,0.000000,-0.000003,0.000063,0.000181,0.000191
342081.000000,-0.080000,0.020000,-0.010000,0.000000,0.000000,0.000000,0.000046,0.000050,0.000102,0.000123
342098.000000,-0.100000,0.010000,-0.010000,0.000000,0.000000,0.000000,0.000011,0.000007,0.000019,0.000023
342110.000000,-0.090000,0.010000,0.000000,0.000000,0.000000,0.000000,0.000021,-0.000014,0.000016,0.000031
342126.000000,-0.100000,0.020000,-0.020000,0.000000,0.000000,0.000000,-0.000006,0.000011,-0.000054,0.000056
342140.000000,-0.090000,0.000000,0.000000,0.000000,0.000000,0.000000,0.000013,-0.000044,-0.000024,0.000052
342157.000000,-0.100000,0.030000,-0.030000,0.000000,0.000000,0.000000,-0.000009,0.000031,-0.000108,0.000113
342171.000000,-0.090000,0.030000,0.000000,0.000000,0.000000,0.000000,0.000012,0.000081,-0.000054,0.000098
342185.000000,-0.110000,0.010000,0.000000,0.000000,0.000000,0.000000,-0.000046,0.000035,-0.000009,0.000058
342200.000000,-0.100000,0.020000,-0.010000,0.000000,0.000000,0.000000,-0.000050,0.000034,-0.000022,0.000064
342387.000000,-0.100000,0.000000,-0.010000,0.000000,0.000000,0.000000,-0.000045,-0.000035,-0.000035,0.000067
342570.000000,-0.110000,0.010000,-0.100000,0.000000,0.000000,0.000000,-0.000078,-0.000045,-0.000361,0.000372
342932.000000,-0.080000,0.030000,-0.020000,0.000000,0.000000,0.000000,0.000005,0.000028,-0.000314,0.000315
343708.000000,-0.120000,0.000000,0.010000,0.000000,0.000000,0.000000,-0.000081,-0.000033,-0.000087,0.000123
343734.000000,-0.110000,0.020000,0.000000,0.000000,0.000000,0.000000,-0.000088,0.000002,0.000006,0.000088
343747.000000,-0.090000,0.010000,-0.020000,0.000000,0.000000,0.000000,-0.000033,-0.000012,-0.000039,0.000053
343759.000000,-0.080000,0.000000,0.010000,0.000000,0.000000,0.000000,0.000043,-0.000060,0.000026,0.000079
343776.000000,-0.100000,0.010000,0.000000,0.000000,0.000000,0.000000,0.000017,-0.000054,0.000045,0.000072
343790.000000,-0.110000,0.010000,0.000000,0.000000,0.000000,0.000000,-0.000044,-0.000045,0.000047,0.000079
343807.000000,-0.110000,0.010000,-0.010000,0.000000,0.000000,0.000000,-0.000083,-0.000038,0.000007,0.000091
343821.000000,-0.090000,0.000000,0.000000,0.000000,0.000000,0.000000,-0.000027,-0.000072,0.000021,0.000079
343835.000000,-0.110000,0.020000,0.010000,0.000000,0.000000,0.000000,-0.000060,-0.000022,0.000070,0.000095
343848.000000,-0.090000,0.020000,-0.010000,0.000000,0.000000,0.000000,-0.000015,0.000015,0.000029,0.000036
343861.000000,-0.090000,0.000000,0.010000,0.000000,0.000000,0.000000,0.000021,-0.000038,0.000068,0.000081
343877.000000,-0.070000,0.020000,0.000000,0.000000,0.000000,0.000000,0.000116,-0.000003,0.000060,0.000131
343891.000000,-0.110000,0.000000,0.040000,0.000000,0.000000,0.000000,0.000024,-0.000049,0.000198,0.000205
343908.000000,-0.080000,0.010000,-0.010000,0.000000,0.000000,0.000000,0.000063,-0.000045,0.000097,0.000124
343922.000000,-0.100000,0.010000,0.000000,0.000000,0.000000,0.000000,0.000024,-0.000038,0.000061,0.000076
343938.000000,-0.100000,0.000000,0.000000,0.000000,0.000000,0.000000,-0.000007,-0.000071,0.000045,0.000084
343951.000000,-0.110000,0.000000,0.000000,0.000000,0.000000,0.000000,-0.000057,-0.000092,0.000039,0.000115
343968.000000,-0.090000,0.030000,0.010000,0.000000,0.000000,0.000000,-0.000013,0.000014,0.000074,0.000076
343982.000000,1.100000,1.140000,0.090000,0.429427,0.445043,0.000000,0.011714,0.011090,0.000386,0.016135
343998.000000,1.510000,-2.180000,-0.350000,0.851270,-0.579743,-0.136636,0.033722,-0.009677,-0.001073,0.035100
344014.000000,1.660000,-1.290000,0.210000,1.166989,-0.857019,-0.083295,0.059993,-0.030504,0.000095,0.067303
344028.000000,-1.510000,1.490000,-0.210000,0.121924,0.059230,-0.050778,0.053033,-0.021499,-0.000580,0.057228
344043.000000,0.130000,0.350000,0.100000,0.074326,0.172743,-0.030955,0.053169,-0.015069,0.000004,0.055263
344058.000000,-0.440000,0.000000,0.380000,-0.126461,0.105306,0.129477,0.049599,-0.013279,0.001509,0.051368
344074.000000,0.310000,1.380000,1.280000,0.043928,0.602932,0.578628,0.053005,0.002601,0.017222,0.055793
344087.000000,-1.480000,-0.590000,-0.530000,-0.550995,0.137225,0.145833,0.041242,0.000983,0.016259,0.044342
344101.000000,-0.470000,1.010000,0.150000,-0.519376,0.477946,0.088901,0.033777,0.010228,0.017450,0.039370
344117.000000,-1.290000,2.780000,0.040000,-0.820218,1.376641,0.054195,0.017846,0.044385,0.018343,0.051234
344131.000000,-1.560000,-0.230000,0.060000,-1.109020,0.749427,0.033038,-0.000683,0.050967,0.019198,0.054467
344145.000000,2.610000,-0.550000,0.000000,0.342841,0.242146,0.020140,0.020278,0.047422,0.002212,0.051623
344157.000000,-1.240000,0.990000,-0.070000,-0.275081,0.534099,0.012278,0.016060,0.054715,0.000565,0.057026
344169.000000,-0.410000,0.420000,-0.270000,-0.327752,0.489556,0.007485,0.012157,0.060319,-0.000872,0.061538
344181.000000,-0.170000,1.130000,0.000000,-0.266167,0.739578,0.004563,0.010365,0.071381,-0.000768,0.072134
344256.000000,24.559999,7.270000,-0.510000,9.425675,3.288978,-0.196316,0.251368,0.146369,-0.006221,0.290944
344268.000000,-1.120000,-1.620000,0.670000,5.308768,1.372571,0.141883,0.304739,0.151932,-0.002116,0.340520
344282.000000,0.580000,-0.270000,-1.130000,3.462713,0.731330,-0.354645,0.330045,0.151103,-0.011893,0.363185
344296.000000,-1.720000,-0.520000,0.990000,1.439443,0.242826,0.170289,0.321722,0.145629,-0.005265,0.353186
344310.000000,-1.860000,0.500000,1.340000,0.151379,0.343224,0.626930,0.301939,0.148756,0.009715,0.336734
344327.000000,-1.280000,-1.890000,-0.200000,-0.407414,-0.528601,0.382184,0.280644,0.127247,0.012622,0.308402
344341.000000,-1.190000,-0.620000,-0.260000,-0.712927,-0.564282,0.232984,0.264662,0.115727,0.010651,0.289054
344360.000000,2.930000,1.410000,-4.840000,0.709229,0.206455,-1.747449,0.298402,0.129613,-0.054713,0.329905
344377.000000,0.340000,-0.510000,-4.620000,0.565086,-0.073241,-2.868859,0.312648,0.127114,-0.127407,0.360748
344391.000000,0.260000,-0.570000,-4.270000,0.445984,-0.267170,-3.415848,0.319657,0.120780,-0.187353,0.389705
344407.000000,-0.260000,1.020000,-4.340000,0.170376,0.235326,-3.776626,0.320225,0.129884,-0.256675,0.430460
344419.000000,-1.000000,-1.300000,-3.890000,-0.286525,-0.364047,-3.820886,0.312760,0.120901,-0.305068,0.453324
344431.000000,-1.810000,-4.190000,-3.290000,-0.881272,-1.857654,-3.613634,0.296123,0.082899,-0.347343,0.463905
344444.000000,-4.810000,-8.330000,-1.590000,-2.415001,-4.384381,-2.823631,0.247820,-0.005375,-0.375681,0.450089
344456.000000,-4.850000,-8.020000,-1.570000,-3.365596,-5.803684,-2.334228,0.194510,-0.097300,-0.396837,0.452528
344468.000000,-4.620000,-8.640000,-2.020000,-3.855300,-6.910949,-2.211557,0.140517,-0.197565,-0.420272,0.485186
344482.000000,-3.750000,-8.510000,-3.050000,-3.814192,-7.535199,-2.538875,0.085811,-0.316185,-0.458505,0.563528
344496.000000,-4.610000,-9.040000,-1.660000,-4.124866,-8.122656,-2.195773,0.025162,-0.440493,-0.486383,0.656686
344510.000000,-4.340000,-9.630000,-1.030000,-4.208852,-8.711105,-1.740669,-0.034622,-0.572290,-0.504981,0.764016
344527.000000,-6.260000,-8.280000,1.910000,-5.009596,-8.542807,-0.315491,-0.129752,-0.718991,-0.489198,0.879260
344541.000000,-6.290000,-8.200000,2.200000,-5.509451,-8.408979,0.666527,-0.213955,-0.835725,-0.463879,0.979488
344557.000000,-4.140000,-8.080000,2.980000,-4.974833,-8.280549,1.569680,-0.288116,-0.966392,-0.421982,1.093158
344571.000000,-3.730000,-7.510000,3.720000,-4.488865,-7.979736,2.409139,-0.343196,-1.074421,-0.374669,1.188503
344585.000000,-4.610000,-5.720000,5.030000,-4.536155,-7.097562,3.432293,-0.403956,-1.163015,-0.311321,1.269923
344597.000000,-3.730000,-3.640000,5.850000,-4.221441,-5.747770,4.376137,-0.450105,-1.216484,-0.246012,1.320208
344610.000000,-3.830000,-3.430000,5.680000,-4.068627,-4.842940,4.885150,-0.499082,-1.265195,-0.173229,1.371061
344627.000000,-3.160000,-1.180000,3.610000,-3.713910,-3.412972,4.387346,-0.554757,-1.298504,-0.101888,1.415715
344641.000000,-2.580000,0.350000,2.800000,-3.271245,-1.943952,3.767665,-0.592854,-1.303434,-0.056962,1.433060
344658.000000,-0.200000,3.270000,1.440000,-2.072267,0.091513,2.858972,-0.607969,-1.266474,-0.023631,1.405041
344675.000000,2.160000,4.710000,1.910000,-0.420040,1.894516,2.488505,-0.585656,-1.199495,0.008927,1.334864
344689.000000,2.080000,5.000000,1.950000,0.555946,3.106860,2.278279,-0.558817,-1.134077,0.035940,1.264793
344706.000000,0.270000,4.750000,2.090000,0.444316,3.748323,2.204777,-0.544684,-1.053879,0.070481,1.188407
344720.000000,-0.530000,5.860000,2.330000,0.063955,4.572697,2.253662,-0.545445,-0.976768,0.101708,1.123357
344734.000000,-0.360000,7.430000,2.410000,-0.101552,5.688154,2.314695,-0.548259,-0.880950,0.134554,1.046311
344748.000000,1.480000,7.560000,1.180000,0.515867,6.418901,1.871723,-0.533658,-0.778247,0.155831,0.956422
344767.000000,1.810000,6.470000,0.120000,1.021081,6.438849,1.141025,-0.502362,-0.650557,0.165900,0.838520
344781.000000,1.250000,6.330000,-0.500000,1.110448,6.396356,0.500388,-0.482253,-0.560427,0.163085,0.757128
344795.000000,-1.000000,2.320000,-3.180000,0.286554,4.804994,-0.936392,-0.485078,-0.510782,0.130936,0.716480
344809.000000,-2.000000,1.220000,-3.380000,-0.606090,3.405455,-1.890348,-0.504584,-0.484063,0.088027,0.704748
344826.000000,-1.490000,2.680000,-3.280000,-0.951158,3.122246,-2.432852,-0.528277,-0.442595,0.033193,0.689978
344840.000000,1.210000,0.310000,0.120000,-0.107467,2.024378,-1.483095,-0.521331,-0.429442,0.020682,0.675747
344857.000000,2.270000,9.600000,-2.280000,0.820668,4.981812,-1.794197,-0.490645,-0.310568,-0.011179,0.580784
344869.000000,1.360000,9.000000,-1.180000,1.031217,6.550465,-1.554422,-0.471915,-0.209906,-0.027958,0.517249
344882.000000,1.110000,10.640000,-1.210000,1.061973,8.146971,-1.419964,-0.454853,-0.080488,-0.044553,0.464063
344896.000000,-1.050000,8.150000,-1.520000,0.237484,8.148154,-1.459017,-0.458689,0.041064,-0.064950,0.465081
344910.000000,-1.670000,6.270000,-1.750000,-0.507175,7.414945,-1.572613,-0.475264,0.138846,-0.088360,0.502953
344927.000000,-3.490000,3.510000,-1.820000,-1.671635,5.890500,-1.669190,-0.521689,0.216078,-0.118716,0.577012
344941.000000,-3.630000,2.720000,-1.170000,-2.436158,4.652774,-1.474312,-0.567792,0.261685,-0.137823,0.640204
344957.000000,-3.260000,3.650000,0.190000,-2.757776,4.261303,-0.898758,-0.619034,0.318053,-0.142406,0.710380
344972.000000,-3.220000,3.930000,0.800000,-2.938223,4.131966,-0.235583,-0.666247,0.375032,-0.135445,0.776453
344984.000000,-4.250000,2.040000,1.350000,-3.450325,3.315287,0.383410,-0.712471,0.405732,-0.122555,0.829007
344998.000000,-4.770000,-1.050000,0.890000,-3.965511,1.611131,0.581177,-0.774454,0.406056,-0.109462,0.881273
345015.000000,-3.540000,-3.060000,-0.020000,-3.799396,-0.212424,0.354292,-0.838016,0.369603,-0.105101,0.921913
345029.000000,-3.380000,-2.550000,0.390000,-3.635669,-1.124986,0.368232,-0.885901,0.335477,-0.100342,0.952594
345043.000000,-3.080000,-1.850000,1.070000,-3.418742,-1.408023,0.642194,-0.929510,0.306979,-0.088569,0.982888
345057.000000,-1.590000,0.000000,1.870000,-2.704823,-0.858347,1.121515,-0.957232,0.298300,-0.066851,1.004861
345073.000000,1.990000,-0.550000,-1.120000,-0.872019,-0.737972,0.246454,-0.943373,0.289016,-0.072109,0.989284
345087.000000,5.550000,-1.880000,-0.800000,1.635061,-1.183806,-0.162069,-0.884404,0.268025,-0.081470,0.927709
345101.000000,-3.910000,0.320000,-0.320000,-0.529665,-0.596738,-0.223724,-0.904089,0.264733,-0.087555,0.946111
345117.000000,-2.820000,2.150000,0.340000,-1.423785,0.475556,-0.003653,-0.941346,0.287536,-0.085994,0.988031
345130.000000,-0.540000,0.330000,-0.300000,-1.078766,0.418733,-0.119343,-0.954467,0.295977,-0.088473,1.003214
345143.000000,-0.290000,0.220000,-0.160000,-0.770841,0.341150,-0.072753,-0.960168,0.300390,-0.090804,1.010150
345157.000000,-0.230000,0.340000,0.220000,-0.559703,0.340701,-0.044351,-0.963322,0.305018,-0.089541,1.014418
345171.000000,0.030000,0.020000,-0.160000,-0.341202,0.207695,-0.027037,-0.963033,0.306473,-0.000524,1.010623
345185.000000,-0.140000,0.100000,0.150000,-0.208000,0.126614,-0.016482,-0.963376,0.307759,0.000439,1.011341
345199.000000,-0.190000,0.130000,0.170000,-0.200973,0.077185,-0.010048,-0.964400,0.309289,0.001173,1.012782
345216.000000,-0.150000,0.170000,-0.050000,-0.181074,0.113419,-0.006125,-0.965414,0.311712,0.000680,1.014490
345228.000000,-0.190000,0.110000,0.180000,-0.184559,0.069142,-0.003734,-0.966418,0.313037,0.001143,1.015853
345240.000000,-0.110000,0.050000,0.130000,-0.112509,0.042149,-0.002276,-0.966836,0.313744,0.001381,1.016469
345257.000000,-0.130000,0.070000,0.040000,-0.068587,0.025695,-0.001388,-0.967417,0.314719,0.001052,1.017322
345271.000000,-0.140000,0.100000,0.200000,-0.041811,0.015664,-0.000846,-0.967991,0.315810,0.001427,1.018207
345285.000000,-0.140000,0.080000,-0.070000,-0.025489,0.009549,-0.000516,-0.968594,0.001053,0.000727,0.968594
345299.000000,-0.140000,0.100000,0.030000,-0.015538,0.005821,-0.000314,-0.003155,-0.000203,0.000571,0.003212
345316.000000,-0.130000,0.070000,-0.010000,-0.009472,0.003549,-0.000192,0.001892,-0.000796,0.000364,0.002084
345330.000000,-0.170000,0.030000,-0.010000,-0.072140,0.002163,-0.000117,0.009504,-0.001162,0.000269,0.009579
345344.000000,-0.210000,0.020000,0.060000,-0.125959,0.001319,-0.000071,0.016616,-0.001401,0.000484,0.016682
345358.000000,0.010000,0.090000,-0.070000,-0.076786,0.000804,-0.000043,0.025733,-0.001247,0.000154,0.025764
345374.000000,-0.110000,0.090000,0.100000,-0.046810,0.000490,-0.000026,0.035497,-0.001071,0.000541,0.035517
345388.000000,-0.080000,0.080000,0.060000,-0.028536,0.000299,-0.000016,0.044162,-0.001027,0.000671,0.044179
345402.000000,-0.080000,0.110000,-0.070000,-0.017396,0.000182,-0.000010,0.052863,-0.000906,0.000241,0.052871
345417.000000,-0.110000,0.100000,0.060000,-0.010605,0.000111,-0.000006,0.006104,-0.000846,0.000414,0.006176
345431.000000,-0.130000,0.080000,0.010000,-0.006465,0.000068,-0.000004,0.004553,-0.000893,0.000388,0.004656
345445.000000,-0.110000,0.060000,0.020000,-0.003941,0.000041,-0.000002,0.004384,-0.001004,0.000389,0.004514
345459.000000,-0.130000,0.060000,0.030000,-0.002402,0.000025,-0.000001,0.004263,-0.001065,0.000426,0.004415
345477.000000,-0.080000,0.100000,-0.020000,-0.001465,0.000015,-0.000001,0.004104,-0.000872,0.000233,0.004202
345491.000000,-0.100000,0.130000,0.040000,-0.000893,0.000009,-0.000001,0.004093,-0.000680,0.000347,0.004164
345507.000000,-0.090000,0.100000,0.020000,-0.000544,0.000006,-0.000000,0.004077,-0.000666,0.000364,0.004147
345521.000000,-0.140000,0.040000,0.010000,-0.000332,0.000003,-0.000000,0.003901,-0.000900,0.000327,0.004017
345535.000000,-0.100000,0.060000,0.030000,-0.000202,0.000002,-0.000000,0.003939,-0.000989,0.000374,0.004079
345549.000000,-0.110000,0.060000,-0.040000,-0.000123,0.000001,-0.000000,0.003909,-0.001014,0.000147,0.004041
345566.000000,-0.100000,0.050000,0.040000,-0.000075,0.000001,-0.000000,0.003731,-0.001009,0.000282,0.003875
345580.000000,-0.110000,-0.080000,0.030000,-0.000046,0.000000,-0.000000,0.003671,-0.001496,0.000355,0.003980
345593.000000,0.010000,-0.070000,0.010000,-0.000028,0.000000,-0.000000,0.004136,-0.001809,0.000324,0.004526
345607.000000,-0.160000,0.000000,0.020000,-0.062479,0.000000,-0.000000,0.003788,-0.001694,0.000326,0.004162
345621.000000,-0.020000,-0.010000,-0.020000,-0.038088,0.000000,-0.000000,0.003960,-0.001590,0.000178,0.004271
345635.000000,-0.170000,-0.040000,0.040000,-0.089585,0.000000,-0.000000,0.003532,-0.001634,0.000300,0.003904
345649.000000,-0.070000,0.290000,0.000000,-0.054612,0.113213,-0.000000,0.003569,-0.001159,0.000248,0.003761
345666.000000,0.000000,0.320000,0.000000,-0.033292,0.193940,-0.000000,0.003740,0.000924,0.000186,0.003856
345681.000000,-0.010000,0.310000,0.030000,-0.020295,0.239248,-0.000000,0.003838,0.003055,0.000268,0.004913
345695.000000,-0.410000,-0.320000,-0.010000,-0.172431,0.020924,-0.000000,0.006563,-0.001048,0.000183,0.006649
345709.000000,-0.030000,0.150000,0.030000,-0.105116,0.071314,-0.000000,0.011851,-0.002372,0.000264,0.012089
345726.000000,-0.120000,0.050000,0.000000,-0.064080,0.043474,-0.000000,0.018134,-0.004158,0.000203,0.018606
345740.000000,-0.140000,-0.020000,0.000000,-0.039064,0.026502,-0.000000,0.023079,-0.006359,0.000162,0.023939
345757.000000,-0.120000,0.060000,0.000000,-0.023814,0.016156,-0.000000,0.029237,-0.000663,0.000134,0.029245
345771.000000,-0.140000,0.020000,-0.020000,-0.014517,0.009849,-0.000000,0.003656,-0.000817,0.000052,0.003746
345785.000000,-0.070000,0.150000,0.020000,-0.008850,0.064562,-0.000000,0.002994,-0.000495,0.000147,0.003038
345797.000000,-0.100000,0.040000,0.010000,-0.005395,0.039358,-0.000000,0.002981,-0.000645,0.000183,0.003055
345809.000000,-0.060000,0.100000,-0.020000,-0.003289,0.023993,-0.000000,0.003172,-0.000579,0.000092,0.003226
345827.000000,-0.090000,0.090000,0.050000,-0.002005,0.014626,-0.000000,0.002915,-0.000492,0.000278,0.002970
345841.000000,-0.120000,0.070000,0.020000,-0.001222,0.008916,-0.000000,0.002719,-0.000539,0.000290,0.002786
345857.000000,-0.060000,0.100000,-0.030000,-0.000745,0.005436,-0.000000,0.002797,-0.000459,0.000088,0.002836
345871.000000,-0.100000,0.080000,0.020000,-0.000454,0.003314,-0.000000,0.002734,-0.000480,0.000147,0.002779
345887.000000,-0.100000,0.060000,0.000000,-0.000277,0.002020,-0.000000,0.002620,-0.000568,0.000129,0.002684
345900.000000,-0.100000,0.050000,-0.010000,-0.000169,0.001231,-0.000000,0.002594,-0.000662,0.000078,0.002678
345917.000000,-0.090000,0.080000,0.010000,-0.000103,0.000751,-0.000000,0.002519,-0.000580,0.000115,0.002587
345929.000000,-0.120000,0.070000,-0.020000,-0.000063,0.000458,-0.000000,0.002433,-0.000572,0.000040,0.002499
345945.000000,-0.080000,0.060000,0.020000,-0.000038,0.000279,-0.000000,0.002483,-0.000602,0.000130,0.002558
345957.000000,-0.070000,0.110000,-0.020000,-0.000023,0.000170,-0.000000,0.002569,-0.000449,0.000053,0.002608
345971.000000,-0.110000,0.030000,0.000000,-0.000014,0.000104,-0.000000,0.002492,-0.000631,0.000060,0.002572
345985.000000,-0.070000,0.110000,0.000000,-0.000009,0.000063,-0.000000,0.002518,-0.000462,0.000073,0.002561
345999.000000,-0.080000,0.100000,-0.020000,-0.000005,0.000039,-0.000000,0.002492,-0.000362,0.000007,0.002518
346016.000000,-0.090000,0.040000,0.040000,-0.000003,0.000023,-0.000000,0.002314,-0.000524,0.000188,0.002380
346030.000000,-0.110000,0.060000,0.020000,-0.000002,0.000014,-0.000000,0.002189,-0.000567,0.000230,0.002273
346047.000000,-0.130000,0.020000,-0.040000,-0.000001,0.000009,-0.000000,0.001969,-0.000715,0.000007,0.002095
346061.000000,-0.120000,-0.080000,0.000000,-0.000001,0.000005,-0.000000,0.001925,-0.001172,0.000018,0.002253
346077.000000,-0.150000,-0.100000,0.010000,-0.058559,0.000003,-0.000000,0.001765,-0.001533,0.000084,0.002339
346091.000000,-0.070000,0.200000,0.040000,-0.035698,0.078080,-0.000000,0.001975,-0.000613,0.000234,0.002081
346108.000000,-0.040000,0.150000,0.000000,-0.021762,0.106156,-0.000000,0.002178,-0.000098,0.000171,0.002187
346125.000000,-0.120000,-0.010000,0.020000,-0.013266,0.064714,-0.000000,0.001938,-0.000494,0.000188,0.002008
346139.000000,-0.250000,-0.250000,0.050000,-0.105684,-0.058146,-0.000000,0.003686,-0.004479,0.000318,0.005809
346156.000000,-0.070000,0.160000,0.000000,-0.064426,0.027015,-0.000000,0.007418,-0.005456,0.000207,0.009211
346170.000000,-0.230000,-0.170000,0.000000,-0.129064,-0.049897,-0.000000,0.009321,-0.008541,0.000131,0.012643
346184.000000,0.010000,0.230000,0.010000,-0.078679,0.059371,-0.000000,0.013224,-0.008389,0.000127,0.015661
346201.000000,-0.160000,-0.080000,0.050000,-0.110426,0.036194,-0.000000,0.016670,-0.010716,0.000280,0.019819
346217.000000,-0.040000,0.040000,-0.030000,-0.067317,0.022064,-0.000000,0.020892,-0.001265,0.000072,0.020930
346257.000000,0.090000,0.240000,-0.060000,-0.041037,0.107144,-0.000000,0.035820,0.001393,-0.000152,0.035847
346269.000000,-0.180000,-0.100000,-0.010000,-0.095287,0.065316,-0.000000,0.001956,-0.000119,-0.000122,0.001964
346283.000000,0.080000,0.270000,0.010000,-0.058088,0.145222,-0.000000,0.002188,0.000935,-0.000008,0.002379
346297.000000,0.000000,0.150000,-0.010000,-0.035411,0.147087,-0.000000,0.002405,0.001659,-0.000005,0.002921
346309.000000,-0.020000,0.110000,-0.020000,-0.021587,0.089666,-0.000000,0.002428,0.001858,-0.000050,0.003057
346326.000000,-0.080000,0.060000,0.010000,-0.013160,0.054662,-0.000000,0.002052,0.001366,0.000032,0.002465
346340.000000,0.000000,0.210000,0.010000,-0.008022,0.115304,-0.000000,0.002141,0.002240,0.000085,0.003099
346356.000000,0.000000,0.130000,-0.020000,-0.004890,0.070291,-0.000000,0.002205,0.002781,-0.000000,0.003548
346370.000000,-0.090000,0.040000,-0.020000,-0.002981,0.042850,-0.000000,0.001916,0.002252,-0.000059,0.002957
346384.000000,-0.110000,0.030000,0.050000,-0.001817,0.026122,-0.000000,0.001643,0.001324,0.000169,0.002117
346398.000000,-0.100000,0.050000,-0.010000,-0.001108,0.015924,-0.000000,0.001511,0.000473,0.000106,0.001587
346416.000000,-0.100000,0.040000,0.000000,-0.000675,0.009708,-0.000000,0.001353,-0.000028,0.000067,0.001355
346430.000000,-0.030000,0.100000,0.010000,-0.000412,0.005918,-0.000000,0.001578,-0.000128,0.000091,0.001586
346444.000000,-0.060000,0.090000,-0.010000,-0.000251,0.003608,-0.000000,0.001651,-0.000151,0.000038,0.001659
346458.000000,-0.090000,0.080000,-0.020000,-0.000153,0.002199,-0.000000,0.001545,-0.000189,-0.000039,0.001557
346475.000000,-0.070000,0.040000,0.000000,-0.000093,0.001341,-0.000000,0.001463,-0.000356,-0.000008,0.001506
346489.000000,-0.080000,0.050000,-0.010000,-0.000057,0.000817,-0.000000,0.001421,-0.000419,-0.000018,0.001482
346508.000000,-0.080000,0.040000,-0.010000,-0.000035,0.000498,-0.000000,0.001304,-0.000457,-0.000027,0.001381
346525.000000,-0.070000,0.070000,0.000000,-0.000021,0.000304,-0.000000,0.001298,-0.000365,0.000006,0.001348
346539.000000,-0.070000,0.060000,0.000000,-0.000013,0.000185,-0.000000,0.001346,-0.000356,0.000027,0.001392
346556.000000,-0.080000,0.050000,0.000000,-0.000008,0.000113,-0.000000,0.001291,-0.000382,0.000038,0.001347
346570.000000,-0.070000,0.060000,-0.010000,-0.000005,0.000069,-0.000000,0.001311,-0.000368,0.000006,0.001362
346584.000000,-0.070000,0.040000,-0.010000,-0.000003,0.000042,-0.000000,0.001337,-0.000432,-0.000017,0.001406
346598.000000,-0.070000,0.040000,0.000000,-0.000002,0.000026,-0.000000,0.001339,-0.000473,0.000008,0.001420
346616.000000,-0.080000,0.060000,0.010000,-0.000001,0.000016,-0.000000,0.001211,-0.000386,0.000066,0.001273
346630.000000,-0.070000,0.070000,0.000000,-0.000001,0.000010,-0.000000,0.001217,-0.000311,0.000061,0.001258
346646.000000,-0.080000,0.060000,0.010000,-0.000000,0.000006,-0.000000,0.001177,-0.000299,0.000090,0.001218
346660.000000,-0.060000,0.050000,0.000000,-0.000000,0.000004,-0.000000,0.001230,-0.000338,0.000072,0.001277
346676.000000,-0.090000,0.040000,0.000000,-0.000000,0.000002,-0.000000,0.001129,-0.000396,0.000054,0.001198
346691.000000,-0.080000,0.060000,0.010000,-0.000000,0.000001,-0.000000,0.001093,-0.000352,0.000083,0.001151
346706.000000,-0.060000,0.050000,0.000000,-0.000000,0.000001,-0.000000,0.001151,-0.000354,0.000065,0.001206
346720.000000,-0.080000,0.050000,0.000000,-0.000000,0.000000,-0.000000,0.001121,-0.000360,0.000051,0.001179
346736.000000,-0.060000,0.030000,0.000000,-0.000000,0.000000,-0.000000,0.001138,-0.000430,0.000042,0.001218
346750.000000,-0.070000,0.050000,0.000000,-0.000000,0.000000,-0.000000,0.001124,-0.000402,0.000038,0.001194
346766.000000,-0.060000,0.050000,0.000000,-0.000000,0.000000,-0.000000,0.001125,-0.000366,0.000036,0.001183
346780.000000,-0.070000,0.050000,-0.020000,-0.000000,0.000000,-0.000000,0.001097,-0.000350,-0.000038,0.001152
346796.000000,-0.050000,0.020000,0.000000,-0.000000,0.000000,-0.000000,0.001129,-0.000448,-0.000013,0.001215
346810.000000,-0.060000,0.030000,0.010000,-0.000000,0.000000,-0.000000,0.001123,-0.000476,0.000047,0.001220
346827.000000,-0.080000,0.070000,0.010000,-0.000000,0.000000,-0.000000,0.000996,-0.000315,0.000085,0.001048
346844.000000,-0.060000,0.060000,0.040000,-0.000000,0.000000,-0.000000,0.000979,-0.000247,0.000212,0.001031
346858.000000,-0.060000,0.050000,-0.020000,-0.000000,0.000000,-0.000000,0.001009,-0.000266,0.000071,0.001046
346875.000000,-0.060000,0.040000,0.000000,-0.000000,0.000000,-0.000000,0.000996,-0.000314,0.000033,0.001044
346889.000000,-0.050000,0.050000,0.000000,-0.000000,0.000000,-0.000000,0.001037,-0.000309,0.000027,0.001082
346906.000000,-0.070000,0.050000,0.000000,-0.000000,0.000000,-0.000000,0.000956,-0.000290,0.000025,0.001000
346921.000000,-0.070000,0.060000,0.000000,-0.000000,0.000000,-0.000000,0.000911,-0.000245,0.000025,0.000943
346936.000000,-0.050000,0.020000,0.000000,-0.000000,0.000000,-0.000000,0.000964,-0.000366,0.000025,0.001031
346950.000000,-0.040000,0.060000,0.000000,-0.000000,0.000000,-0.000000,0.001040,-0.000302,0.000025,0.001083
346966.000000,-0.080000,0.030000,0.020000,-0.000000,0.000000,-0.000000,0.000907,-0.000350,0.000101,0.000977
346980.000000,-0.080000,0.040000,0.000000,-0.000000,0.000000,-0.000000,0.000823,-0.000352,0.000074,0.000898
346996.000000,-0.060000,0.030000,0.000000,-0.000000,0.000000,-0.000000,0.000836,-0.000379,0.000046,0.000919
347010.000000,-0.050000,0.050000,0.000000,-0.000000,0.000000,-0.000000,0.000895,-0.000324,0.000032,0.000953
347027.000000,-0.060000,0.050000,0.010000,-0.000000,0.000000,-0.000000,0.000864,-0.000271,0.000062,0.000907
347044.000000,-0.070000,0.080000,-0.030000,-0.000000,0.000000,-0.000000,0.000785,-0.000128,-0.000069,0.000799
347058.000000,-0.050000,0.030000,-0.010000,-0.000000,0.000000,-0.000000,0.000838,-0.000234,-0.000078,0.000874
347075.000000,-0.060000,0.030000,0.020000,-0.000000,0.000000,-0.000000,0.000815,-0.000315,0.000045,0.000875
347087.000000,-0.040000,0.030000,0.000000,-0.000000,0.000000,-0.000000,0.000886,-0.000356,0.000046,0.000956
347104.000000,-0.080000,0.080000,0.010000,-0.000000,0.000000,-0.000000,0.000761,-0.000177,0.000072,0.000784
347118.000000,-0.050000,0.050000,-0.010000,-0.000000,0.000000,-0.000000,0.000791,-0.000177,0.000014,0.000811
347130.000000,-0.050000,0.040000,0.010000,-0.000000,0.000000,-0.000000,0.000839,-0.000232,0.000046,0.000872
347146.000000,-0.040000,0.030000,0.000000,-0.000000,0.000000,-0.000000,0.000879,-0.000305,0.000037,0.000931
347160.000000,-0.040000,0.040000,0.000000,-0.000000,0.000000,-0.000000,0.000892,-0.000304,0.000027,0.000943
347176.000000,-0.060000,0.040000,0.000000,-0.000000,0.000000,-0.000000,0.000804,-0.000290,0.000021,0.000855
347190.000000,-0.060000,0.050000,0.000000,-0.000000,0.000000,-0.000000,0.000755,-0.000246,0.000018,0.000794
347206.000000,-0.050000,0.020000,0.010000,-0.000000,0.000000,-0.000000,0.000750,-0.000326,0.000055,0.000819
347480.000000,-0.060000,0.070000,-0.010000,-0.000000,0.000000,-0.000000,0.000731,-0.000208,0.000007,0.000760
347568.000000,-0.060000,0.030000,0.000000,-0.000000,0.000000,-0.000000,0.000731,-0.000261,0.000005,0.000777
347754.000000,-0.070000,0.060000,0.000000,-0.000000,0.000000,-0.000000,0.000665,-0.000193,0.000009,0.000692
347829.000000,-0.060000,0.050000,-0.020000,-0.000000,0.000000,-0.000000,0.000661,-0.000180,-0.000058,0.000687
347933.000000,-0.060000,0.060000,-0.030000,-0.000000,0.000000,-0.000000,0.000665,-0.000140,-0.000148,0.000695
348714.000000,-0.060000,0.050000,-0.010000,-0.000000,0.000000,-0.000000,0.000659,-0.000150,-0.000124,0.000687
348726.000000,-0.070000,0.060000,-0.010000,-0.000000,0.000000,-0.000000,0.000623,-0.000127,-0.000098,0.000644
348867.000000,-0.040000,0.080000,0.000000,-0.000000,0.000000,-0.000000,0.000706,-0.000036,-0.000047,0.000709
348880.000000,-0.060000,0.050000,0.000000,-0.000000,0.000000,-0.000000,0.000688,-0.000082,-0.000010,0.000693
348895.000000,-0.050000,0.050000,0.000000,-0.000000,0.000000,-0.000000,0.000676,-0.000124,0.000009,0.000688
348909.000000,-0.070000,0.000000,0.000000,-0.000000,0.000000,-0.000000,0.000594,-0.000329,0.000017,0.000680
348925.000000,-0.050000,0.020000,0.000000,-0.000000,0.000000,-0.000000,0.000600,-0.000382,0.000020,0.000712
348939.000000,-0.080000,0.040000,-0.010000,-0.000000,0.000000,-0.000000,0.000508,-0.000321,-0.000016,0.000601
348955.000000,-0.070000,0.050000,0.000000,-0.000000,0.000000,-0.000000,0.000470,-0.000228,-0.000002,0.000522
348969.000000,-0.080000,0.050000,0.000000,-0.000000,0.000000,-0.000000,0.000423,-0.000180,0.000010,0.000460
348983.000000,-0.040000,0.010000,-0.010000,-0.000000,0.000000,-0.000000,0.000544,-0.000305,-0.000021,0.000624
348997.000000,-0.020000,0.000000,0.000000,-0.000000,0.000000,-0.000000,0.000701,-0.000430,-0.000005,0.000823
349014.000000,-0.070000,0.070000,-0.010000,-0.000000,0.000000,-0.000000,0.000572,-0.000214,-0.000029,0.000611
349028.000000,-0.060000,0.080000,-0.020000,-0.000000,0.000000,-0.000000,0.000527,-0.000043,-0.000081,0.000535
349045.000000,-0.050000,0.000000,0.000000,-0.000000,0.000000,-0.000000,0.000529,-0.000247,-0.000037,0.000585
349059.000000,-0.040000,0.000000,0.000000,-0.000000,0.000000,-0.000000,0.000581,-0.000389,-0.000006,0.000699
349076.000000,-0.060000,0.020000,0.010000,-0.000000,0.000000,-0.000000,0.000521,-0.000381,0.000050,0.000647
349093.000000,-0.050000,0.050000,-0.020000,-0.000000,0.000000,-0.000000,0.000507,-0.000240,-0.000033,0.000562
349107.000000,-0.040000,0.030000,0.000000,-0.000000,0.000000,-0.000000,0.000556,-0.000237,-0.000016,0.000605
349124.000000,-0.080000,0.030000,0.000000,-0.000000,0.000000,-0.000000,0.000419,-0.000241,0.000005,0.000484
349138.000000,-0.040000,0.020000,0.000000,-0.000000,0.000000,-0.000000,0.000487,-0.000283,0.000016,0.000563
349155.000000,-0.050000,0.040000,0.000000,-0.000000,0.000000,-0.000000,0.000493,-0.000227,0.000020,0.000543
349170.000000,-0.040000,0.040000,-0.010000,-0.000000,0.000000,-0.000000,0.000529,-0.000191,-0.000015,0.000563
349185.000000,-0.020000,0.020000,0.020000,-0.000000,0.000000,-0.000000,0.000628,-0.000247,0.000074,0.000679
349197.000000,-0.050000,0.040000,0.010000,-0.000000,0.000000,-0.000000,0.000588,-0.000218,0.000098,0.000635
349214.000000,-0.050000,0.030000,0.000000,-0.000000,0.000000,-0.000000,0.000518,-0.000218,0.000064,0.000565
349379.000000,-0.060000,0.080000,0.000000,-0.000000,0.000000,-0.000000,0.000458,-0.000052,0.000043,0.000463
349395.000000,-0.030000,0.020000,-0.020000,-0.000000,0.000000,-0.000000,0.000526,-0.000150,-0.000048,0.000549
349409.000000,-0.030000,0.000000,-0.030000,-0.000000,0.000000,-0.000000,0.000571,-0.000303,-0.000136,0.000661
349425.000000,-0.090000,0.060000,0.020000,-0.000000,0.000000,-0.000000,0.000357,-0.000166,0.000004,0.000394
349439.000000,-0.070000,0.070000,-0.010000,-0.000000,0.000000,-0.000000,0.000296,-0.000030,-0.000011,0.000298
349455.000000,-0.030000,0.030000,0.000000,-0.000000,0.000000,-0.000000,0.000421,-0.000100,0.000003,0.000433
349469.000000,-0.010000,0.020000,0.010000,-0.000000,0.000000,-0.000000,0.000580,-0.000195,0.000050,0.000614
349486.000000,-0.060000,0.030000,0.010000,-0.000000,0.000000,-0.000000,0.000466,-0.000210,0.000079,0.000517
349503.000000,-0.070000,0.060000,-0.020000,-0.000000,0.000000,-0.000000,0.000334,-0.000091,-0.000022,0.000347
349517.000000,-0.050000,0.050000,0.000000,-0.000000,0.000000,-0.000000,0.000350,-0.000059,-0.000013,0.000355
349531.000000,-0.040000,0.030000,0.020000,-0.000000,0.000000,-0.000000,0.000411,-0.000122,0.000077,0.000436
349545.000000,-0.040000,0.030000,0.000000,-0.000000,0.000000,-0.000000,0.000447,-0.000168,0.000063,0.000482
349559.000000,-0.060000,0.070000,0.000000,-0.000000,0.000000,-0.000000,0.000386,-0.000042,0.000042,0.000391
349575.000000,-0.070000,0.050000,0.000000,-0.000000,0.000000,-0.000000,0.000290,-0.000024,0.000028,0.000292
349589.000000,-0.040000,0.060000,0.000000,-0.000000,0.000000,-0.000000,0.000350,0.000009,0.000022,0.000351
349603.000000,-0.040000,0.020000,0.000000,-0.000000,0.000000,-0.000000,0.000402,-0.000118,0.000020,0.000419
349615.000000,-0.050000,0.020000,0.020000,-0.000000,0.000000,-0.000000,0.000396,-0.000205,0.000089,0.000454
349627.000000,-0.050000,0.050000,0.010000,-0.000000,0.000000,-0.000000,0.000388,-0.000148,0.000106,0.000429
349643.000000,-0.060000,0.080000,0.000000,-0.000000,0.000000,-0.000000,0.000323,0.000033,0.000064,0.000331
349655.000000,-0.060000,0.050000,0.000000,-0.000000,0.000000,-0.000000,0.000290,0.000024,0.000040,0.000294
349667.000000,-0.030000,0.020000,-0.010000,-0.000000,0.000000,-0.000000,0.000387,-0.000107,-0.000010,0.000401
349681.000000,-0.050000,0.030000,0.010000,-0.000000,0.000000,-0.000000,0.000379,-0.000166,0.000031,0.000415
349694.000000,-0.060000,0.060000,0.000000,-0.000000,0.000000,-0.000000,0.000320,-0.000077,0.000028,0.000331
349708.000000,-0.050000,0.060000,0.000000,-0.000000,0.000000,-0.000000,0.000315,-0.000006,0.000020,0.000315
349725.000000,-0.030000,0.010000,-0.010000,-0.000000,0.000000,-0.000000,0.000377,-0.000158,-0.000024,0.000410
349739.000000,-0.020000,0.010000,0.000000,-0.000000,0.000000,-0.000000,0.000458,-0.000257,-0.000012,0.000526
349755.000000,-0.070000,0.060000,0.000000,-0.000000,0.000000,-0.000000,0.000311,-0.000118,0.000000,0.000333
349769.000000,-0.060000,0.070000,-0.010000,-0.000000,0.000000,-0.000000,0.000251,0.000014,-0.000030,0.000253
349785.000000,-0.060000,0.050000,0.000000,-0.000000,0.000000,-0.000000,0.000218,0.000016,-0.000014,0.000219
349797.000000,-0.020000,0.020000,0.000000,-0.000000,0.000000,-0.000000,0.000348,-0.000101,-0.000001,0.000363
349813.000000,-0.040000,0.020000,0.000000,-0.000000,0.000000,-0.000000,0.000370,-0.000192,0.000007,0.000417
349825.000000,-0.060000,0.060000,0.020000,-0.000000,0.000000,-0.000000,0.000299,-0.000091,0.000080,0.000322
349838.000000,-0.060000,0.080000,0.000000,-0.000000,0.000000,-0.000000,0.000247,0.000066,0.000062,0.000263
349855.000000,-0.040000,0.060000,-0.030000,-0.000000,0.000000,-0.000000,0.000278,0.000088,-0.000082,0.000303
349869.000000,-0.040000,0.000000,0.020000,-0.000000,0.000000,-0.000000,0.000306,-0.000136,0.000019,0.000336
349886.000000,-0.050000,0.030000,0.020000,-0.000000,0.000000,-0.000000,0.000276,-0.000177,0.000103,0.000343
349903.000000,-0.040000,0.090000,0.000000,-0.000000,0.000000,-0.000000,0.000287,0.000053,0.000065,0.000299
349917.000000,-0.020000,0.090000,0.010000,-0.000000,0.000000,-0.000000,0.000377,0.000193,0.000073,0.000430
349931.000000,-0.060000,0.060000,0.020000,-0.000000,0.000000,-0.000000,0.000291,0.000158,0.000120,0.000352
349945.000000,-0.080000,0.000000,-0.010000,-0.000000,0.000000,-0.000000,0.000146,-0.000106,0.000038,0.000184
349959.000000,-0.050000,0.020000,-0.010000,-0.000000,0.000000,-0.000000,0.000167,-0.000206,-0.000023,0.000266
349975.000000,-0.090000,0.030000,-0.040000,-0.000000,0.000000,-0.000000,0.000041,-0.000200,-0.000169,0.000265
349990.000000,-0.070000,0.020000,-0.010000,-0.000000,0.000000,-0.000000,0.000035,-0.000221,-0.000140,0.000264
350005.000000,-0.050000,0.010000,0.010000,-0.000000,0.000000,-0.000000,0.000119,-0.000273,-0.000031,0.000299
350020.000000,-0.040000,0.040000,0.030000,-0.000000,0.000000,-0.000000,0.000211,-0.000190,0.000111,0.000305
350035.000000,-0.030000,0.080000,-0.010000,-0.000000,0.000000,-0.000000,0.000297,0.000021,0.000043,0.000301
350049.000000,-0.040000,0.070000,-0.050000,-0.000000,0.000000,-0.000000,0.000307,0.000111,-0.000163,0.000365
350063.000000,-0.060000,0.030000,0.030000,-0.000000,0.000000,-0.000000,0.000230,0.000001,0.000001,0.000230
350077.000000,-0.030000,0.040000,0.030000,-0.000000,0.000000,-0.000000,0.000286,-0.000047,0.000135,0.000320
350092.000000,0.030000,0.230000,0.000000,-0.000000,0.089789,-0.000000,0.000554,0.001811,0.000093,0.001897
350106.000000,-0.190000,-0.090000,0.020000,-0.074174,0.054737,-0.000000,-0.000093,0.000967,0.000125,0.000979
350123.000000,-0.050000,0.030000,0.000000,-0.045217,0.033368,-0.000000,-0.000035,0.000430,0.000070,0.000437
350137.000000,-0.040000,0.020000,0.000000,-0.027565,0.020342,-0.000000,0.000106,0.000011,0.000036,0.000112
350154.000000,-0.050000,0.050000,-0.010000,-0.016804,0.012400,-0.000000,0.000158,-0.000133,-0.000022,0.000208
350168.000000,-0.050000,0.100000,0.000000,-0.010244,0.007559,-0.000000,0.000176,0.000035,-0.000016,0.000180
350182.000000,-0.090000,-0.020000,0.000000,-0.006245,0.004608,-0.000000,0.000036,-0.000175,-0.000007,0.000178
350196.000000,-0.090000,-0.060000,0.000000,-0.003807,0.002809,-0.000000,-0.000062,-0.000526,-0.000001,0.000529
350213.000000,0.040000,0.280000,0.010000,-0.002321,0.111021,-0.000000,0.000385,0.001790,0.000040,0.001831
350389.000000,-0.200000,-0.190000,-0.020000,-0.079492,-0.006494,-0.000000,-0.000177,0.000280,-0.000040,0.000333
350404.000000,-0.050000,0.050000,0.010000,-0.048459,-0.003959,-0.000000,-0.000092,-0.000267,0.000007,0.000283
350418.000000,-0.060000,0.040000,0.000000,-0.029541,-0.002413,-0.000000,0.000001,-0.000500,0.000010,0.000501
350433.000000,-0.030000,0.060000,-0.030000,-0.018009,-0.001471,-0.000000,0.000169,-0.000451,-0.000105,0.000493
350447.000000,-0.070000,0.110000,0.000000,-0.010978,-0.000897,-0.000000,0.000118,0.000019,-0.000069,0.000138
350464.000000,-0.050000,0.070000,-0.050000,-0.006693,-0.000547,-0.000000,0.000136,0.000148,-0.000219,0.000297
350478.000000,-0.050000,0.070000,0.040000,-0.004080,-0.000333,-0.000000,0.000154,0.000174,0.000014,0.000233
350495.000000,-0.060000,0.050000,-0.060000,-0.002487,-0.000203,-0.000000,0.000122,0.000097,-0.000190,0.000246
350510.000000,-0.050000,0.110000,0.090000,-0.001516,-0.000124,-0.000000,0.000139,0.000270,0.000216,0.000373
350525.000000,-0.050000,0.050000,-0.070000,-0.000924,-0.000076,-0.000000,0.000153,0.000167,-0.000095,0.000246
350540.000000,-0.020000,0.070000,-0.010000,-0.000563,-0.000046,-0.000000,0.000271,0.000155,-0.000117,0.000334
350555.000000,-0.070000,0.060000,0.000000,-0.000343,-0.000028,-0.000000,0.000158,0.000119,-0.000060,0.000207
350570.000000,-0.050000,0.060000,-0.050000,-0.000209,-0.000017,-0.000000,0.000145,0.000096,-0.000207,0.000270
350585.000000,-0.050000,0.060000,0.040000,-0.000128,-0.000010,-0.000000,0.000148,0.000084,0.000029,0.000172
350599.000000,-0.050000,0.030000,-0.030000,-0.000078,-0.000006,-0.000000,0.000151,-0.000032,-0.000061,0.000166
350615.000000,-0.050000,0.090000,0.030000,-0.000047,-0.000004,-0.000000,0.000149,0.000118,0.000080,0.000206
350629.000000,-0.070000,0.070000,0.080000,-0.000029,-0.000002,-0.000000,0.000075,0.000149,0.000359,0.000396
350644.000000,-0.060000,0.040000,-0.050000,-0.000018,-0.000001,-0.000000,0.000061,0.000042,0.000046,0.000088
350658.000000,-0.060000,0.070000,0.050000,-0.000011,-0.000001,-0.000000,0.000061,0.000080,0.000182,0.000208
350674.000000,-0.060000,0.030000,-0.020000,-0.000007,-0.000001,-0.000000,0.000060,-0.000036,0.000040,0.000080
350688.000000,-0.060000,0.070000,0.000000,-0.000004,-0.000000,-0.000000,0.000060,0.000035,0.000011,0.000071
350706.000000,-0.060000,0.090000,0.000000,-0.000002,-0.000000,-0.000000,0.000057,0.000172,0.000006,0.000181
350723.000000,-0.040000,0.050000,-0.010000,-0.000001,-0.000000,-0.000000,0.000130,0.000092,-0.000032,0.000162
350737.000000,-0.020000,0.040000,0.020000,-0.000001,-0.000000,-0.000000,0.000249,0.000000,0.000054,0.000255
350754.000000,-0.060000,0.090000,0.000000,-0.000001,-0.000000,-0.000000,0.000166,0.000133,0.000041,0.000217
350766.000000,-0.060000,0.110000,-0.010000,-0.000000,-0.000000,-0.000000,0.000112,0.000288,-0.000009,0.000309
350833.000000,-0.060000,0.090000,-0.010000,-0.000000,-0.000000,-0.000000,0.000078,0.000325,-0.000047,0.000337
350845.000000,-0.060000,0.100000,0.000000,-0.000000,-0.000000,-0.000000,0.000062,0.000361,-0.000029,0.000367
350861.000000,-0.050000,0.020000,0.000000,-0.000000,-0.000000,-0.000000,0.000090,0.000063,-0.000010,0.000110
350875.000000,-0.050000,0.050000,0.010000,-0.000000,-0.000000,-0.000000,0.000109,-0.000011,0.000036,0.000115
350891.000000,-0.070000,0.070000,-0.030000,-0.000000,-0.000000,-0.000000,0.000041,0.000044,-0.000086,0.000105
350905.000000,-0.060000,0.070000,0.000000,-0.000000,-0.000000,-0.000000,0.000034,0.000086,-0.000057,0.000109
350922.000000,-0.030000,0.120000,0.000000,-0.000000,-0.000000,-0.000000,0.000149,0.000297,-0.000021,0.000334
350936.000000,-0.040000,0.060000,0.000000,-0.000000,-0.000000,-0.000000,0.000184,0.000203,-0.000005,0.000274
350953.000000,-0.070000,0.050000,0.000000,-0.000000,-0.000000,-0.000000,0.000076,0.000071,0.000004,0.000104
350967.000000,-0.050000,0.050000,0.000000,-0.000000,-0.000000,-0.000000,0.000084,0.000006,0.000007,0.000084
350979.000000,-0.050000,0.080000,0.000000,-0.000000,-0.000000,-0.000000,0.000100,0.000081,0.000009,0.000129
350993.000000,-0.080000,0.060000,0.000000,-0.000000,-0.000000,-0.000000,-0.000003,0.000070,0.000009,0.000071
351007.000000,-0.080000,0.070000,0.010000,-0.000000,-0.000000,-0.000000,-0.000074,0.000089,0.000047,0.000125
351024.000000,-0.060000,0.100000,-0.030000,-0.000000,-0.000000,-0.000000,-0.000032,0.000213,-0.000083,0.000231
351038.000000,-0.060000,0.080000,0.000000,-0.000000,-0.000000,-0.000000,0.000000,0.000215,-0.000054,0.000221
351054.000000,-0.080000,0.040000,0.030000,-0.000000,-0.000000,-0.000000,-0.000057,0.000048,0.000093,0.000120
351068.000000,-0.070000,0.100000,0.000000,-0.000000,-0.000000,-0.000000,-0.000060,0.000166,0.000071,0.000190
351084.000000,-0.080000,0.090000,0.000000,-0.000000,-0.000000,-0.000000,-0.000092,0.000224,0.000039,0.000245
351098.000000,-0.050000,0.060000,0.000000,-0.000000,-0.000000,-0.000000,-0.000003,0.000137,0.000022,0.000139
351116.000000,-0.060000,0.050000,0.010000,-0.000000,-0.000000,-0.000000,0.000026,0.000025,0.000050,0.000062
351130.000000,-0.050000,0.040000,0.000000,-0.000000,-0.000000,-0.000000,0.000068,-0.000063,0.000033,0.000099
351144.000000,-0.090000,0.090000,0.000000,-0.000000,-0.000000,-0.000000,-0.000052,0.000071,0.000019,0.000090
351158.000000,-0.070000,0.090000,-0.020000,-0.000000,-0.000000,-0.000000,-0.000065,0.000171,-0.000063,0.000193
351174.000000,-0.020000,0.030000,0.000000,-0.000000,-0.000000,-0.000000,0.000133,-0.000008,-0.000040,0.000139
351188.000000,-0.040000,0.030000,0.010000,-0.000000,-0.000000,-0.000000,0.000182,-0.000128,0.000020,0.000224
351205.000000,-0.050000,0.050000,0.000000,-0.000000,-0.000000,-0.000000,0.000151,-0.000113,0.000020,0.000190
351342.000000,-0.050000,0.050000,-0.020000,-0.000000,-0.000000,-0.000000,0.000129,-0.000092,-0.000060,0.000169
351454.000000,-0.030000,0.080000,-0.020000,-0.000000,-0.000000,-0.000000,0.000191,0.000023,-0.000111,0.000222
351570.000000,-0.070000,0.130000,-0.010000,-0.000000,-0.000000,-0.000000,0.000086,0.000302,-0.000102,0.000330
351702.000000,-0.150000,0.070000,0.000000,-0.058558,-0.000000,-0.000000,-0.000286,0.000239,-0.000051,0.000376
351778.000000,-0.090000,0.110000,0.020000,-0.035698,-0.000000,-0.000000,-0.000306,0.000315,0.000050,0.000442
351916.000000,-0.070000,0.100000,0.030000,-0.021762,-0.000000,-0.000000,-0.000210,0.000344,0.000156,0.000432
351928.000000,-0.090000,0.110000,0.010000,-0.013266,-0.000000,-0.000000,-0.000207,0.000389,0.000147,0.000464
352752.000000,-0.050000,0.100000,0.000000,-0.008087,-0.000000,-0.000000,-0.000053,0.000359,0.000079,0.000372
352766.000000,-0.040000,0.060000,0.000000,-0.004930,-0.000000,-0.000000,0.000076,0.000190,0.000039,0.000208
352780.000000,-0.040000,0.040000,-0.020000,-0.003005,-0.000000,-0.000000,0.000148,0.000004,-0.000055,0.000158
352794.000000,-0.070000,0.090000,0.000000,-0.001832,-0.000000,-0.000000,0.000070,0.000083,-0.000039,0.000116
352808.000000,-0.070000,0.140000,0.000000,-0.001117,-0.000000,-0.000000,0.000008,0.000343,-0.000018,0.000344
352824.000000,-0.040000,0.080000,0.000000,-0.000681,-0.000000,-0.000000,0.000088,0.000274,-0.000004,0.000288
352838.000000,-0.050000,0.020000,0.000000,-0.000415,-0.000000,-0.000000,0.000108,-0.000014,0.000002,0.000109
352856.000000,-0.050000,0.080000,0.010000,-0.000253,-0.000000,-0.000000,0.000108,0.000021,0.000042,0.000117
352874.000000,-0.060000,0.110000,-0.050000,-0.000154,-0.000000,-0.000000,0.000066,0.000186,-0.000160,0.000254
352888.000000,-0.060000,0.130000,0.000000,-0.000094,-0.000000,-0.000000,0.000045,0.000356,-0.000105,0.000374
352904.000000,-0.040000,0.050000,0.000000,-0.000057,-0.000000,-0.000000,0.000109,0.000153,-0.000045,0.000193
352918.000000,-0.050000,0.060000,0.000000,-0.000035,-0.000000,-0.000000,0.000115,0.000046,-0.000015,0.000125
352932.000000,-0.070000,0.110000,0.000000,-0.000021,-0.000000,-0.000000,0.000038,0.000179,-0.000000,0.000183
352945.000000,-0.050000,0.110000,0.000000,-0.000013,-0.000000,-0.000000,0.000059,0.000280,0.000006,0.000286
352963.000000,-0.040000,0.080000,0.000000,-0.000008,-0.000000,-0.000000,0.000118,0.000203,0.000009,0.000235
352977.000000,-0.040000,0.050000,0.020000,-0.000005,-0.000000,-0.000000,0.000152,0.000046,0.000082,0.000179
352993.000000,-0.050000,0.100000,0.000000,-0.000003,-0.000000,-0.000000,0.000130,0.000132,0.000056,0.000194
353005.000000,-0.070000,0.100000,-0.020000,-0.000002,-0.000000,-0.000000,0.000046,0.000201,-0.000035,0.000209
353022.000000,-0.050000,0.090000,0.010000,-0.000001,-0.000000,-0.000000,0.000057,0.000200,0.000012,0.000208
353036.000000,-0.060000,0.060000,0.000000,-0.000001,-0.000000,-0.000000,0.000038,0.000083,0.000015,0.000092
353054.000000,-0.060000,0.050000,0.000000,-0.000000,-0.000000,-0.000000,0.000022,-0.000042,0.000011,0.000048
353069.000000,-0.060000,0.090000,0.000000,-0.000000,-0.000000,-0.000000,0.000015,0.000047,0.000010,0.000050
353084.000000,-0.060000,0.090000,-0.010000,-0.000000,-0.000000,-0.000000,0.000012,0.000117,-0.000029,0.000121
353099.000000,-0.050000,0.070000,0.000000,-0.000000,-0.000000,-0.000000,0.000048,0.000077,-0.000016,0.000093
353114.000000,-0.050000,0.080000,0.020000,-0.000000,-0.000000,-0.000000,0.000072,0.000081,0.000071,0.000129
353128.000000,-0.030000,0.080000,-0.010000,-0.000000,-0.000000,-0.000000,0.000157,0.000087,0.000016,0.000180
353144.000000,-0.060000,0.110000,-0.020000,-0.000000,-0.000000,-0.000000,0.000095,0.000203,-0.000071,0.000235
353159.000000,-0.040000,0.090000,0.000000,-0.000000,-0.000000,-0.000000,0.000122,0.000199,-0.000043,0.000237
353172.000000,-0.050000,0.080000,0.020000,-0.000000,-0.000000,-0.000000,0.000110,0.000152,0.000054,0.000195
353184.000000,-0.040000,0.100000,0.000000,-0.000000,-0.000000,-0.000000,0.000136,0.000193,0.000047,0.000241
353199.000000,-0.030000,0.100000,0.000000,-0.000000,-0.000000,-0.000000,0.000192,0.000225,0.000028,0.000297
353214.000000,-0.040000,0.100000,0.000000,-0.000000,-0.000000,-0.000000,0.000182,0.000234,0.000017,0.000297
353228.000000,-0.040000,0.090000,0.000000,-0.000000,-0.000000,-0.000000,0.000171,0.000201,0.000011,0.000265
353254.000000,-0.050000,0.080000,-0.010000,-0.000000,-0.000000,-0.000000,0.000094,0.000101,-0.000029,0.000141
353267.000000,-0.060000,0.090000,0.000000,-0.000000,-0.000000,-0.000000,0.000046,0.000116,-0.000017,0.000126
353279.000000,-0.080000,0.090000,0.000000,-0.000000,-0.000000,-0.000000,-0.000054,0.000136,-0.000006,0.000146
353295.000000,-0.050000,0.090000,-0.020000,-0.000000,-0.000000,-0.000000,-0.000010,0.000143,-0.000075,0.000161
353312.000000,-0.060000,0.060000,0.000000,-0.000000,-0.000000,-0.000000,-0.000007,0.000025,-0.000041,0.000048
353326.000000,-0.050000,0.070000,0.010000,-0.000000,-0.000000,-0.000000,0.000027,-0.000007,0.000021,0.000035
353343.000000,-0.080000,0.090000,-0.010000,-0.000000,-0.000000,-0.000000,-0.000065,0.000058,-0.000016,0.000088
353357.000000,-0.100000,0.000000,0.000000,-0.000000,-0.000000,-0.000000,-0.000195,-0.000226,-0.000008,0.000299
353374.000000,-0.050000,0.100000,0.000000,-0.000000,-0.000000,-0.000000,-0.000082,-0.000045,0.000001,0.000093
353388.000000,-0.050000,0.040000,0.000000,-0.000000,-0.000000,-0.000000,-0.000003,-0.000126,0.000006,0.000126
353404.000000,-0.040000,0.060000,0.010000,-0.000000,-0.000000,-0.000000,0.000080,-0.000123,0.000046,0.000153
353420.000000,-0.060000,0.100000,0.000000,-0.000000,-0.000000,-0.000000,0.000046,0.000041,0.000032,0.000070
353432.000000,-0.090000,0.050000,0.000000,-0.000000,-0.000000,-0.000000,-0.000084,-0.000037,0.000022,0.000094
353446.000000,-0.080000,0.000000,-0.060000,-0.000000,-0.000000,-0.000000,-0.000145,-0.000302,-0.000211,0.000396
353464.000000,-0.160000,-0.290000,0.020000,-0.062462,-0.113213,-0.000000,-0.000463,-0.005140,-0.000049,0.005161
353476.000000,-0.080000,0.040000,0.070000,-0.038078,-0.069016,-0.000000,-0.000368,-0.006370,0.000230,0.006385
353488.000000,-0.030000,0.140000,-0.040000,-0.023213,-0.042073,-0.000000,-0.000101,-0.006162,0.000036,0.006163
353504.000000,-0.020000,0.220000,0.000000,-0.014151,0.060237,-0.000000,0.000143,-0.004414,-0.000004,0.004416
353518.000000,-0.030000,0.110000,-0.020000,-0.008626,0.036721,-0.000000,0.000217,-0.003575,-0.000075,0.003582
353532.000000,0.360000,0.000000,-0.020000,0.135281,0.022386,-0.000000,0.004466,-0.004022,-0.000120,0.006011
353546.000000,0.210000,0.050000,0.000000,0.164450,0.013647,-0.000000,0.008391,-0.004365,-0.000068,0.009459
353563.000000,0.210000,0.000000,-0.100000,0.182232,0.008319,-0.000000,0.013039,-0.005338,-0.000404,0.014095
353577.000000,-0.190000,-0.610000,-0.070000,0.036917,-0.233065,-0.000000,0.012917,-0.012255,-0.000503,0.017813
353591.000000,-1.040000,-2.740000,-1.060000,-0.383499,-1.211743,-0.413811,0.003281,-0.041881,-0.011139,0.043461
353605.000000,-0.470000,-3.060000,-1.380000,-0.417268,-1.933281,-0.791000,-0.003623,-0.081455,-0.027819,0.086151
353622.000000,1.120000,-2.530000,-3.930000,0.182863,-2.166233,-2.016429,0.007909,-0.126827,-0.080622,0.150491
353636.000000,1.110000,1.010000,-7.350000,0.544807,-0.926269,-4.098592,0.022228,-0.128837,-0.165663,0.211039
353653.000000,1.130000,-1.560000,-5.410000,0.773259,-1.173670,-4.610550,0.041610,-0.148982,-0.260981,0.303377
353668.000000,1.310000,-1.410000,-5.490000,0.982796,-1.265930,-4.953877,0.061130,-0.169868,-0.343820,0.388335
353682.000000,0.910000,-0.690000,-4.260000,0.954378,-1.041094,-4.682996,0.076106,-0.183176,-0.408729,0.454319
353696.000000,0.750000,-0.760000,-3.690000,0.874591,-0.931358,-4.295342,0.088541,-0.195316,-0.464330,0.511459
353714.000000,0.440000,-0.260000,-2.410000,0.704932,-0.669268,-3.559327,0.099643,-0.204172,-0.516099,0.563891
353729.000000,-0.040000,-0.290000,-2.150000,0.429735,-0.521206,-3.009142,0.102633,-0.210180,-0.551580,0.599124
353875.000000,-1.350000,-0.120000,0.570000,-0.265053,-0.317733,-1.611887,0.092518,-0.213228,-0.555278,0.601963
353889.000000,-1.450000,-0.220000,0.510000,-0.727642,-0.279579,-0.783528,0.075361,-0.217150,-0.551541,0.597520
353904.000000,-0.690000,-0.610000,0.190000,-0.712947,-0.408572,-0.477648,0.063235,-0.225564,-0.548308,0.596254
353921.000000,-0.790000,0.100000,1.050000,-0.743028,-0.249070,0.118728,0.050431,-0.228083,-0.534673,0.583472
353935.000000,-1.010000,0.600000,1.600000,-0.847251,0.082397,0.696999,0.037961,-0.223524,-0.515590,0.563238
353952.000000,-1.800000,1.420000,2.910000,-1.219193,0.604581,1.560929,0.012718,-0.205814,-0.473968,0.516882
353966.000000,-1.940000,1.100000,3.090000,-1.500587,0.797987,2.157860,-0.011938,-0.191357,-0.433370,0.473887
353982.000000,-1.910000,0.070000,3.430000,-1.660417,0.486462,2.654488,-0.041107,-0.186415,-0.380995,0.426143
353996.000000,-1.980000,0.190000,3.790000,-1.785179,0.370727,3.097779,-0.067576,-0.183954,-0.330071,0.383865
354013.000000,-1.840000,0.780000,4.240000,-1.806580,0.530502,3.543688,-0.098394,-0.174624,-0.261023,0.329102
354027.000000,-1.850000,0.870000,4.140000,-1.823531,0.663038,3.776481,-0.123546,-0.164491,-0.203358,0.289267
354041.000000,-1.580000,1.120000,3.660000,-1.728459,0.841431,3.731008,-0.145984,-0.151174,-0.150157,0.258287
354055.000000,-1.680000,1.420000,4.030000,-1.709541,1.067297,3.847731,-0.168587,-0.133962,-0.094668,0.235222
354072.000000,-1.770000,1.320000,4.140000,-1.733144,1.165949,3.961829,-0.197164,-0.112832,-0.025148,0.228555
354088.000000,-1.770000,0.930000,4.060000,-1.747532,1.073838,4.000154,-0.224381,-0.097248,0.039992,0.247797
354103.000000,-1.480000,0.250000,3.390000,-1.643091,0.752221,3.761957,-0.246941,-0.090989,0.093944,0.279435
354117.000000,-1.340000,0.460000,3.260000,-1.524768,0.638141,3.565999,-0.265797,-0.085427,0.141033,0.312788
354131.000000,-1.350000,1.560000,3.310000,-1.456540,0.998024,3.466060,-0.284092,-0.069169,0.187631,0.347416
354145.000000,-1.320000,1.990000,3.230000,-1.403237,1.385280,3.373905,-0.301924,-0.045488,0.233299,0.384260
354162.000000,-1.110000,2.330000,2.710000,-1.288761,1.754087,3.114724,-0.320910,-0.009983,0.282225,0.427474
354176.000000,-0.970000,2.220000,2.010000,-1.164320,1.935974,2.683453,-0.334514,0.019847,0.314044,0.459258
354190.000000,-0.850000,1.960000,1.350000,-1.041613,1.945354,2.162889,-0.346333,0.047305,0.336854,0.485443
354204.000000,-0.950000,1.460000,0.880000,-1.005849,1.755877,1.662064,-0.358597,0.069152,0.352355,0.507472
354221.000000,-1.320000,1.220000,0.970000,-1.128490,1.546677,1.391890,-0.378053,0.090780,0.369586,0.536431
354375.000000,-0.490000,2.700000,-1.040000,-0.879231,1.996921,0.442509,-0.385782,0.117441,0.364528,0.543599
354387.000000,-0.560000,2.590000,-1.220000,-0.754607,2.228452,-0.206515,-0.392296,0.146596,0.352791,0.547585
354402.000000,-0.800000,2.900000,-1.960000,-0.772328,2.490616,-0.891055,-0.402505,0.187231,0.327846,0.551860
354416.000000,-0.730000,2.670000,-2.220000,-0.755804,2.560646,-1.409859,-0.411925,0.224076,0.299140,0.556217
354430.000000,-0.470000,2.290000,-2.510000,-0.644229,2.454989,-1.839341,-0.418765,0.256873,0.265964,0.558645
354444.000000,-0.450000,2.640000,-2.550000,-0.568404,2.527215,-2.116774,-0.424635,0.291886,0.231055,0.564711
354461.000000,-0.180000,2.610000,-2.620000,-0.416776,2.559533,-2.313227,-0.428196,0.334851,0.187201,0.574910
354475.000000,-0.250000,2.410000,-2.300000,-0.351669,2.501157,-2.308064,-0.430933,0.368385,0.153861,0.587439
354489.000000,-0.390000,2.310000,-1.920000,-0.366633,2.426532,-2.156568,-0.434984,0.400385,0.125076,0.604288
354504.000000,-0.800000,1.600000,-1.330000,-0.535814,2.103863,-1.833886,-0.444052,0.426722,0.101896,0.624225
354521.000000,-1.360000,0.380000,-0.530000,-0.857567,1.430888,-1.324864,-0.462600,0.439350,0.087748,0.643993
354535.000000,-1.440000,0.040000,-0.380000,-1.084942,0.872286,-0.956000,-0.480702,0.442164,0.080563,0.658083
354552.000000,-1.430000,-0.110000,-0.250000,-1.219648,0.531756,-0.582789,-0.503594,0.441031,0.075012,0.673604
354566.000000,-1.290000,-0.110000,-0.320000,-1.247113,0.324165,-0.480199,-0.521300,0.438975,0.070538,0.685148
354580.000000,-1.160000,-0.570000,-0.360000,-1.213105,-0.024907,-0.433275,-0.537387,0.432073,0.065702,0.692668
354596.000000,-1.110000,-1.350000,-0.280000,-1.172854,-0.542208,-0.264130,-0.554658,0.413789,0.060946,0.694680
354613.000000,-0.850000,-1.930000,-0.580000,-1.046816,-1.083985,-0.387442,-0.569559,0.384145,0.052570,0.689005
354627.000000,-0.690000,-2.120000,-0.580000,-0.907519,-1.488433,-0.462614,-0.579410,0.355347,0.044850,0.681174
354641.000000,-0.150000,-1.710000,-0.400000,-0.611793,-1.574930,-0.438170,-0.583243,0.329251,0.038648,0.670874
354653.000000,0.060000,-1.450000,-0.310000,-0.372956,-1.526159,-0.388134,-0.583217,0.309761,0.034478,0.661274
354667.000000,0.240000,-1.220000,-0.150000,-0.133665,-1.406638,-0.236611,-0.580264,0.290285,0.031583,0.649591
354681.000000,0.650000,-1.210000,-0.150000,0.172268,-1.329873,-0.144241,-0.572415,0.271886,0.029278,0.634381
354695.000000,0.500000,-1.390000,-0.220000,0.300211,-1.353346,-0.087931,-0.564569,0.252046,0.026464,0.618842
354711.000000,-0.050000,-1.810000,-0.310000,0.183012,-1.531618,-0.174624,-0.561762,0.224173,0.022067,0.605241
354725.000000,-0.080000,-1.810000,-0.320000,0.111566,-1.640295,-0.231377,-0.561216,0.198419,0.017810,0.595526
354737.000000,0.010000,-1.750000,-0.370000,0.068012,-1.683123,-0.285494,-0.560485,0.176498,0.013636,0.587776
354752.000000,0.230000,-1.710000,-0.610000,0.131250,-1.693615,-0.412177,-0.557161,0.149574,0.005703,0.576917
354766.000000,0.310000,-1.630000,-0.620000,0.201032,-1.668781,-0.493309,-0.552600,0.125363,-0.002561,0.566647
354780.000000,2.270000,-2.550000,-4.410000,1.008733,-2.012798,-2.022339,-0.528393,0.092411,-0.048224,0.538577
354795.000000,4.550000,-1.510000,-3.110000,2.391202,-1.816512,-2.446949,-0.472203,0.065216,-0.095520,0.486161
354813.000000,-1.260000,1.060000,0.090000,0.965816,-0.693556,-1.491689,-0.467089,0.067883,-0.111369,0.484957
354827.000000,-1.000000,-1.680000,0.120000,0.198384,-1.078652,-0.909351,-0.475104,0.051343,-0.113857,0.491246
354841.000000,-0.450000,-0.810000,-0.180000,-0.054737,-0.973773,-0.554351,-0.481326,0.037744,-0.116334,0.496621
354855.000000,-0.010000,0.060000,-0.130000,-0.033368,-0.593624,-0.337939,-0.482698,0.033554,-0.118317,0.498119
354872.000000,0.330000,-0.450000,-0.070000,0.108486,-0.537555,-0.206012,-0.478552,0.025824,-0.119831,0.494002
354886.000000,0.410000,-0.580000,-0.010000,0.226194,-0.554125,-0.125587,-0.472917,0.017532,-0.000572,0.473242
354905.000000,0.040000,0.130000,0.060000,0.137890,-0.337801,-0.076559,-0.469287,0.014937,0.000431,0.469525
354922.000000,-0.120000,0.270000,-0.090000,0.084060,-0.100523,-0.046672,-0.469022,0.016605,0.000299,0.469316
354936.000000,-0.290000,0.280000,0.000000,-0.061969,0.048029,-0.028451,-0.471206,0.019062,0.000464,0.471592
354953.000000,-0.310000,0.370000,-0.070000,-0.158797,0.173723,-0.017344,-0.474972,0.023512,0.000310,0.475553
354967.000000,-0.260000,0.380000,-0.070000,-0.198306,0.254251,-0.010573,-0.477858,0.027637,0.000206,0.478656
354981.000000,-0.100000,0.050000,0.000000,-0.120889,0.154994,-0.006446,-0.479111,0.028666,0.000410,0.479968
354995.000000,-0.100000,0.010000,-0.090000,-0.073696,0.094486,-0.003929,-0.479875,0.028374,0.000222,0.480713
355013.000000,-0.040000,0.110000,0.040000,-0.044926,0.057600,-0.002395,-0.479912,0.028749,0.000550,0.480773
355027.000000,-0.020000,0.110000,-0.020000,-0.027387,0.035114,-0.001460,-0.479525,0.029216,0.000552,0.480414
355041.000000,-0.040000,0.110000,0.020000,-0.016696,0.021406,-0.000890,-0.001608,0.000090,0.000679,0.001747
355053.000000,-0.040000,0.100000,0.000000,-0.010178,0.013049,-0.000543,0.000827,0.000089,0.000692,0.001082
355065.000000,-0.040000,0.080000,-0.040000,-0.006205,0.007955,-0.000331,0.001963,0.000023,0.000548,0.002038
355077.000000,-0.020000,0.080000,-0.030000,-0.003782,0.004849,-0.000202,0.002548,-0.000030,0.000472,0.002591
355092.000000,-0.050000,0.090000,0.010000,-0.002306,0.002956,-0.000123,0.002625,-0.000022,0.000568,0.002686
355104.000000,-0.040000,0.090000,-0.010000,-0.001406,0.001802,-0.000075,0.002637,-0.000011,0.000566,0.002697
355132.000000,-0.010000,0.120000,0.000000,-0.000857,0.001099,-0.000046,0.002076,0.000104,0.000447,0.002126
355144.000000,-0.040000,0.120000,-0.030000,-0.000522,0.000670,-0.000028,0.002212,0.000168,0.000400,0.002254
355158.000000,-0.050000,0.100000,0.000000,-0.000318,0.000408,-0.000017,0.002363,0.000143,0.000488,0.002417
355172.000000,-0.050000,0.100000,-0.010000,-0.000194,0.000249,-0.000010,0.002367,0.000113,0.000501,0.002422
355184.000000,-0.010000,0.110000,-0.020000,-0.000118,0.000152,-0.000006,0.002512,0.000132,0.000469,0.002559
355200.000000,-0.040000,0.100000,0.010000,-0.000072,0.000092,-0.000004,0.002414,0.000107,0.000539,0.002476
355212.000000,-0.040000,0.090000,0.000000,-0.000044,0.000056,-0.000002,0.002359,0.000056,0.000553,0.002424
355224.000000,-0.030000,0.080000,0.010000,-0.000027,0.000034,-0.000001,0.002415,-0.000013,0.000605,0.002489
355242.000000,-0.030000,0.110000,-0.010000,-0.000016,0.000021,-0.000001,0.002242,0.000056,0.000510,0.002300
355256.000000,-0.010000,0.080000,0.000000,-0.000010,0.000013,-0.000001,0.002271,-0.000004,0.000501,0.002326
355273.000000,-0.040000,0.090000,0.000000,-0.000006,0.000008,-0.000000,0.002130,-0.000015,0.000490,0.002186
355287.000000,-0.050000,0.110000,0.000000,-0.000004,0.000005,-0.000000,0.002042,0.000058,0.000492,0.002101
355303.000000,-0.040000,0.090000,-0.010000,-0.000002,0.000003,-0.000000,0.001993,0.000033,0.000448,0.002043
355315.000000,-0.030000,0.090000,0.000000,-0.000001,0.000002,-0.000000,0.002041,0.000012,0.000464,0.002093
355328.000000,-0.040000,0.090000,-0.010000,-0.000001,0.000001,-0.000000,0.002071,-0.000002,0.000449,0.002119
355341.000000,-0.020000,0.090000,0.000000,-0.000001,0.000001,-0.000000,0.002120,-0.000009,0.000465,0.002171
355354.000000,-0.040000,0.100000,0.000000,-0.000000,0.000000,-0.000000,0.002063,0.000025,0.000475,0.002117
355369.000000,-0.020000,0.120000,0.000000,-0.000000,0.000000,-0.000000,0.002030,0.000125,0.000466,0.002087
355381.000000,-0.030000,0.110000,0.000000,-0.000000,0.000000,-0.000000,0.001998,0.000147,0.000463,0.002056
355393.000000,-0.010000,0.100000,0.000000,-0.000000,0.000000,-0.000000,0.002079,0.000120,0.000469,0.002135
355405.000000,-0.030000,0.100000,0.000000,-0.000000,0.000000,-0.000000,0.002051,0.000095,0.000469,0.002106
355421.000000,-0.030000,0.090000,0.000000,-0.000000,0.000000,-0.000000,0.001905,0.000036,0.000443,0.001956
355433.000000,-0.040000,0.110000,0.000000,-0.000000,0.000000,-0.000000,0.001812,0.000076,0.000433,0.001865
355445.000000,-0.040000,0.100000,0.000000,-0.000000,0.000000,-0.000000,0.001798,0.000077,0.000438,0.001852
355461.000000,-0.030000,0.080000,-0.010000,-0.000000,0.000000,-0.000000,0.001734,-0.000010,0.000379,0.001775
355473.000000,-0.020000,0.060000,0.000000,-0.000000,0.000000,-0.000000,0.001753,-0.000129,0.000384,0.001799
355486.000000,-0.020000,0.080000,0.010000,-0.000000,0.000000,-0.000000,0.001800,-0.000139,0.000436,0.001858
355501.000000,-0.030000,0.080000,0.000000,-0.000000,0.000000,-0.000000,0.001720,-0.000124,0.000418,0.001775
355515.000000,-0.040000,0.120000,-0.020000,-0.000000,0.000000,-0.000000,0.001619,0.000035,0.000324,0.001651
355527.000000,-0.040000,0.110000,0.000000,-0.000000,0.000000,-0.000000,0.001583,0.000100,0.000341,0.001623
355553.000000,-0.040000,0.050000,0.020000,-0.000000,0.000000,-0.000000,0.001211,-0.000107,0.000359,0.001267
355566.000000,-0.060000,0.050000,0.000000,-0.000000,0.000000,-0.000000,0.001213,-0.000219,0.000360,0.001284
355578.000000,-0.070000,0.090000,0.000000,-0.000000,0.000000,-0.000000,0.001235,-0.000154,0.000370,0.001298
355590.000000,-0.040000,0.100000,0.000000,-0.000000,0.000000,-0.000000,0.001348,-0.000054,0.000375,0.001400
355602.000000,-0.020000,0.100000,-0.010000,-0.000000,0.000000,-0.000000,0.001489,0.000012,0.000337,0.001526
355617.000000,-0.020000,0.070000,0.020000,-0.000000,0.000000,-0.000000,0.001523,-0.000067,0.000409,0.001578
355631.000000,-0.100000,0.050000,0.020000,-0.000000,0.000000,-0.000000,0.001213,-0.000198,0.000455,0.001311
355643.000000,-0.100000,0.110000,-0.020000,-0.000000,0.000000,-0.000000,0.001029,-0.000065,0.000342,0.001086
355655.000000,0.020000,0.140000,-0.010000,-0.000000,0.000000,-0.000000,0.001367,0.000155,0.000292,0.001407
355671.000000,-0.080000,0.060000,0.010000,-0.000000,0.000000,-0.000000,0.001195,-0.000008,0.000330,0.001239
355683.000000,-0.040000,0.060000,0.010000,-0.000000,0.000000,-0.000000,0.001207,-0.000128,0.000361,0.001266
355695.000000,-0.050000,0.090000,0.000000,-0.000000,0.000000,-0.000000,0.001224,-0.000096,0.000352,0.001277
355711.000000,0.010000,0.090000,-0.010000,-0.000000,0.000000,-0.000000,0.001396,-0.000049,0.000282,0.001425
355724.000000,-0.010000,0.070000,0.000000,-0.000000,0.000000,-0.000000,0.001432,-0.000097,0.000280,0.001462
355736.000000,-0.050000,0.070000,0.040000,-0.000000,0.000000,-0.000000,0.001324,-0.000137,0.000433,0.001400
355751.000000,-0.030000,0.120000,-0.030000,-0.000000,0.000000,-0.000000,0.001268,0.000034,0.000271,0.001297
355763.000000,0.000000,0.150000,0.000000,-0.000000,0.058558,-0.000000,0.001355,0.000248,0.000259,0.001401
355776.000000,-0.030000,0.110000,-0.020000,-0.000000,0.035698,-0.000000,0.001327,0.000245,0.000197,0.001364
355792.000000,-0.020000,0.040000,-0.010000,-0.000000,0.021762,-0.000000,0.001261,-0.000068,0.000180,0.001276
355804.000000,-0.030000,0.030000,0.020000,-0.000000,0.013266,-0.000000,0.001213,-0.000282,0.000285,0.001278
355820.000000,-0.030000,0.100000,0.000000,-0.000000,0.008087,-0.000000,0.001155,-0.000143,0.000286,0.001199
355832.000000,-0.040000,0.120000,-0.040000,-0.000000,0.004930,-0.000000,0.001100,0.000033,0.000136,0.001109
355844.000000,-0.030000,0.100000,-0.050000,-0.000000,0.003005,-0.000000,0.001124,0.000078,-0.000007,0.001127
355860.000000,-0.030000,0.060000,0.040000,-0.000000,0.001832,-0.000000,0.001086,-0.000070,0.000248,0.001116
355875.000000,-0.020000,0.060000,0.030000,-0.000000,0.001117,-0.000000,0.001085,-0.000165,0.000382,0.001162
355891.000000,-0.050000,0.110000,0.000000,-0.000000,0.000681,-0.000000,0.000961,-0.000021,0.000326,0.001015
355903.000000,-0.030000,0.100000,-0.040000,-0.000000,0.000415,-0.000000,0.000980,0.000036,0.000148,0.000992
355915.000000,-0.030000,0.090000,0.000000,-0.000000,0.000253,-0.000000,0.001025,0.000030,0.000168,0.001039
355928.000000,-0.010000,0.080000,0.030000,-0.000000,0.000154,-0.000000,0.001111,-0.000020,0.000315,0.001155
355941.000000,-0.050000,0.070000,-0.010000,-0.000000,0.000094,-0.000000,0.001002,-0.000091,0.000263,0.001040
355953.000000,-0.050000,0.080000,0.000000,-0.000000,0.000057,-0.000000,0.000918,-0.000097,0.000246,0.000956
355965.000000,-0.040000,0.110000,-0.020000,-0.000000,0.000035,-0.000000,0.000908,0.000015,0.000169,0.000923
355977.000000,-0.030000,0.080000,0.000000,-0.000000,0.000021,-0.000000,0.000940,-0.000011,0.000185,0.000958
355991.000000,-0.060000,0.070000,0.000000,-0.000000,0.000013,-0.000000,0.000828,-0.000084,0.000203,0.000857
356003.000000,-0.070000,0.060000,0.010000,-0.000000,0.000008,-0.000000,0.000715,-0.000162,0.000247,0.000773
356015.000000,-0.030000,0.100000,0.000000,-0.000000,0.000005,-0.000000,0.000796,-0.000068,0.000244,0.000835
356030.000000,-0.020000,0.090000,0.000000,-0.000000,0.000003,-0.000000,0.000880,-0.000020,0.000226,0.000909
356042.000000,-0.040000,0.110000,-0.040000,-0.000000,0.000002,-0.000000,0.000852,0.000067,0.000075,0.000858
356054.000000,-0.040000,0.070000,0.000000,-0.000000,0.000001,-0.000000,0.000838,-0.000017,0.000111,0.000845
356070.000000,-0.020000,0.080000,0.000000,-0.000000,0.000001,-0.000000,0.000860,-0.000055,0.000155,0.000875
356082.000000,-0.020000,0.090000,0.000000,-0.000000,0.000000,-0.000000,0.000884,-0.000032,0.000176,0.000902
356095.000000,-0.040000,0.060000,-0.020000,-0.000000,0.000000,-0.000000,0.000840,-0.000122,0.000118,0.000857
356111.000000,-0.080000,0.110000,0.000000,-0.000000,0.000000,-0.000000,0.000604,0.000006,0.000141,0.000620
356126.000000,-0.060000,0.090000,-0.020000,-0.000000,0.000000,-0.000000,0.000537,0.000022,0.000088,0.000545
356139.000000,0.050000,-0.250000,-0.060000,-0.000000,-0.097597,-0.000000,0.000924,-0.001207,-0.000091,0.001523
356152.000000,0.200000,-0.210000,-0.040000,0.078078,-0.141478,-0.000000,0.001760,-0.004817,-0.000139,0.005130
356165.000000,0.240000,-0.690000,-0.580000,0.141290,-0.355614,-0.226425,0.006028,-0.012966,-0.005287,0.015244
356179.000000,-1.870000,1.540000,-1.700000,-0.643894,0.384411,-0.801691,-0.009775,-0.001354,-0.023388,0.025384
356193.000000,-2.530000,2.060000,-2.050000,-1.380207,1.038541,-1.289016,-0.038165,0.021471,-0.048686,0.065482
356210.000000,1.640000,-0.020000,-12.360000,-0.201154,0.633107,-5.610998,-0.027601,0.028518,-0.204717,0.208528
356225.000000,2.060000,-0.510000,-15.210000,0.681574,0.186851,-9.358335,-0.001949,0.024121,-0.405486,0.406207
356237.000000,2.350000,-1.260000,-17.170000,1.332908,-0.377982,-12.407917,0.024929,0.011755,-0.597708,0.598344
356254.000000,2.170000,-1.110000,-17.540001,1.659699,-0.663753,-14.411422,0.063565,-0.007738,-0.887860,0.890166
356333.000000,-5.510000,0.640000,0.820000,-1.139267,-0.154783,-8.465254,0.026444,-0.007216,-0.942225,0.942624
356350.000000,-6.150000,-0.020000,3.990000,-3.095398,-0.094358,-3.602870,-0.061128,-0.008262,-0.917580,0.919651
356364.000000,-6.230000,-0.810000,7.180000,-4.319110,-0.373736,0.606635,-0.142673,-0.017305,-0.840905,0.853098
356378.000000,-6.370000,-0.880000,8.920000,-5.119753,-0.571376,3.852075,-0.228418,-0.029490,-0.730265,0.765723
356392.000000,-6.370000,-0.820000,12.250000,-5.607835,-0.668436,7.130526,-0.315423,-0.042028,-0.576801,0.658754
356406.000000,-6.200000,-0.840000,14.950000,-5.839009,-0.735412,10.183156,-0.401139,-0.054869,-0.384030,0.558035
356422.000000,-6.100000,-0.490000,16.770000,-5.940897,-0.639606,12.754582,-0.497540,-0.065728,-0.129860,0.518392
356436.000000,-5.560000,-0.470000,16.990000,-5.792199,-0.573394,14.408039,-0.576189,-0.074032,0.103584,0.590088
356453.000000,-4.310000,0.300000,16.940001,-5.213566,-0.232431,15.396487,-0.654738,-0.074516,0.390480,0.765969
356470.000000,-3.620000,0.200000,15.860000,-4.591457,-0.063615,15.577437,-0.719991,-0.073310,0.665552,0.983220
356484.000000,-3.520000,0.290000,15.150000,-4.173173,0.074432,15.410570,-0.769464,-0.071018,0.882203,1.172775
356501.000000,-3.780000,1.160000,13.670000,-4.019683,0.498225,14.731072,-0.831078,-0.057408,1.124068,1.399112
356515.000000,-4.020000,2.090000,11.240000,-4.019807,1.119635,13.368199,-0.884552,-0.034410,1.294197,1.567980
356529.000000,-2.960000,2.370000,7.600000,-3.606071,1.607763,11.116362,-0.928458,-0.005133,1.419937,1.696550
356543.000000,-1.870000,1.610000,5.230000,-2.928329,1.608636,8.818396,-0.958811,0.018581,1.509135,1.788058
356560.000000,-0.230000,0.550000,-0.590000,-1.874933,1.195357,5.145469,-0.971215,0.032736,1.534877,1.816639
356574.000000,-0.400000,1.020000,-1.610000,-1.299137,1.126900,2.508214,-0.977055,0.045382,1.525681,1.812291
356588.000000,-0.940000,1.580000,-2.080000,-1.158934,1.303785,0.717029,-0.986875,0.063812,1.502760,1.798967
356603.000000,-1.940000,2.240000,-3.440000,-1.463853,1.669272,-0.905826,-1.009175,0.092348,1.459510,1.776832
356619.000000,-1.570000,0.850000,-4.870000,-1.505292,1.349438,-2.453393,-1.032586,0.110031,1.391380,1.736168
356633.000000,-1.850000,-0.860000,-6.510000,-1.639862,0.486899,-4.037044,-1.055717,0.105398,1.309920,1.685686
356651.000000,-1.790000,-2.500000,-7.350000,-1.698474,-0.679151,-5.330383,-1.085722,0.071021,1.186174,1.609610
356665.000000,-1.900000,-2.120000,-7.100000,-1.777147,-1.241641,-6.021221,-1.110198,0.041377,1.087942,1.554950
356679.000000,-2.060000,-0.400000,-4.690000,-1.887570,-0.913074,-5.501528,-1.136585,0.027716,1.012733,1.522570
356693.000000,-1.470000,0.130000,-4.310000,-1.724555,-0.556621,-5.036369,-1.157762,0.024044,0.948154,1.496658
356710.000000,-1.800000,0.450000,-1.150000,-1.754008,-0.163648,-3.519177,-1.185507,0.027033,0.911213,1.495482
356724.000000,2.560000,-3.120000,-1.380000,-0.069870,-1.317773,-2.684067,-1.166129,-0.003652,0.888784,1.466222
356738.000000,11.220000,-7.550000,-4.560000,4.337562,-3.750761,-3.416409,-1.049215,-0.087695,0.837590,1.345399
356753.000000,-5.160000,0.090000,0.850000,0.629826,-2.286508,-1.750853,-1.064589,-0.114672,0.830297,1.354951
356770.000000,-0.990000,0.320000,-0.370000,-0.002535,-1.268958,-1.211785,-1.080207,-0.121065,0.823684,1.363803
356784.000000,1.140000,-1.240000,-0.230000,0.443497,-1.257653,-0.738718,-1.071749,-0.135644,0.820018,1.356272
356801.000000,1.500000,0.070000,0.340000,0.855943,-0.766680,-0.317599,-1.049428,-0.141150,0.822998,1.341100
356815.000000,1.490000,0.030000,-0.330000,1.103472,-0.467377,-0.322440,-1.028167,-0.143064,0.820722,1.323321
356829.000000,-0.480000,0.250000,0.290000,0.485303,-0.187322,-0.196563,-1.025348,-0.142036,0.823103,1.322502
356843.000000,-0.150000,0.260000,0.420000,0.237288,-0.012693,0.044136,-1.024828,-0.140027,0.828155,1.325036
356859.000000,-0.010000,0.080000,0.070000,0.144654,-0.007738,0.026906,-1.023453,-0.139410,0.830925,1.325643
356871.000000,-0.140000,0.100000,0.480000,0.088183,-0.004717,0.203788,-1.023339,-0.139158,0.835770,1.328571
356885.000000,0.240000,0.020000,0.160000,0.147450,-0.002875,0.124232,-0.010237,-0.139721,0.839256,0.850869
356902.000000,-0.090000,0.140000,0.150000,0.089887,-0.001753,0.075733,0.001470,-0.139289,0.842580,0.854017
356916.000000,-0.060000,0.120000,0.280000,0.054796,-0.001069,0.046168,0.005021,-0.001260,0.846368,0.846383
356930.000000,-0.090000,0.070000,-0.180000,0.033405,-0.000651,0.028144,0.006307,0.000074,0.845962,0.845985
356945.000000,-0.140000,0.180000,0.000000,0.020364,0.069873,0.017157,0.006451,0.002667,0.007418,0.010186
356962.000000,-0.120000,0.120000,0.030000,0.012414,0.042595,0.010459,0.006212,0.005233,-0.000868,0.008168
356976.000000,-0.100000,0.100000,-0.080000,0.007568,0.025967,0.006376,0.006281,0.007058,-0.003806,0.010186
356990.000000,-0.070000,0.090000,0.070000,0.004613,0.015830,0.003887,0.006498,0.008699,-0.004541,0.011770
357004.000000,-0.060000,0.130000,-0.090000,0.002812,0.009650,0.002370,0.006606,0.010677,-0.005248,0.013608
357021.000000,-0.080000,0.110000,0.110000,0.001714,0.005883,0.001444,0.006258,0.001364,-0.004634,0.007906
357035.000000,-0.060000,0.090000,0.070000,0.001045,0.003586,0.000881,0.006245,0.000975,-0.004440,0.007724
357054.000000,-0.110000,0.130000,0.050000,0.000637,0.002186,0.000537,0.005659,0.000962,-0.004140,0.007077
357071.000000,-0.050000,0.120000,-0.030000,0.000388,0.001333,0.000327,0.005637,0.000959,-0.004349,0.007184
357085.000000,-0.090000,0.100000,-0.050000,0.000237,0.000812,0.000199,0.005707,0.000916,-0.004710,0.007456
357102.000000,-0.110000,0.120000,0.060000,0.000144,0.000495,0.000122,0.005468,0.000926,-0.004351,0.007049
357116.000000,-0.080000,0.100000,0.000000,0.000088,0.000302,0.000074,0.005517,0.000880,-0.004389,0.007104
357132.000000,-0.100000,0.090000,0.030000,0.000054,0.000184,0.000045,0.005397,0.000792,-0.004255,0.006918
357146.000000,-0.100000,0.090000,0.040000,0.000033,0.000112,0.000028,0.005346,0.000747,-0.004154,0.006811
357161.000000,-0.080000,0.100000,-0.050000,0.000020,0.000068,0.000017,0.005350,0.000756,-0.004399,0.006968
357175.000000,-0.120000,0.100000,0.030000,0.000012,0.000042,0.000010,0.005195,0.000764,-0.004259,0.006761
357192.000000,-0.070000,0.120000,-0.040000,0.000007,0.000025,0.000006,0.005056,0.000813,-0.004221,0.006636
357206.000000,-0.060000,0.100000,-0.050000,0.000005,0.000015,0.000004,0.005125,0.000783,-0.004330,0.006755
357222.000000,-0.100000,0.120000,0.000000,0.000003,0.000009,0.000002,0.004943,0.000819,-0.004143,0.006502
357250.000000,-0.100000,0.130000,0.010000,0.000002,0.000006,0.000001,0.003697,0.000689,-0.003039,0.004835
357262.000000,-0.090000,0.120000,-0.030000,0.000001,0.000004,0.000001,0.004090,0.000757,-0.003438,0.005396
357274.000000,-0.080000,0.120000,-0.020000,0.000001,0.000002,0.000001,0.004631,0.000842,-0.003886,0.006104
357290.000000,-0.090000,0.110000,0.010000,0.000000,0.000001,0.000000,0.004668,0.000806,-0.003818,0.006084
357302.000000,-0.070000,0.100000,0.000000,0.000000,0.000001,0.000000,0.004731,0.000747,-0.003792,0.006109
357316.000000,-0.090000,0.120000,-0.020000,0.000000,0.000000,0.000000,0.004726,0.000784,-0.003873,0.006161
357332.000000,-0.070000,0.090000,0.010000,0.000000,0.000000,0.000000,0.004553,0.000664,-0.003625,0.005858
357346.000000,-0.070000,0.100000,-0.030000,0.000000,0.000000,0.000000,0.004498,0.000632,-0.003651,0.005828
357361.000000,-0.100000,0.120000,0.000000,0.000000,0.000000,0.000000,0.004328,0.000692,-0.003552,0.005642
357373.000000,-0.100000,0.130000,0.020000,0.000000,0.000000,0.000000,0.004273,0.000774,-0.003453,0.005548
357389.000000,-0.080000,0.100000,-0.010000,0.000000,0.000000,0.000000,0.004195,0.000693,-0.003397,0.005442
357403.000000,-0.050000,0.090000,0.000000,0.000000,0.000000,0.000000,0.004244,0.000593,-0.003322,0.005422
357420.000000,-0.100000,0.090000,-0.010000,0.000000,0.000000,0.000000,0.003946,0.000511,-0.003196,0.005104
357434.000000,-0.100000,0.110000,0.010000,0.000000,0.000000,0.000000,0.003839,0.000556,-0.003117,0.004976
357451.000000,-0.070000,0.100000,0.000000,0.000000,0.000000,0.000000,0.003779,0.000539,-0.003007,0.004859
357465.000000,-0.060000,0.110000,-0.030000,0.000000,0.000000,0.000000,0.003855,0.000570,-0.003111,0.004986
357479.000000,-0.090000,0.090000,0.030000,0.000000,0.000000,0.000000,0.003826,0.000522,-0.002990,0.004883
357493.000000,-0.090000,0.120000,-0.010000,0.000000,0.000000,0.000000,0.003756,0.000591,-0.003012,0.004851
357510.000000,-0.090000,0.120000,0.000000,0.000000,0.000000,0.000000,0.003529,0.000617,-0.002857,0.004582
357524.000000,-0.080000,0.130000,0.010000,0.000000,0.000000,0.000000,0.003513,0.000672,-0.002786,0.004534
357541.000000,-0.070000,0.080000,0.010000,0.000000,0.000000,0.000000,0.003446,0.000496,-0.002659,0.004381
357555.000000,-0.090000,0.090000,0.010000,0.000000,0.000000,0.000000,0.003393,0.000432,-0.002638,0.004319
357572.000000,-0.080000,0.110000,0.000000,0.000000,0.000000,0.000000,0.003287,0.000466,-0.002584,0.004207
357586.000000,-0.090000,0.140000,0.000000,0.000000,0.000000,0.000000,0.003249,0.000609,-0.002598,0.004205
357602.000000,-0.080000,0.100000,0.010000,0.000000,0.000000,0.000000,0.003212,0.000544,-0.002528,0.004123
357616.000000,-0.090000,0.090000,0.010000,0.000000,0.000000,0.000000,0.003172,0.000454,-0.002496,0.004062
357632.000000,-0.090000,0.120000,0.000000,0.000000,0.000000,0.000000,0.003078,0.000502,-0.002463,0.003974
357646.000000,-0.090000,0.110000,-0.030000,0.000000,0.000000,0.000000,0.003044,0.000507,-0.002572,0.004017
357663.000000,-0.080000,0.100000,0.010000,0.000000,0.000000,0.000000,0.002954,0.000449,-0.002403,0.003834
357675.000000,-0.070000,0.090000,0.030000,0.000000,0.000000,0.000000,0.003023,0.000394,-0.002294,0.003815
357691.000000,-0.060000,0.090000,-0.010000,0.000000,0.000000,0.000000,0.003069,0.000349,-0.002335,0.003872
357705.000000,-0.070000,0.130000,-0.010000,0.000000,0.000000,0.000000,0.003029,0.000472,-0.002357,0.003867
357722.000000,-0.080000,0.100000,0.000000,0.000000,0.000000,0.000000,0.002850,0.000432,-0.002246,0.003654
357734.000000,-0.090000,0.100000,0.010000,0.000000,0.000000,0.000000,0.002799,0.000408,-0.002210,0.003590
357751.000000,-0.070000,0.120000,0.000000,0.000000,0.000000,0.000000,0.002757,0.000456,-0.002154,0.003528
357765.000000,-0.080000,0.110000,0.000000,0.000000,0.000000,0.000000,0.002716,0.000453,-0.002137,0.003485
357777.000000,-0.080000,0.110000,0.010000,0.000000,0.000000,0.000000,0.002752,0.000457,-0.002141,0.003516
357792.000000,-0.090000,0.120000,-0.010000,0.000000,0.000000,0.000000,0.002677,0.000487,-0.002169,0.003480
357804.000000,-0.070000,0.100000,0.000000,0.000000,0.000000,0.000000,0.002696,0.000433,-0.002149,0.003474
357821.000000,-0.090000,0.100000,0.000000,0.000000,0.000000,0.000000,0.002520,0.000369,-0.002033,0.003259
357833.000000,-0.080000,0.120000,-0.010000,0.000000,0.000000,0.000000,0.002503,0.000416,-0.002044,0.003258
357849.000000,-0.090000,0.120000,0.000000,0.000000,0.000000,0.000000,0.002427,0.000453,-0.001992,0.003172
357863.000000,-0.100000,0.120000,0.000000,0.000000,0.000000,0.000000,0.002328,0.000466,-0.001945,0.003069
357875.000000,-0.080000,0.090000,0.000000,0.000000,0.000000,0.000000,0.002385,0.000373,-0.001954,0.003106
357892.000000,-0.050000,0.110000,-0.030000,0.000000,0.000000,0.000000,0.002425,0.000355,-0.001975,0.003148
357906.000000,-0.080000,0.100000,0.000000,0.000000,0.000000,0.000000,0.002353,0.000323,-0.001894,0.003037
357922.000000,-0.100000,0.080000,0.010000,0.000000,0.000000,0.000000,0.002186,0.000222,-0.001767,0.002819
357936.000000,-0.080000,0.110000,0.020000,0.000000,0.000000,0.000000,0.002177,0.000274,-0.001672,0.002759
357952.000000,-0.080000,0.130000,0.000000,0.000000,0.000000,0.000000,0.002139,0.000391,-0.001658,0.002734
357966.000000,-0.080000,0.110000,-0.020000,0.000000,0.000000,0.000000,0.002131,0.000386,-0.001743,0.002780
357982.000000,-0.070000,0.070000,0.000000,0.000000,0.000000,0.000000,0.002120,0.000210,-0.001689,0.002719
357996.000000,-0.060000,0.080000,0.000000,0.000000,0.000000,0.000000,0.002164,0.000141,-0.001658,0.002729
358012.000000,-0.080000,0.140000,-0.020000,0.000000,0.000000,0.000000,0.002072,0.000335,-0.001681,0.002689
358026.000000,-0.070000,0.140000,-0.030000,0.000000,0.000000,0.000000,0.002060,0.000464,-0.001745,0.002740
358042.000000,-0.080000,0.080000,0.000000,0.000000,0.000000,0.000000,0.001979,0.000296,-0.001635,0.002584
358056.000000,-0.080000,0.100000,0.020000,0.000000,0.000000,0.000000,0.001942,0.000254,-0.001498,0.002466
358072.000000,-0.080000,0.120000,0.000000,0.000000,0.000000,0.000000,0.001882,0.000312,-0.001457,0.002401
358086.000000,-0.080000,0.140000,0.000000,0.000000,0.000000,0.000000,0.001862,0.000427,-0.001456,0.002402
358102.000000,-0.080000,0.120000,0.000000,0.000000,0.000000,0.000000,0.001812,0.000417,-0.001427,0.002344
358116.000000,-0.070000,0.110000,0.000000,0.000000,0.000000,0.000000,0.001832,0.000363,-0.001419,0.002346
358132.000000,-0.070000,0.100000,0.000000,0.000000,0.000000,0.000000,0.001811,0.000281,-0.001385,0.002297
358145.000000,-0.110000,0.100000,0.000000,0.000000,0.000000,0.000000,0.001677,0.000242,-0.001384,0.002188
358162.000000,-0.100000,0.090000,-0.010000,0.000000,0.000000,0.000000,0.001550,0.000172,-0.001369,0.002075
358176.000000,-0.070000,0.110000,0.000000,0.000000,0.000000,0.000000,0.001620,0.000212,-0.001341,0.002114
358380.000000,-0.090000,0.120000,0.010000,0.000000,0.000000,0.000000,0.001641,0.000284,-0.001316,0.002123
358392.000000,-0.080000,0.110000,-0.010000,0.000000,0.000000,0.000000,0.001693,0.000298,-0.001380,0.002204
358405.000000,-0.080000,0.120000,-0.010000,0.000000,0.000000,0.000000,0.001700,0.000331,-0.001408,0.002232
358422.000000,-0.100000,0.110000,0.000000,0.000000,0.000000,0.000000,0.001505,0.000292,-0.001285,0.002000
358437.000000,-0.070000,0.130000,0.000000,0.000000,0.000000,0.000000,0.001516,0.000342,-0.001222,0.001977
358452.000000,-0.080000,0.100000,0.000000,0.000000,0.000000,0.000000,0.001508,0.000268,-0.001195,0.001943
358467.000000,-0.090000,0.120000,0.000000,0.000000,0.000000,0.000000,0.001451,0.000286,-0.001174,0.001888
358482.000000,-0.080000,0.100000,-0.010000,0.000000,0.000000,0.000000,0.001440,0.000228,-0.001190,0.001882
358496.000000,-0.100000,0.100000,0.000000,0.000000,0.000000,0.000000,0.001370,0.000190,-0.001170,0.001811
358510.000000,-0.080000,0.110000,-0.010000,0.000000,0.000000,0.000000,0.001393,0.000207,-0.001189,0.001843
358522.000000,-0.080000,0.100000,-0.010000,0.000000,0.000000,0.000000,0.001424,0.000188,-0.001210,0.001878
358536.000000,-0.100000,0.140000,0.020000,0.000000,0.000000,0.000000,0.001356,0.000320,-0.001098,0.001774
358550.000000,-0.080000,0.120000,0.000000,0.000000,0.000000,0.000000,0.001351,0.000330,-0.001071,0.001755
358562.000000,-0.090000,0.090000,0.000000,0.000000,0.000000,0.000000,0.001331,0.000219,-0.001076,0.001726
358574.000000,-0.080000,0.110000,0.000000,0.000000,0.000000,0.000000,0.001365,0.000210,-0.001091,0.001760
358592.000000,-0.070000,0.110000,0.000000,0.000000,0.000000,0.000000,0.001308,0.000200,-0.001003,0.001660
358606.000000,-0.080000,0.110000,0.010000,0.000000,0.000000,0.000000,0.001272,0.000200,-0.000944,0.001597
358620.000000,-0.080000,0.100000,-0.010000,0.000000,0.000000,0.000000,0.001268,0.000167,-0.000996,0.001621
358632.000000,-0.080000,0.120000,0.010000,0.000000,0.000000,0.000000,0.001274,0.000217,-0.000970,0.001615
358648.000000,-0.080000,0.110000,-0.010000,0.000000,0.000000,0.000000,0.001230,0.000213,-0.000983,0.001589
358660.000000,-0.080000,0.100000,0.000000,0.000000,0.000000,0.000000,0.001215,0.000172,-0.000967,0.001562
358672.000000,-0.080000,0.100000,0.020000,0.000000,0.000000,0.000000,0.001234,0.000145,-0.000904,0.001537
358688.000000,-0.100000,0.100000,0.010000,0.000000,0.000000,0.000000,0.001103,0.000122,-0.000842,0.001393
358702.000000,-0.080000,0.130000,0.000000,0.000000,0.000000,0.000000,0.001094,0.000221,-0.000849,0.001403
358718.000000,-0.080000,0.120000,0.010000,0.000000,0.000000,0.000000,0.001081,0.000250,-0.000806,0.001371
358733.000000,-0.080000,0.080000,0.010000,0.000000,0.000000,0.000000,0.001069,0.000107,-0.000776,0.001326
358748.000000,-0.100000,0.110000,0.000000,0.000000,0.000000,0.000000,0.000986,0.000123,-0.000796,0.001273
358763.000000,-0.090000,0.120000,0.010000,0.000000,0.000000,0.000000,0.000962,0.000184,-0.000768,0.001245
358802.000000,-0.080000,0.080000,0.020000,0.000000,0.000000,0.000000,0.000600,0.000025,-0.000415,0.000730
358816.000000,-0.080000,0.110000,-0.010000,0.000000,0.000000,0.000000,0.000787,0.000079,-0.000613,0.001001
358832.000000,-0.100000,0.130000,0.000000,0.000000,0.000000,0.000000,0.000832,0.000202,-0.000717,0.001117
358848.000000,-0.090000,0.130000,-0.020000,0.000000,0.000000,0.000000,0.000852,0.000269,-0.000814,0.001208
358861.000000,-0.090000,0.100000,0.010000,0.000000,0.000000,0.000000,0.000877,0.000196,-0.000772,0.001185
358875.000000,-0.080000,0.090000,0.030000,0.000000,0.000000,0.000000,0.000930,0.000099,-0.000657,0.001143
358892.000000,-0.100000,0.130000,-0.010000,0.000000,0.000000,0.000000,0.000834,0.000187,-0.000696,0.001102
358906.000000,-0.080000,0.120000,-0.010000,0.000000,0.000000,0.000000,0.000863,0.000216,-0.000746,0.001161
358922.000000,-0.080000,0.110000,0.000000,0.000000,0.000000,0.000000,0.000877,0.000187,-0.000727,0.001154
358937.000000,-0.090000,0.080000,0.010000,0.000000,0.000000,0.000000,0.000841,0.000052,-0.000668,0.001075
358951.000000,-0.090000,0.130000,-0.010000,0.000000,0.000000,0.000000,0.000823,0.000153,-0.000711,0.001098
358964.000000,-0.080000,0.100000,0.010000,0.000000,0.000000,0.000000,0.000855,0.000126,-0.000676,0.001097
358978.000000,-0.080000,0.120000,0.010000,0.000000,0.000000,0.000000,0.000870,0.000169,-0.000638,0.001092
358993.000000,-0.090000,0.110000,0.000000,0.000000,0.000000,0.000000,0.000816,0.000159,-0.000638,0.001047
359011.000000,-0.070000,0.110000,0.010000,0.000000,0.000000,0.000000,0.000809,0.000139,-0.000569,0.000999
359025.000000,-0.080000,0.100000,0.000000,0.000000,0.000000,0.000000,0.000806,0.000098,-0.000588,0.001003
359041.000000,-0.090000,0.120000,0.000000,0.000000,0.000000,0.000000,0.000754,0.000145,-0.000599,0.000974
359055.000000,-0.080000,0.100000,0.000000,0.000000,0.000000,0.000000,0.000762,0.000106,-0.000606,0.000979
359070.000000,-0.070000,0.110000,0.030000,0.000000,0.000000,0.000000,0.000803,0.000111,-0.000491,0.000948
359082.000000,-0.070000,0.100000,-0.020000,0.000000,0.000000,0.000000,0.000836,0.000084,-0.000601,0.001033
359110.000000,-0.100000,0.110000,0.040000,0.000000,0.000000,0.000000,0.000537,0.000078,-0.000328,0.000635
359122.000000,-0.100000,0.110000,0.000000,0.000000,0.000000,0.000000,0.000537,0.000095,-0.000414,0.000685
359139.000000,-0.080000,0.110000,0.010000,0.000000,0.000000,0.000000,0.000619,0.000108,-0.000457,0.000777
359153.000000,-0.080000,0.110000,-0.020000,0.000000,0.000000,0.000000,0.000664,0.000114,-0.000577,0.000887
359170.000000,-0.090000,0.120000,0.020000,0.000000,0.000000,0.000000,0.000629,0.000150,-0.000487,0.000809
359184.000000,-0.080000,0.140000,0.000000,0.000000,0.000000,0.000000,0.000650,0.000246,-0.000502,0.000857
359451.000000,-0.050000,0.070000,-0.020000,0.000000,0.000000,0.000000,0.000785,0.000063,-0.000600,0.000990
359551.000000,-0.090000,0.140000,-0.030000,0.000000,0.000000,0.000000,0.000743,0.000170,-0.000710,0.001042
359751.000000,-0.080000,0.160000,0.000000,0.000000,0.062462,0.000000,0.000724,0.000342,-0.000663,0.001039
359913.000000,-0.080000,0.100000,0.000000,0.000000,0.038078,0.000000,0.000710,0.000235,-0.000610,0.000965
360728.000000,-0.080000,0.130000,-0.020000,0.000000,0.023213,0.000000,0.000684,0.000237,-0.000635,0.000963
360741.000000,-0.070000,0.120000,-0.010000,0.000000,0.014151,0.000000,0.000698,0.000214,-0.000616,0.000955
360753.000000,-0.070000,0.090000,0.000000,0.000000,0.008626,0.000000,0.000716,0.000092,-0.000570,0.000920
360769.000000,-0.080000,0.110000,0.000000,0.000000,0.005259,0.000000,0.000657,0.000072,-0.000509,0.000834
360783.000000,-0.090000,0.100000,0.010000,0.000000,0.003206,0.000000,0.000581,0.000040,-0.000441,0.000731
360800.000000,-0.080000,0.120000,0.000000,0.000000,0.001954,0.000000,0.000552,0.000094,-0.000423,0.000702
360814.000000,-0.070000,0.110000,-0.010000,0.000000,0.001191,0.000000,0.000590,0.000094,-0.000464,0.000757
360829.000000,-0.070000,0.100000,0.000000,0.000000,0.000726,0.000000,0.000617,0.000052,-0.000455,0.000768
360843.000000,-0.080000,0.110000,0.000000,0.000000,0.000443,0.000000,0.000590,0.000061,-0.000442,0.000740
360860.000000,-0.100000,0.140000,0.000000,0.000000,0.000270,0.000000,0.000467,0.000183,-0.000416,0.000652
360874.000000,-0.060000,0.110000,0.010000,0.000000,0.000165,0.000000,0.000554,0.000148,-0.000373,0.000684
360889.000000,-0.070000,0.110000,0.000000,0.000000,0.000100,0.000000,0.000585,0.000111,-0.000382,0.000708
360901.000000,-0.090000,0.110000,0.000000,0.000000,0.000061,0.000000,0.000530,0.000093,-0.000396,0.000668
360914.000000,-0.100000,0.130000,0.020000,0.000000,0.000037,0.000000,0.000452,0.000158,-0.000334,0.000583
360928.000000,-0.080000,0.090000,0.020000,0.000000,0.000023,0.000000,0.000465,0.000053,-0.000278,0.000545
360942.000000,-0.090000,0.100000,-0.020000,0.000000,0.000014,0.000000,0.000441,0.000011,-0.000394,0.000591
360960.000000,-0.070000,0.080000,0.020000,0.000000,0.000008,0.000000,0.000471,-0.000083,-0.000302,0.000566
360974.000000,-0.080000,0.110000,0.010000,0.000000,0.000005,0.000000,0.000471,-0.000025,-0.000286,0.000551
360991.000000,-0.080000,0.150000,-0.020000,0.000000,0.058561,0.000000,0.000453,0.000178,-0.000388,0.000623
361005.000000,-0.060000,0.120000,-0.030000,0.000000,0.035700,0.000000,0.000523,0.000184,-0.000492,0.000742
361021.000000,-0.070000,0.110000,0.010000,0.000000,0.021763,0.000000,0.000526,0.000128,-0.000395,0.000670
361035.000000,-0.070000,0.120000,0.000000,0.000000,0.013267,0.000000,0.000523,0.000130,-0.000362,0.000650
361052.000000,-0.090000,0.120000,0.000000,0.000000,0.008088,0.000000,0.000425,0.000132,-0.000336,0.000557
361069.000000,-0.080000,0.090000,0.000000,0.000000,0.004930,0.000000,0.000396,0.000018,-0.000318,0.000508
361083.000000,-0.060000,0.100000,0.000000,0.000000,0.003006,0.000000,0.000473,-0.000012,-0.000319,0.000571
361100.000000,-0.090000,0.090000,0.000000,0.000000,0.001832,0.000000,0.000399,-0.000060,-0.000310,0.000509
361114.000000,-0.080000,0.120000,0.000000,0.000000,0.001117,0.000000,0.000390,0.000024,-0.000310,0.000499
361129.000000,-0.050000,0.100000,0.000000,0.000000,0.000681,0.000000,0.000502,0.000011,-0.000309,0.000589
361143.000000,-0.080000,0.100000,-0.010000,0.000000,0.000415,0.000000,0.000462,-0.000007,-0.000344,0.000576
361159.000000,-0.080000,0.140000,0.010000,0.000000,0.000253,0.000000,0.000410,0.000134,-0.000284,0.000516
361171.000000,-0.080000,0.120000,0.000000,0.000000,0.000154,0.000000,0.000391,0.000151,-0.000285,0.000507
361184.000000,-0.080000,0.120000,-0.010000,0.000000,0.000094,0.000000,0.000388,0.000151,-0.000332,0.000533
361223.000000,-0.080000,0.080000,0.010000,0.000000,0.000057,0.000000,0.000218,-0.000033,-0.000155,0.000270
361239.000000,-0.080000,0.100000,0.000000,0.000000,0.000035,0.000000,0.000275,-0.000041,-0.000207,0.000346
361462.000000,-0.090000,0.100000,0.000000,0.000000,0.000021,0.000000,0.000281,-0.000039,-0.000245,0.000374
361474.000000,-0.070000,0.090000,0.010000,0.000000,0.000013,0.000000,0.000353,-0.000072,-0.000234,0.000430
361489.000000,-0.080000,0.100000,-0.010000,0.000000,0.000008,0.000000,0.000356,-0.000058,-0.000288,0.000461
361557.000000,-0.090000,0.140000,-0.020000,0.000000,0.000005,0.000000,0.000302,0.000107,-0.000353,0.000477
361570.000000,-0.080000,0.110000,0.010000,0.000000,0.000003,0.000000,0.000308,0.000102,-0.000286,0.000433
361582.000000,-0.070000,0.110000,0.010000,0.000000,0.000002,0.000000,0.000357,0.000083,-0.000236,0.000436
361598.000000,-0.070000,0.120000,-0.020000,0.000000,0.000001,0.000000,0.000378,0.000103,-0.000309,0.000499
361610.000000,-0.090000,0.110000,-0.010000,0.000000,0.000001,0.000000,0.000317,0.000083,-0.000325,0.000462
361622.000000,-0.090000,0.120000,0.000000,0.000000,0.000000,0.000000,0.000278,0.000104,-0.000301,0.000423
361638.000000,-0.080000,0.120000,-0.010000,0.000000,0.000000,0.000000,0.000277,0.000117,-0.000301,0.000426
361650.000000,-0.080000,0.120000,0.010000,0.000000,0.000000,0.000000,0.000285,0.000123,-0.000238,0.000391
361662.000000,-0.080000,0.100000,0.000000,0.000000,0.000000,0.000000,0.000297,0.000057,-0.000232,0.000381
361674.000000,-0.080000,0.130000,0.010000,0.000000,0.000000,0.000000,0.000301,0.000116,-0.000198,0.000378
361689.000000,-0.070000,0.110000,-0.020000,0.000000,0.000000,0.000000,0.000330,0.000089,-0.000279,0.000441
361701.000000,-0.080000,0.120000,-0.030000,0.000000,0.000000,0.000000,0.000312,0.000100,-0.000368,0.000493
361715.000000,-0.080000,0.130000,0.000000,0.000000,0.000000,0.000000,0.000295,0.000150,-0.000314,0.000456
361730.000000,-0.080000,0.100000,0.010000,0.000000,0.000000,0.000000,0.000276,0.000064,-0.000217,0.000356
361742.000000,-0.090000,0.100000,-0.010000,0.000000,0.000000,0.000000,0.000234,0.000008,-0.000237,0.000333
361760.000000,-0.100000,0.100000,0.010000,0.000000,0.000000,0.000000,0.000150,-0.000028,-0.000171,0.000230
361772.000000,-0.080000,0.130000,0.010000,0.000000,0.000000,0.000000,0.000185,0.000063,-0.000140,0.000240
361788.000000,-0.080000,0.080000,-0.030000,0.000000,0.000000,0.000000,0.000218,-0.000055,-0.000273,0.000353
361800.000000,-0.090000,0.100000,0.010000,0.000000,0.000000,0.000000,0.000199,-0.000065,-0.000215,0.000300
361812.000000,-0.080000,0.110000,0.030000,0.000000,0.000000,0.000000,0.000221,-0.000026,-0.000093,0.000242
361824.000000,-0.090000,0.110000,0.000000,0.000000,0.000000,0.000000,0.000202,0.000004,-0.000117,0.000234
361839.000000,-0.080000,0.120000,-0.020000,0.000000,0.000000,0.000000,0.000215,0.000060,-0.000225,0.000317
361851.000000,-0.070000,0.090000,0.030000,0.000000,0.000000,0.000000,0.000260,-0.000016,-0.000111,0.000284
361866.000000,-0.080000,0.090000,0.000000,0.000000,0.000000,0.000000,0.000253,-0.000080,-0.000124,0.000293
361881.000000,-0.080000,0.150000,0.010000,0.000000,0.058558,0.000000,0.000235,0.000115,-0.000107,0.000283
361895.000000,-0.080000,0.130000,0.000000,0.000000,0.035698,0.000000,0.000227,0.000173,-0.000132,0.000314
361909.000000,-0.060000,0.110000,-0.010000,0.000000,0.021762,0.000000,0.000296,0.000117,-0.000188,0.000370
361921.000000,-0.070000,0.120000,0.020000,0.000000,0.013266,0.000000,0.000308,0.000111,-0.000116,0.000348
361935.000000,-0.080000,0.100000,0.010000,0.000000,0.008087,0.000000,0.000269,0.000036,-0.000091,0.000286
361949.000000,-0.090000,0.090000,0.000000,0.000000,0.004930,0.000000,0.000198,-0.000052,-0.000119,0.000236
361962.000000,-0.070000,0.120000,0.030000,0.000000,0.003005,0.000000,0.000229,0.000008,-0.000031,0.000231
361974.000000,-0.080000,0.100000,0.010000,0.000000,0.001832,0.000000,0.000224,-0.000013,-0.000039,0.000227
361989.000000,-0.080000,0.100000,0.020000,0.000000,0.001117,0.000000,0.000209,-0.000036,-0.000018,0.000213
362001.000000,-0.080000,0.090000,0.010000,0.000000,0.000681,0.000000,0.000201,-0.000083,-0.000039,0.000220
362015.000000,-0.100000,0.120000,0.000000,0.000000,0.000415,0.000000,0.000120,-0.000003,-0.000095,0.000153
362030.000000,-0.090000,0.140000,0.020000,0.000000,0.000253,0.000000,0.000100,0.000133,-0.000052,0.000175
362042.000000,-0.090000,0.110000,-0.010000,0.000000,0.000154,0.000000,0.000098,0.000104,-0.000126,0.000190
362058.000000,-0.080000,0.110000,-0.010000,0.000000,0.000094,0.000000,0.000134,0.000062,-0.000185,0.000237
362071.000000,-0.080000,0.110000,0.010000,0.000000,0.000057,0.000000,0.000156,0.000042,-0.000140,0.000214
362086.000000,-0.080000,0.130000,0.000000,0.000000,0.000035,0.000000,0.000167,0.000106,-0.000137,0.000241
362099.000000,-0.090000,0.090000,0.010000,0.000000,0.000021,0.000000,0.000136,0.000005,-0.000104,0.000171
362111.000000,-0.070000,0.120000,0.000000,0.000000,0.000013,0.000000,0.000186,0.000035,-0.000119,0.000223
362125.000000,-0.080000,0.110000,0.010000,0.000000,0.000008,0.000000,0.000187,0.000033,-0.000095,0.000212
362139.000000,-0.090000,0.110000,-0.010000,0.000000,0.000005,0.000000,0.000140,0.000027,-0.000149,0.000206
362151.000000,-0.070000,0.140000,0.000000,0.000000,0.000003,0.000000,0.000182,0.000130,-0.000152,0.000270
362166.000000,-0.080000,0.100000,0.000000,0.000000,0.000002,0.000000,0.000178,0.000055,-0.000145,0.000236
362179.000000,-0.060000,0.110000,0.000000,0.000000,0.000001,0.000000,0.000241,0.000031,-0.000139,0.000280
362191.000000,-0.070000,0.110000,0.000000,0.000000,0.000001,0.000000,0.000253,0.000022,-0.000138,0.000289
362206.000000,-0.080000,0.100000,0.000000,0.000000,0.000000,0.000000,0.000207,-0.000020,-0.000133,0.000247
362231.000000,-0.100000,0.140000,-0.010000,0.000000,0.000000,0.000000,0.000065,0.000103,-0.000140,0.000186
362246.000000,-0.080000,0.090000,0.010000,0.000000,0.000000,0.000000,0.000089,0.000001,-0.000096,0.000131
362259.000000,-0.080000,0.100000,0.000000,0.000000,0.000000,0.000000,0.000115,-0.000040,-0.000104,0.000160
362273.000000,-0.080000,0.120000,-0.010000,0.000000,0.000000,0.000000,0.000131,0.000016,-0.000150,0.000200
362290.000000,-0.090000,0.130000,-0.010000,0.000000,0.000000,0.000000,0.000093,0.000097,-0.000173,0.000219
362302.000000,-0.070000,0.110000,0.000000,0.000000,0.000000,0.000000,0.000143,0.000070,-0.000151,0.000219
362318.000000,-0.100000,0.090000,0.000000,0.000000,0.000000,0.000000,0.000068,-0.000038,-0.000129,0.000151
362332.000000,-0.090000,0.110000,-0.010000,0.000000,0.000000,0.000000,0.000052,-0.000027,-0.000154,0.000165
362349.000000,-0.070000,0.130000,0.000000,0.000000,0.000000,0.000000,0.000123,0.000069,-0.000130,0.000192
362363.000000,-0.090000,0.100000,0.000000,0.000000,0.000000,0.000000,0.000095,0.000016,-0.000116,0.000151
362378.000000,-0.090000,0.100000,0.020000,0.000000,0.000000,0.000000,0.000069,-0.000030,-0.000032,0.000082
362391.000000,-0.090000,0.120000,0.000000,0.000000,0.000000,0.000000,0.000056,0.000019,-0.000054,0.000080
362408.000000,-0.070000,0.110000,0.000000,0.000000,0.000000,0.000000,0.000123,0.000021,-0.000076,0.000146
362422.000000,-0.090000,0.120000,0.000000,0.000000,0.000000,0.000000,0.000092,0.000053,-0.000088,0.000138
362438.000000,-0.080000,0.100000,0.010000,0.000000,0.000000,0.000000,0.000101,-0.000002,-0.000054,0.000115
362450.000000,-0.100000,0.100000,0.000000,0.000000,0.000000,0.000000,0.000041,-0.000037,-0.000069,0.000089
362464.000000,-0.090000,0.110000,0.020000,0.000000,0.000000,0.000000,0.000032,-0.000021,-0.000009,0.000039
362478.000000,-0.080000,0.130000,-0.010000,0.000000,0.000000,0.000000,0.000070,0.000069,-0.000078,0.000125
362492.000000,-0.080000,0.100000,-0.010000,0.000000,0.000000,0.000000,0.000096,0.000016,-0.000130,0.000162
362509.000000,-0.080000,0.110000,0.010000,0.000000,0.000000,0.000000,0.000105,0.000006,-0.000076,0.000130
362523.000000,-0.080000,0.110000,0.010000,0.000000,0.000000,0.000000,0.000110,0.000006,-0.000041,0.000117
362540.000000,-0.080000,0.130000,-0.010000,0.000000,0.000000,0.000000,0.000108,0.000083,-0.000096,0.000167
362554.000000,-0.090000,0.110000,0.000000,0.000000,0.000000,0.000000,0.000072,0.000057,-0.000097,0.000134
362570.000000,-0.090000,0.100000,0.000000,0.000000,0.000000,0.000000,0.000046,-0.000008,-0.000091,0.000102
362585.000000,-0.090000,0.130000,0.000000,0.000000,0.000000,0.000000,0.000034,0.000066,-0.000087,0.000114
362601.000000,-0.050000,0.120000,-0.020000,0.000000,0.000000,0.000000,0.000178,0.000083,-0.000158,0.000253
362618.000000,-0.080000,0.070000,0.040000,0.000000,0.000000,0.000000,0.000153,-0.000105,0.000026,0.000187
362630.000000,-0.100000,0.100000,0.010000,0.000000,0.000000,0.000000,0.000062,-0.000111,0.000033,0.000131
362642.000000,-0.090000,0.130000,-0.020000,0.000000,0.000000,0.000000,0.000034,0.000007,-0.000086,0.000093
362658.000000,-0.070000,0.130000,-0.040000,0.000000,0.000000,0.000000,0.000099,0.000100,-0.000253,0.000290
362671.000000,-0.080000,0.100000,0.000000,0.000000,0.000000,0.000000,0.000106,0.000033,-0.000194,0.000223
362689.000000,-0.080000,0.080000,0.010000,0.000000,0.000000,0.000000,0.000098,-0.000105,-0.000084,0.000166
362703.000000,-0.080000,0.080000,0.000000,0.000000,0.000000,0.000000,0.000096,-0.000176,-0.000068,0.000212
362720.000000,-0.090000,0.150000,0.000000,0.000000,0.058558,0.000000,0.000054,0.000057,-0.000065,0.000102
362734.000000,-0.090000,0.130000,0.010000,0.000000,0.035698,0.000000,0.000030,0.000130,-0.000030,0.000137
362750.000000,-0.100000,0.100000,0.000000,0.000000,0.021762,0.000000,-0.000020,0.000043,-0.000043,0.000064
362764.000000,-0.090000,0.080000,0.000000,0.000000,0.013266,0.000000,-0.000012,-0.000092,-0.000055,0.000107
362779.000000,-0.060000,0.110000,-0.030000,0.000000,0.008087,0.000000,0.000111,-0.000062,-0.000174,0.000216
362791.000000,-0.080000,0.120000,-0.040000,0.000000,0.004930,0.000000,0.000117,0.000005,-0.000283,0.000306
362808.000000,-0.090000,0.080000,0.030000,0.000000,0.003005,0.000000,0.000063,-0.000101,-0.000072,0.000139
362822.000000,-0.090000,0.120000,0.000000,0.000000,0.001832,0.000000,0.000032,-0.000025,-0.000046,0.000062
362839.000000,-0.070000,0.110000,-0.030000,0.000000,0.001117,0.000000,0.000091,0.000001,-0.000161,0.000185
362853.000000,-0.080000,0.120000,0.000000,0.000000,0.000681,0.000000,0.000094,0.000044,-0.000125,0.000162
362869.000000,-0.080000,0.110000,0.020000,0.000000,0.000415,0.000000,0.000089,0.000033,-0.000010,0.000095
362883.000000,-0.090000,0.110000,0.010000,0.000000,0.000253,0.000000,0.000049,0.000021,0.000020,0.000057
362900.000000,-0.060000,0.130000,-0.030000,0.000000,0.000154,0.000000,0.000134,0.000090,-0.000125,0.000204
362914.000000,-0.090000,0.130000,0.000000,0.000000,0.000094,0.000000,0.000081,0.000133,-0.000105,0.000188
362929.000000,-0.110000,0.100000,0.010000,0.000000,0.000057,0.000000,-0.000039,0.000043,-0.000040,0.000070
362941.000000,-0.090000,0.100000,-0.020000,0.000000,0.000035,0.000000,-0.000037,-0.000017,-0.000107,0.000115
362959.000000,-0.070000,0.110000,-0.010000,0.000000,0.000021,0.000000,0.000057,-0.000014,-0.000123,0.000136
362973.000000,-0.070000,0.130000,0.000000,0.000000,0.000013,0.000000,0.000110,0.000067,-0.000089,0.000156
362990.000000,-0.090000,0.130000,0.010000,0.000000,0.000008,0.000000,0.000060,0.000122,-0.000023,0.000138
363004.000000,-0.100000,0.110000,0.000000,0.000000,0.000005,0.000000,-0.000011,0.000074,-0.000025,0.000079
363020.000000,-0.070000,0.110000,0.000000,0.000000,0.000003,0.000000,0.000058,0.000034,-0.000032,0.000075
363034.000000,-0.080000,0.120000,0.000000,0.000000,0.000002,0.000000,0.000072,0.000052,-0.000037,0.000096
363050.000000,-0.090000,0.120000,0.000000,0.000000,0.000001,0.000000,0.000035,0.000067,-0.000038,0.000085
363062.000000,-0.070000,0.120000,0.000000,0.000000,0.000001,0.000000,0.000083,0.000075,-0.000039,0.000118
363074.000000,-0.080000,0.120000,0.010000,0.000000,0.000000,0.000000,0.000087,0.000081,-0.000005,0.000119
363090.000000,-0.080000,0.120000,-0.020000,0.000000,0.000000,0.000000,0.000079,0.000080,-0.000093,0.000146
363104.000000,-0.080000,0.120000,-0.010000,0.000000,0.000000,0.000000,0.000073,0.000079,-0.000113,0.000156
363120.000000,-0.090000,0.120000,0.000000,0.000000,0.000000,0.000000,0.000031,0.000076,-0.000078,0.000114
363134.000000,-0.070000,0.120000,0.010000,0.000000,0.000000,0.000000,0.000079,0.000075,-0.000019,0.000111
363150.000000,-0.080000,0.120000,0.010000,0.000000,0.000000,0.000000,0.000077,0.000073,0.000020,0.000108
363162.000000,-0.070000,0.110000,-0.010000,0.000000,0.000000,0.000000,0.000107,0.000039,-0.000034,0.000119
363174.000000,-0.090000,0.100000,0.000000,0.000000,0.000000,0.000000,0.000060,-0.000022,-0.000042,0.000076
363191.000000,-0.060000,0.100000,-0.010000,0.000000,0.000000,0.000000,0.000130,-0.000064,-0.000076,0.000164
363209.000000,-0.080000,0.100000,0.000000,0.000000,0.000000,0.000000,0.000097,-0.000077,-0.000055,0.000136
363339.000000,-0.080000,0.100000,-0.020000,0.000000,0.000000,0.000000,0.000076,-0.000084,-0.000115,0.000161
363446.000000,-0.060000,0.120000,-0.050000,0.000000,0.000000,0.000000,0.000139,-0.000013,-0.000269,0.000303
363538.000000,-0.090000,0.090000,0.000000,0.000000,0.000000,0.000000,0.000069,-0.000077,-0.000174,0.000203
363550.000000,-0.100000,0.140000,0.000000,0.000000,0.000000,0.000000,-0.000014,0.000050,-0.000103,0.000115
363592.000000,-0.100000,0.090000,0.000000,0.000000,0.000000,0.000000,-0.000049,-0.000033,-0.000023,0.000064
363608.000000,-0.090000,0.130000,0.010000,0.000000,0.000000,0.000000,-0.000045,0.000043,0.000015,0.000064
363698.000000,-0.080000,0.130000,-0.010000,0.000000,0.000000,0.000000,-0.000004,0.000100,-0.000029,0.000104
363737.000000,-0.100000,0.120000,-0.010000,0.000000,0.000000,0.000000,-0.000036,0.000058,-0.000048,0.000083
363749.000000,-0.080000,0.110000,0.000000,0.000000,0.000000,0.000000,-0.000003,0.000033,-0.000039,0.000051
363788.000000,-0.080000,0.110000,0.000000,0.000000,0.000000,0.000000,0.000022,0.000003,-0.000015,0.000027
363800.000000,-0.080000,0.110000,0.000000,0.000000,0.000000,0.000000,0.000037,-0.000003,-0.000015,0.000040
363902.000000,-0.080000,0.080000,0.010000,0.000000,0.000000,0.000000,0.000049,-0.000113,0.000019,0.000125
363918.000000,-0.100000,0.100000,0.010000,0.000000,0.000000,0.000000,-0.000024,-0.000117,0.000046,0.000129
363930.000000,-0.080000,0.110000,0.010000,0.000000,0.000000,0.000000,0.000002,-0.000072,0.000058,0.000093
363947.000000,-0.090000,0.120000,-0.010000,0.000000,0.000000,0.000000,-0.000009,0.000005,-0.000015,0.000018
365265.000000,-0.100000,0.090000,0.000000,0.000000,0.000000,0.000000,-0.000055,-0.000066,-0.000023,0.000089
365279.000000,-0.100000,0.090000,0.000000,0.000000,0.000000,0.000000,-0.000085,-0.000120,-0.000021,0.000148
365293.000000,-0.110000,0.100000,0.000000,0.000000,0.000000,0.000000,-0.000137,-0.000111,-0.000019,0.000177
365309.000000,-0.100000,0.140000,0.010000,0.000000,0.000000,0.000000,-0.000126,0.000056,0.000021,0.000140
365323.000000,-0.100000,0.140000,0.000000,0.000000,0.000000,0.000000,-0.000116,0.000157,0.000008,0.000195
365339.000000,-0.090000,0.140000,0.010000,0.000000,0.000000,0.000000,-0.000069,0.000207,0.000033,0.000221
365351.000000,-0.100000,0.130000,0.000000,0.000000,0.000000,0.000000,-0.000078,0.000194,0.000015,0.000210
365369.000000,-0.090000,0.130000,0.000000,0.000000,0.000000,0.000000,-0.000048,0.000167,-0.000003,0.000174
365383.000000,-0.100000,0.140000,0.000000,0.000000,0.000000,0.000000,-0.000067,0.000194,-0.000011,0.000205
365399.000000,-0.100000,0.130000,0.000000,0.000000,0.000000,0.000000,-0.000082,0.000174,-0.000014,0.000193
365413.000000,-0.100000,0.100000,0.020000,0.000000,0.000000,0.000000,-0.000090,0.000050,0.000057,0.000118
365429.000000,-0.070000,0.120000,0.010000,0.000000,0.000000,0.000000,0.000022,0.000040,0.000068,0.000083
365443.000000,-0.090000,0.140000,-0.020000,0.000000,0.000000,0.000000,0.000018,0.000122,-0.000042,0.000130
365458.000000,-0.090000,0.130000,0.000000,0.000000,0.000000,0.000000,0.000004,0.000140,-0.000044,0.000147
365470.000000,-0.090000,0.120000,0.010000,0.000000,0.000000,0.000000,-0.000004,0.000109,0.000001,0.000109
365486.000000,-0.080000,0.140000,0.000000,0.000000,0.000000,0.000000,0.000030,0.000156,-0.000001,0.000159
365498.000000,-0.090000,0.150000,0.000000,0.000000,0.058558,0.000000,0.000016,0.000223,-0.000008,0.000224
365510.000000,-0.100000,0.130000,0.000000,0.000000,0.035698,0.000000,-0.000034,0.000201,-0.000014,0.000204
365524.000000,-0.080000,0.130000,0.020000,0.000000,0.021762,0.000000,0.000007,0.000168,0.000059,0.000179
365538.000000,-0.090000,0.140000,0.000000,0.000000,0.013266,0.000000,0.000003,0.000184,0.000033,0.000187
365578.000000,-0.090000,0.130000,0.000000,0.000000,0.008087,0.000000,-0.000004,0.000088,-0.000001,0.000088
365590.000000,-0.100000,0.150000,0.000000,0.000000,0.063488,0.000000,-0.000039,0.000165,-0.000009,0.000170
365606.000000,-0.080000,0.120000,-0.010000,0.000000,0.038703,0.000000,0.000006,0.000118,-0.000053,0.000130
365618.000000,-0.070000,0.130000,0.000000,0.000000,0.023594,0.000000,0.000073,0.000114,-0.000043,0.000142
365630.000000,-0.110000,0.100000,0.010000,0.000000,0.014383,0.000000,-0.000025,0.000010,0.000004,0.000027
365647.000000,-0.090000,0.130000,0.000000,0.000000,0.008768,0.000000,-0.000032,0.000043,0.000000,0.000054
365661.000000,-0.080000,0.120000,0.000000,0.000000,0.005345,0.000000,0.000013,0.000040,-0.000008,0.000043
365675.000000,-0.090000,0.130000,0.000000,0.000000,0.003258,0.000000,0.000007,0.000072,-0.000013,0.000073
365690.000000,-0.080000,0.130000,-0.020000,0.000000,0.001986,0.000000,0.000035,0.000093,-0.000090,0.000134
365707.000000,-0.090000,0.110000,-0.010000,0.000000,0.001211,0.000000,0.000015,0.000023,-0.000099,0.000103
365719.000000,-0.100000,0.120000,-0.030000,0.000000,0.000738,0.000000,-0.000033,0.000018,-0.000169,0.000173
365733.000000,-0.080000,0.120000,-0.010000,0.000000,0.000450,0.000000,0.000007,0.000021,-0.000148,0.000150
365749.000000,-0.100000,0.120000,-0.010000,0.000000,0.000274,0.000000,-0.000036,0.000022,-0.000117,0.000124
365762.000000,-0.090000,0.140000,0.000000,0.000000,0.000167,0.000000,-0.000030,0.000095,-0.000067,0.000120
365776.000000,-0.080000,0.140000,0.000000,0.000000,0.000102,0.000000,0.000016,0.000148,-0.000034,0.000152
365790.000000,-0.070000,0.120000,0.000000,0.000000,0.000062,0.000000,0.000083,0.000098,-0.000017,0.000129
365807.000000,-0.090000,0.120000,-0.020000,0.000000,0.000038,0.000000,0.000044,0.000052,-0.000085,0.000109
365821.000000,-0.090000,0.130000,0.000000,0.000000,0.000023,0.000000,0.000015,0.000069,-0.000055,0.000089
365838.000000,-0.090000,0.140000,0.000000,0.000000,0.000014,0.000000,-0.000002,0.000121,-0.000025,0.000124
365850.000000,-0.080000,0.140000,0.010000,0.000000,0.000009,0.000000,0.000026,0.000151,0.000022,0.000155
365868.000000,-0.080000,0.110000,0.010000,0.000000,0.000005,0.000000,0.000049,0.000047,0.000055,0.000087
365882.000000,-0.100000,0.120000,0.020000,0.000000,0.000003,0.000000,-0.000014,0.000022,0.000105,0.000108
365899.000000,-0.080000,0.120000,0.010000,0.000000,0.000002,0.000000,0.000017,0.000013,0.000096,0.000098
365937.000000,-0.090000,0.140000,0.000000,0.000000,0.000001,0.000000,0.000001,0.000065,0.000023,0.000069
365949.000000,-0.100000,0.150000,-0.010000,0.000000,0.058559,0.000000,-0.000038,0.000144,-0.000022,0.000150
365963.000000,-0.070000,0.140000,-0.020000,0.000000,0.035698,0.000000,0.000040,0.000173,-0.000096,0.000202
365977.000000,-0.090000,0.100000,0.010000,0.000000,0.021762,0.000000,0.000024,0.000028,-0.000028,0.000046
365991.000000,-0.100000,0.090000,0.000000,0.000000,0.013266,0.000000,-0.000033,-0.000111,-0.000010,0.000116
366008.000000,-0.090000,0.150000,0.010000,0.000000,0.066646,0.000000,-0.000030,0.000044,0.000033,0.000063
366022.000000,-0.090000,0.110000,0.000000,0.000000,0.040628,0.000000,-0.000023,0.000004,0.000020,0.000031
366039.000000,-0.080000,0.120000,0.000000,0.000000,0.024767,0.000000,0.000020,-0.000001,0.000007,0.000021
366053.000000,-0.070000,0.110000,0.020000,0.000000,0.015098,0.000000,0.000081,-0.000036,0.000073,0.000115
366070.000000,-0.080000,0.130000,-0.010000,0.000000,0.009204,0.000000,0.000079,0.000018,0.000004,0.000081
366087.000000,-0.080000,0.140000,-0.020000,0.000000,0.005611,0.000000,0.000070,0.000091,-0.000082,0.000141
366101.000000,-0.070000,0.110000,0.000000,0.000000,0.003421,0.000000,0.000103,0.000023,-0.000057,0.000119
366118.000000,-0.090000,0.120000,0.000000,0.000000,0.002085,0.000000,0.000047,0.000005,-0.000028,0.000055
366130.000000,-0.110000,0.130000,-0.010000,0.000000,0.001271,0.000000,-0.000055,0.000036,-0.000050,0.000083
366146.000000,-0.070000,0.140000,0.000000,0.000000,0.000775,0.000000,0.000023,0.000101,-0.000031,0.000109
366161.000000,-0.080000,0.130000,0.000000,0.000000,0.000472,0.000000,0.000048,0.000098,-0.000016,0.000110
366175.000000,-0.080000,0.100000,0.000000,0.000000,0.000288,0.000000,0.000057,-0.000020,-0.000008,0.000060
366189.000000,-0.090000,0.100000,0.010000,0.000000,0.000176,0.000000,0.000022,-0.000100,0.000032,0.000107
366203.000000,-0.090000,0.120000,0.000000,0.000000,0.000107,0.000000,-0.000002,-0.000065,0.000022,0.000069
366246.000000,-0.090000,0.130000,0.000000,0.000000,0.000065,0.000000,-0.000010,0.000016,0.000003,0.000019
366258.000000,-0.100000,0.120000,0.000000,0.000000,0.000040,0.000000,-0.000048,0.000013,0.000000,0.000050
366512.000000,-0.080000,0.140000,0.010000,0.000000,0.000024,0.000000,-0.000008,0.000081,0.000035,0.000088
366633.000000,0.310000,-1.980000,-0.050000,0.121020,-0.772954,0.000000,0.003337,-0.017509,-0.000155,0.017825
366833.000000,-5.870000,1.230000,5.560000,-2.217803,0.008976,2.170558,-0.044234,-0.013463,0.046429,0.065525
366847.000000,-5.930000,1.700000,8.010000,-3.667001,0.669132,4.450208,-0.118143,0.003435,0.141230,0.184161
366859.000000,-6.080000,1.980000,10.880000,-4.609007,1.180879,6.960323,-0.187486,0.023403,0.256998,0.318978
366871.000000,-5.160000,2.390000,10.430000,-4.824108,1.652906,8.314844,-0.250900,0.048461,0.379340,0.457382
366897.000000,-5.010000,2.790000,11.740000,-4.896678,2.096814,9.651984,-0.381713,0.113339,0.672527,0.781565
366909.000000,-4.310000,2.650000,11.100000,-4.667646,2.312771,10.217273,-0.435296,0.143573,0.806361,0.927531
366924.000000,-3.800000,2.390000,10.640000,-4.328927,2.342920,10.382301,-0.494374,0.178744,0.968268,1.101770
368760.000000,-0.080000,0.080000,-0.010000,-2.638965,1.428272,6.329173,-0.508491,0.186848,1.007040,1.143505
368775.000000,-0.120000,0.090000,0.020000,-1.608744,0.870691,3.858338,-0.514129,0.189570,1.021788,1.159447
368800.000000,-0.120000,0.130000,0.000000,-0.980709,0.530784,2.352089,-0.517520,0.191103,1.029160,1.167698
368815.000000,-0.090000,0.100000,0.000000,-0.597852,0.323572,1.433861,-0.518159,0.191168,1.030486,1.169160
368831.000000,-0.130000,0.070000,0.020000,-0.364458,0.197253,0.874099,-0.518842,0.190627,1.031132,1.169944
368848.000000,-0.120000,0.110000,0.020000,-0.222178,0.120248,0.532861,-0.519449,0.190333,1.031575,1.170556
368862.000000,-0.120000,0.140000,0.000000,-0.135442,0.073305,0.324838,-0.519919,0.190455,0.041635,0.555268
368878.000000,-0.100000,0.070000,-0.010000,-0.082567,0.044687,0.198025,-0.018461,0.006740,0.007922,0.021190
368890.000000,-0.120000,0.050000,0.010000,-0.050334,0.027242,0.120719,-0.004758,0.001431,-0.001570,0.005211
368906.000000,-0.110000,0.140000,0.000000,-0.030684,0.016607,0.073591,0.000953,-0.000516,-0.005916,0.006015
368920.000000,-0.120000,0.130000,0.000000,-0.018705,0.010124,0.044862,0.002787,-0.001103,-0.007279,0.007872
368938.000000,-0.120000,0.090000,0.010000,-0.011403,0.006172,0.027349,0.003340,-0.001408,-0.007365,0.008208
368952.000000,-0.110000,0.090000,0.030000,-0.006951,0.003762,0.016672,0.003583,-0.001556,-0.007421,0.008386
368968.000000,-0.110000,0.120000,-0.020000,-0.004238,0.002294,0.010163,0.003651,-0.001496,-0.007529,0.008500
368982.000000,-0.110000,0.120000,-0.040000,-0.002583,0.001398,0.006196,0.003678,-0.001448,-0.007690,0.008647
368998.000000,-0.150000,0.130000,0.030000,-0.060133,0.000852,0.003777,0.003456,-0.001350,-0.007352,0.008235
369012.000000,-0.110000,0.120000,0.010000,-0.036658,0.000520,0.002303,0.003484,-0.001340,-0.007245,0.008150
369028.000000,-0.120000,0.090000,-0.010000,-0.022347,0.000317,0.001404,0.003410,-0.001427,-0.007118,0.008020
369042.000000,-0.120000,0.110000,0.000000,-0.013623,0.000193,0.000856,0.003382,-0.001416,-0.007058,0.007954
369058.000000,-0.090000,0.110000,-0.040000,-0.008305,0.000118,0.000522,0.003409,-0.001368,-0.007023,0.007926
369072.000000,-0.080000,0.110000,0.000000,-0.005063,0.000072,0.000318,0.003485,-0.001348,-0.006905,0.007851
369088.000000,-0.120000,0.110000,0.000000,-0.003086,0.000044,0.000194,0.003305,-0.001309,-0.006671,0.007559
369102.000000,-0.110000,0.120000,0.010000,-0.001881,0.000027,0.000118,0.003244,-0.001259,-0.006546,0.007413
369118.000000,-0.080000,0.120000,-0.010000,-0.001147,0.000016,0.000072,0.003261,-0.001200,-0.006411,0.007292
369132.000000,-0.090000,0.100000,-0.050000,-0.000699,0.000010,0.000044,0.003261,-0.001250,-0.006529,0.007404
369148.000000,-0.130000,0.110000,0.010000,-0.000426,0.000006,0.000027,0.003035,-0.001225,-0.006251,0.007056
369162.000000,-0.100000,0.100000,0.010000,-0.000260,0.000004,0.000016,0.003025,-0.001248,-0.006106,0.006928
369178.000000,-0.100000,0.100000,0.000000,-0.000158,0.000002,0.000010,0.002974,-0.001239,-0.005935,0.006753
369192.000000,-0.120000,0.110000,0.010000,-0.000097,0.000001,0.000006,0.002889,-0.001201,-0.005847,0.006631
369208.000000,-0.120000,0.100000,-0.010000,-0.000059,0.000001,0.000004,0.002770,-0.001188,-0.005748,0.006490
369222.000000,-0.080000,0.100000,0.000000,-0.000036,0.000001,0.000002,0.002871,-0.001190,-0.005696,0.006489
369248.000000,-0.110000,0.080000,0.000000,-0.000022,0.000000,0.000001,0.002257,-0.001023,-0.004513,0.005148
369261.000000,-0.120000,0.100000,0.020000,-0.000013,0.000000,0.000001,0.002370,-0.001072,-0.004783,0.005445
369273.000000,-0.110000,0.110000,0.000000,-0.000008,0.000000,0.000001,0.002586,-0.001110,-0.005246,0.005953
369287.000000,-0.100000,0.130000,0.000000,-0.000005,0.000000,0.000000,0.002709,-0.001028,-0.005435,0.006160
369301.000000,-0.130000,0.090000,0.040000,-0.000003,0.000000,0.000000,0.002591,-0.001094,-0.005229,0.005937
369318.000000,-0.120000,0.100000,0.010000,-0.000002,0.000000,0.000000,0.002413,-0.001059,-0.004936,0.005596
369334.000000,-0.170000,0.060000,0.000000,-0.066367,0.000000,0.000000,0.006412,-0.001180,-0.004821,0.008108
369359.000000,-0.090000,0.100000,0.000000,-0.040458,0.000000,0.000000,0.013802,-0.000924,-0.004005,0.014401
369371.000000,-0.100000,0.100000,0.000000,-0.024664,0.000000,0.000000,0.017429,-0.000951,-0.004306,0.017978
369388.000000,-0.100000,0.130000,-0.030000,-0.015035,0.000000,0.000000,0.022602,-0.000856,-0.004638,0.023088
369404.000000,-0.120000,0.110000,0.000000,-0.009166,0.000000,0.000000,0.027256,-0.000847,-0.004568,0.027649
369418.000000,-0.110000,0.080000,0.010000,-0.005588,0.000000,0.000000,0.002706,-0.000976,-0.004550,0.005383
369434.000000,-0.110000,0.100000,0.000000,-0.003406,0.000000,0.000000,0.002150,-0.000968,-0.004469,0.005053
369448.000000,-0.110000,0.120000,0.000000,-0.002076,0.000000,0.000000,0.002148,-0.000881,-0.004446,0.005016
369464.000000,-0.090000,0.110000,0.000000,-0.001266,0.000000,0.000000,0.002197,-0.000839,-0.004339,0.004936
369478.000000,-0.100000,0.100000,-0.020000,-0.000772,0.000000,0.000000,0.002200,-0.000865,-0.004376,0.004974
369494.000000,-0.110000,0.080000,0.000000,-0.000470,0.000000,0.000000,0.002110,-0.000944,-0.004239,0.004828
369508.000000,-0.100000,0.070000,0.010000,-0.000287,0.000000,0.000000,0.002104,-0.001031,-0.004140,0.004757
369522.000000,-0.110000,0.100000,0.020000,-0.000175,0.000000,0.000000,0.002076,-0.000974,-0.004060,0.004663
369538.000000,-0.110000,0.110000,-0.030000,-0.000107,0.000000,0.000000,0.001985,-0.000853,-0.004063,0.004602
369555.000000,-0.090000,0.070000,0.000000,-0.000065,0.000000,0.000000,0.001949,-0.000909,-0.003843,0.004404
369569.000000,-0.110000,0.090000,0.000000,-0.000040,0.000000,0.000000,0.001918,-0.000906,-0.003820,0.004370
369586.000000,-0.120000,0.100000,-0.010000,-0.000024,0.000000,0.000000,0.001794,-0.000829,-0.003729,0.004220
369600.000000,-0.120000,0.120000,-0.030000,-0.000015,0.000000,0.000000,0.001754,-0.000725,-0.003812,0.004258
369617.000000,-0.090000,0.100000,0.000000,-0.000009,0.000000,0.000000,0.001793,-0.000711,-0.003636,0.004116
369631.000000,-0.100000,0.100000,0.010000,-0.000005,0.000000,0.000000,0.001814,-0.000726,-0.003549,0.004051
369650.000000,-0.120000,0.090000,-0.020000,-0.000003,0.000000,0.000000,0.001625,-0.000727,-0.003377,0.003818
369668.000000,-0.110000,0.100000,0.000000,-0.000002,0.000000,0.000000,0.001554,-0.000688,-0.003214,0.003636
369685.000000,-0.120000,0.080000,-0.010000,-0.000001,0.000000,0.000000,0.001508,-0.000746,-0.003206,0.003621
369699.000000,-0.100000,0.080000,0.010000,-0.000001,0.000000,0.000000,0.001599,-0.000805,-0.003227,0.003690
369716.000000,-0.130000,0.090000,0.000000,-0.000000,0.000000,0.000000,0.001494,-0.000772,-0.003160,0.003579
369730.000000,-0.130000,0.130000,0.010000,-0.000000,0.000000,0.000000,0.001446,-0.000614,-0.003132,0.003504
369747.000000,-0.120000,0.080000,-0.010000,-0.000000,0.000000,0.000000,0.001412,-0.000675,-0.003090,0.003464
369761.000000,-0.100000,0.100000,0.000000,-0.000000,0.000000,0.000000,0.001493,-0.000667,-0.003083,0.003490
369776.000000,-0.100000,0.050000,0.010000,-0.000000,0.000000,0.000000,0.001546,-0.000840,-0.003029,0.003503
369790.000000,-0.120000,0.100000,0.000000,-0.000000,0.000000,0.000000,0.001490,-0.000764,-0.003019,0.003452
369807.000000,-0.110000,0.140000,-0.030000,-0.000000,0.000000,0.000000,0.001420,-0.000507,-0.003003,0.003360
369819.000000,-0.110000,0.110000,0.010000,-0.000000,0.000000,0.000000,0.001427,-0.000492,-0.002942,0.003307
369836.000000,-0.120000,0.080000,0.000000,-0.000000,0.000000,0.000000,0.001352,-0.000604,-0.002832,0.003196
369850.000000,-0.130000,0.090000,0.000000,-0.000000,0.000000,0.000000,0.001277,-0.000637,-0.002789,0.003133
369868.000000,-0.120000,0.120000,0.010000,-0.000000,0.000000,0.000000,0.001209,-0.000504,-0.002598,0.002909
369885.000000,-0.100000,0.110000,-0.030000,-0.000000,0.000000,0.000000,0.001249,-0.000460,-0.002633,0.002950
369899.000000,-0.100000,0.110000,0.000000,-0.000000,0.000000,0.000000,0.001317,-0.000460,-0.002644,0.002989
369916.000000,-0.130000,0.110000,0.010000,-0.000000,0.000000,0.000000,0.001199,-0.000447,-0.002512,0.002819
369930.000000,-0.140000,0.120000,0.000000,-0.000000,0.000000,0.000000,0.001105,-0.000410,-0.002510,0.002773
369947.000000,-0.100000,0.110000,0.000000,-0.000000,0.000000,0.000000,0.001165,-0.000410,-0.002438,0.002733
369961.000000,-0.120000,0.090000,0.020000,-0.000000,0.000000,0.000000,0.001158,-0.000493,-0.002363,0.002677
369977.000000,-0.110000,0.090000,0.000000,-0.000000,0.000000,0.000000,0.001163,-0.000542,-0.002350,0.002677
369991.000000,-0.110000,0.110000,-0.010000,-0.000000,0.000000,0.000000,0.001173,-0.000493,-0.002398,0.002715
370007.000000,-0.100000,0.120000,-0.010000,-0.000000,0.000000,0.000000,0.001191,-0.000404,-0.002380,0.002692
370021.000000,-0.100000,0.090000,0.010000,-0.000000,0.000000,0.000000,0.001208,-0.000468,-0.002305,0.002644
370037.000000,-0.130000,0.100000,0.000000,-0.000000,0.000000,0.000000,0.001077,-0.000473,-0.002240,0.002531
370051.000000,-0.110000,0.110000,0.000000,-0.000000,0.000000,0.000000,0.001076,-0.000435,-0.002224,0.002508
370068.000000,-0.110000,0.110000,0.000000,-0.000000,0.000000,0.000000,0.001047,-0.000392,-0.002135,0.002410
370085.000000,-0.110000,0.090000,0.000000,-0.000000,0.000000,0.000000,0.001012,-0.000439,-0.002046,0.002324
370099.000000,-0.100000,0.090000,0.030000,-0.000000,0.000000,0.000000,0.001060,-0.000483,-0.001954,0.002275
370116.000000,-0.120000,0.110000,0.000000,-0.000000,0.000000,0.000000,0.000983,-0.000416,-0.001940,0.002215
370130.000000,-0.120000,0.120000,-0.010000,-0.000000,0.000000,0.000000,0.000949,-0.000343,-0.002011,0.002250
370147.000000,-0.120000,0.080000,0.000000,-0.000000,0.000000,0.000000,0.000901,-0.000438,-0.001956,0.002197
370162.000000,-0.110000,0.070000,0.000000,-0.000000,0.000000,0.000000,0.000919,-0.000543,-0.001929,0.002205
370177.000000,-0.140000,0.120000,0.000000,-0.000000,0.000000,0.000000,0.000824,-0.000417,-0.001918,0.002129
370191.000000,-0.110000,0.130000,-0.020000,-0.000000,0.000000,0.000000,0.000872,-0.000288,-0.001989,0.002191
370207.000000,-0.100000,0.080000,0.010000,-0.000000,0.000000,0.000000,0.000929,-0.000393,-0.001870,0.002124
370221.000000,-0.100000,0.080000,0.000000,-0.000000,0.000000,0.000000,0.000965,-0.000474,-0.001839,0.002130
370236.000000,-0.160000,0.120000,-0.010000,-0.062462,0.000000,0.000000,0.000750,-0.000365,-0.001851,0.002031
370248.000000,-0.100000,0.150000,0.000000,-0.038078,0.058558,0.000000,0.000833,-0.000188,-0.001845,0.002033
370264.000000,-0.120000,0.070000,0.020000,-0.023213,0.035698,0.000000,0.000819,-0.000363,-0.001706,0.001927
370278.000000,-0.100000,0.060000,0.020000,-0.014151,0.021762,0.000000,0.000870,-0.000526,-0.001614,0.001907
370295.000000,-0.130000,0.110000,-0.020000,-0.008626,0.013266,0.000000,0.000761,-0.000413,-0.001660,0.001872
370309.000000,-0.120000,0.120000,0.000000,-0.005259,0.008087,0.000000,0.000742,-0.000300,-0.001654,0.001838
370323.000000,-0.110000,0.140000,-0.020000,-0.003206,0.004930,0.000000,0.000782,-0.000162,-0.001730,0.001905
370337.000000,-0.080000,0.070000,-0.020000,-0.001954,0.003005,0.000000,0.000914,-0.000338,-0.001765,0.002016
370351.000000,-0.090000,0.050000,-0.020000,-0.001191,0.001832,0.000000,0.000954,-0.000544,-0.001765,0.002079
370370.000000,-0.130000,0.120000,0.020000,-0.000726,0.001117,0.000000,0.000735,-0.000355,-0.001463,0.001675
370387.000000,-0.110000,0.130000,-0.060000,-0.000443,0.000681,0.000000,0.000698,-0.000198,-0.001620,0.001775
370401.000000,-0.110000,0.080000,-0.050000,-0.000270,0.000415,0.000000,0.000717,-0.000307,-0.001755,0.001921
370417.000000,-0.090000,0.130000,0.010000,-0.000165,0.000253,0.000000,0.000793,-0.000203,-0.001569,0.001770
370429.000000,-0.070000,0.150000,0.000000,-0.000100,0.058712,0.000000,0.000918,-0.000065,-0.001506,0.001764
370446.000000,0.070000,-0.030000,-0.060000,-0.000061,0.035792,0.000000,0.001513,-0.000657,-0.001645,0.002330
370460.000000,-0.170000,0.050000,0.010000,-0.066403,0.021819,0.000000,0.000977,-0.000731,-0.001490,0.001926
370474.000000,-1.090000,-0.710000,0.080000,-0.466003,-0.263874,0.000000,-0.007524,-0.009386,-0.001124,0.012082
370488.000000,-1.190000,-1.000000,-0.050000,-0.748643,-0.551249,0.000000,-0.019881,-0.023092,-0.001363,0.030502
370505.000000,-1.050000,-0.720000,-2.030000,-0.866289,-0.617128,-0.792488,-0.034626,-0.038243,-0.028258,0.058822
370519.000000,1.710000,-0.550000,-6.150000,0.139464,-0.590922,-2.883998,-0.019656,-0.048686,-0.096695,0.110030
370533.000000,2.640000,0.060000,-7.780000,1.115644,-0.360233,-4.795339,0.012561,-0.052540,-0.194993,0.202338
370547.000000,2.930000,0.440000,-9.130000,1.823947,-0.047831,-6.487540,0.052795,-0.050694,-0.315479,0.323859
370561.000000,1.880000,-0.140000,-9.140000,1.845829,-0.029159,-7.523029,0.085143,-0.052821,-0.442720,0.453917
370575.000000,0.570000,-1.150000,-8.480000,1.347761,-0.466722,-7.896619,0.102288,-0.066039,-0.565519,0.578478
370589.000000,0.020000,-1.080000,-8.060000,0.821611,-0.706138,-7.960401,0.109482,-0.081898,-0.682870,0.696423
370606.000000,-0.490000,-0.800000,-6.800000,0.309573,-0.742781,-7.507394,0.108524,-0.098785,-0.808389,0.821601
370620.000000,-0.490000,-0.900000,-6.440000,-0.002571,-0.804157,-7.090696,0.105340,-0.113087,-0.904034,0.917149
370634.000000,-0.870000,-0.800000,-4.600000,-0.341205,-0.802534,-6.118358,0.097713,-0.126527,-0.979331,0.992293
370648.000000,-1.200000,-0.470000,-3.900000,-0.676468,-0.672717,-5.252337,0.085519,-0.136474,-1.041662,1.054040
370666.000000,-1.800000,0.690000,-1.710000,-1.115082,-0.140728,-3.869450,0.060520,-0.133301,-1.089209,1.099003
370680.000000,-2.350000,1.640000,1.120000,-1.597179,0.554447,-1.921628,0.033512,-0.117798,-1.090850,1.097703
370697.000000,-3.150000,2.440000,3.730000,-2.203382,1.290545,0.284701,-0.011560,-0.084704,-1.048910,1.052388
370711.000000,-3.440000,2.540000,4.830000,-2.686143,1.778317,2.059132,-0.054553,-0.052946,-0.992737,0.995644
370725.000000,-3.950000,3.100000,7.670000,-3.179538,2.294287,4.249549,-0.104306,-0.014348,-0.902242,0.908365
370739.000000,-4.190000,3.220000,8.270000,-3.574010,2.655674,5.819086,-0.158440,0.027478,-0.795571,0.811660
370756.000000,-4.460000,3.370000,9.470000,-3.919890,2.934539,7.244360,-0.228982,0.081228,-0.645868,0.690055
370770.000000,-4.600000,3.730000,9.610000,-4.185397,3.245077,8.167878,-0.289636,0.129752,-0.516228,0.605983
370783.000000,-4.710000,3.680000,9.700000,-4.390196,3.414866,8.766000,-0.347671,0.175541,-0.393258,0.553481
370797.000000,-4.070000,3.070000,8.910000,-4.265195,3.280234,8.822216,-0.404453,0.219111,-0.267734,0.532234
370811.000000,-4.010000,2.920000,8.560000,-4.165570,3.139603,8.719850,-0.458930,0.259489,-0.147712,0.547513
370825.000000,-3.830000,1.500000,7.020000,-4.034567,2.499521,8.056249,-0.510953,0.284992,-0.044432,0.586744
370839.000000,-3.940000,0.960000,6.540000,-3.997649,1.898510,7.464323,-0.563318,0.300742,0.049121,0.640457
370856.000000,-4.390000,0.190000,5.290000,-4.150818,1.231528,6.615493,-0.632382,0.307150,0.144303,0.717685
370870.000000,-4.500000,-1.060000,3.640000,-4.287135,0.336943,5.453896,-0.691691,0.297036,0.201967,0.779396
370884.000000,-3.430000,-2.150000,1.660000,-3.952520,-0.633930,3.972804,-0.741243,0.271622,0.234012,0.823396
370898.000000,-2.350000,-2.080000,0.320000,-3.326915,-1.198459,2.546792,-0.777284,0.242305,0.245238,0.850308
370915.000000,-1.050000,-0.520000,-0.790000,-2.438034,-0.933597,1.244148,-0.800657,0.223847,0.238077,0.864777
370928.000000,-0.700000,-0.040000,-0.860000,-1.759526,-0.569131,0.422713,-0.810667,0.218032,0.227195,0.869676
370945.000000,-0.400000,0.620000,-0.950000,-1.228783,-0.104909,-0.113178,-0.817102,0.221539,0.209771,0.872203
370959.000000,-0.240000,0.270000,-1.100000,-0.842774,0.041451,-0.498422,-0.819189,0.223742,0.193163,0.870886
370973.000000,-0.210000,0.430000,-1.000000,-0.595746,0.193136,-0.694232,-0.820019,0.227308,0.176858,0.869125
370988.000000,-0.040000,1.020000,-0.960000,-0.363174,0.515934,-0.797985,-0.818718,0.237761,0.159905,0.867410
371005.000000,0.170000,1.080000,-1.100000,-0.155029,0.736139,-0.915888,-0.814001,0.252577,0.139202,0.863580
371019.000000,0.330000,0.640000,-1.120000,0.034320,0.698607,-0.995571,-0.807748,0.261199,0.121588,0.857593
371033.000000,0.410000,0.370000,-1.280000,0.180981,0.570323,-1.106609,-0.799999,0.266103,0.102237,0.849271
371047.000000,-0.560000,0.070000,-1.220000,-0.108289,0.347676,-1.150875,-0.801308,0.266950,0.082953,0.848668
371062.000000,-1.090000,0.700000,-1.470000,-0.491537,0.485219,-1.275458,-0.811187,0.273170,0.059688,0.858026
371077.000000,-0.460000,0.470000,-2.030000,-0.479226,0.479278,-1.570022,-0.816993,0.278568,0.029761,0.863692
371091.000000,-0.150000,0.260000,-2.200000,-0.350700,0.393674,-1.815958,-0.818235,0.281318,-0.001701,0.865246
371107.000000,0.740000,-0.070000,-2.330000,0.075097,0.239988,-2.016634,-0.808253,0.279980,-0.040324,0.856322
371121.000000,0.700000,-0.020000,-2.190000,0.319051,0.146300,-2.084314,-0.796918,0.278123,-0.073448,0.847246
371135.000000,0.120000,0.250000,-1.960000,0.194498,0.186783,-2.035783,-0.790487,0.278707,-0.104116,0.844623
371149.000000,-0.100000,0.260000,-1.820000,0.118568,0.215366,-1.951544,-0.787684,0.280120,-0.132675,0.846472
371166.000000,-0.220000,0.360000,-1.590000,-0.013605,0.271829,-1.810402,-0.787028,0.283329,-0.163849,0.852371
371180.000000,-0.110000,0.000000,-1.450000,-0.008294,0.165710,-1.669705,-0.786090,0.282813,-0.187284,0.856152
371197.000000,0.000000,-0.290000,-1.160000,-0.005056,-0.012194,-1.470722,-0.783496,0.277583,-0.211474,0.857695
371212.000000,-0.160000,-0.290000,-0.880000,-0.065544,-0.120646,-1.240111,-0.782503,0.271751,-0.228749,0.859352
371278.000000,-1.040000,-0.330000,0.280000,-0.445960,-0.202375,-0.755986,-0.789411,0.266457,-0.231849,0.864825
371470.000000,-0.130000,0.140000,0.070000,-0.271863,-0.123370,-0.460858,-0.790986,0.264922,-0.233496,0.866235
371507.000000,-0.140000,0.110000,0.000000,-0.165731,-0.075208,-0.280945,-0.791167,0.262891,-0.239044,0.867294
371519.000000,-0.110000,0.090000,-0.050000,-0.101031,-0.045848,-0.171267,-0.790519,0.262327,-0.241310,0.867160
371656.000000,-0.140000,0.090000,0.030000,-0.061590,-0.027949,-0.104406,-0.789911,0.261791,-0.001712,0.832164
371668.000000,-0.110000,0.140000,0.000000,-0.037546,-0.017038,-0.063647,-0.789063,0.001705,-0.000503,0.789065
371683.000000,-0.080000,0.120000,-0.050000,-0.022888,-0.010387,-0.038800,-0.787599,-0.000424,-0.000227,0.787599
371697.000000,-0.120000,0.090000,0.040000,-0.013953,-0.006332,-0.023653,-0.004848,-0.001320,0.000143,0.005026
371709.000000,-0.130000,0.110000,0.070000,-0.008506,-0.003860,-0.014419,0.000998,-0.001634,0.000463,0.001970
371721.000000,-0.140000,0.090000,-0.010000,-0.005185,-0.002353,-0.008790,0.003536,-0.001848,0.000372,0.004007
371735.000000,-0.090000,0.150000,-0.010000,-0.003161,0.057124,-0.005359,0.004834,-0.001691,0.000249,0.005127
371747.000000,-0.120000,0.120000,0.000000,-0.001927,0.034823,-0.003267,0.005203,-0.001662,0.000217,0.005466
371815.000000,-0.120000,0.130000,0.000000,-0.001175,0.021229,-0.001991,0.005150,-0.001561,0.000198,0.005385
371934.000000,-0.100000,0.100000,0.000000,-0.000716,0.012941,-0.001214,0.005071,-0.001592,0.000189,0.005318
371950.000000,-0.130000,0.100000,0.020000,-0.000437,0.007889,-0.000740,0.004845,-0.001603,0.000257,0.005109
372831.000000,-0.680000,-0.160000,-2.650000,-0.265730,-0.057653,-1.034980,0.007219,-0.002565,-0.023525,0.024741
372846.000000,-1.340000,0.340000,-0.600000,-0.685112,0.097586,-0.865169,0.001273,-0.003746,-0.037832,0.038039
372860.000000,-1.240000,0.580000,-0.110000,-0.901734,0.285915,-0.527417,-0.005728,-0.001258,-0.042706,0.043107
372874.000000,-1.200000,1.380000,1.950000,-1.018174,0.713033,0.439737,-0.012773,0.010147,-0.024848,0.029725
372888.000000,-1.170000,1.650000,2.600000,-1.077445,1.078814,1.283078,-0.019537,0.026874,0.006199,0.033798
372905.000000,-1.750000,2.430000,5.060000,-1.340002,1.606301,2.757544,-0.034550,0.058404,0.077978,0.103370
372919.000000,-2.070000,2.680000,5.850000,-1.624985,2.025460,3.964802,-0.051730,0.089593,0.153252,0.184903
372933.000000,-2.370000,3.150000,6.830000,-1.915830,2.464467,5.083342,-0.073294,0.126955,0.242978,0.283774
372947.000000,-2.720000,3.240000,7.820000,-2.229768,2.767226,6.151701,-0.099604,0.167050,0.346742,0.397563
372964.000000,-3.110000,3.120000,8.310000,-2.573400,2.904945,6.994276,-0.137922,0.215305,0.483686,0.547111
372978.000000,-2.950000,2.810000,8.220000,-2.720420,2.867880,7.472784,-0.169483,0.251899,0.598285,0.670912
372995.000000,-2.300000,2.440000,7.730000,-2.556293,2.700840,7.573198,-0.200074,0.290787,0.732274,0.812903
373009.000000,-2.200000,2.040000,7.540000,-2.417201,2.442856,7.560238,-0.222377,0.317521,0.839479,0.924660
373023.000000,-2.980000,1.800000,6.810000,-2.636911,2.191893,7.267354,-0.251456,0.340316,0.938588,1.029560
373037.000000,-3.680000,1.420000,6.550000,-3.044121,1.890555,6.987307,-0.289428,0.358206,1.032721,1.130749
373054.000000,-4.190000,-1.730000,3.970000,-3.491458,0.477133,5.809386,-0.344846,0.340656,1.114510,1.215360
373068.000000,-4.080000,-2.410000,3.210000,-3.721218,-0.649970,4.794617,-0.391706,0.309837,1.166385,1.268813
373082.000000,-3.860000,-2.750000,2.530000,-3.775397,-1.469797,3.910537,-0.436777,0.270776,1.206952,1.311803
373096.000000,-2.430000,-2.130000,1.030000,-3.250170,-1.727532,2.786009,-0.467297,0.235319,1.229426,1.336124
373110.000000,-1.760000,-1.680000,0.610000,-2.668425,-1.708976,1.936521,-0.486885,0.205352,1.242356,1.350065
373124.000000,-0.390000,-0.640000,0.160000,-1.778955,-1.291661,1.180526,-0.489768,0.187225,1.248013,1.353685
373138.000000,-0.230000,0.550000,0.450000,-1.174261,-0.572698,0.895337,-0.486072,0.184312,1.254330,1.357785
373155.000000,-0.480000,0.680000,0.850000,-0.903230,-0.083659,0.877638,-0.482161,0.187863,1.267001,1.368599
373169.000000,-0.630000,0.370000,1.000000,-0.796564,0.093444,0.925407,-0.480554,0.189502,1.280142,1.380437
373183.000000,-1.200000,0.400000,0.170000,-0.954061,0.213120,0.564139,-0.485016,0.191048,1.285960,1.387600
373197.000000,-1.010000,0.510000,-0.490000,-0.975899,0.329018,0.152615,-0.489437,0.193644,1.283114,1.386877
373214.000000,0.270000,0.450000,-2.470000,-0.489515,0.376248,-0.871223,-0.479559,0.196466,1.252939,1.355888
373330.000000,-18.559999,-11.780000,-0.820000,-7.544019,-4.369408,-0.851226,-0.627529,0.095656,1.239841,1.392892
373444.000000,0.300000,0.100000,-0.590000,-4.481806,-2.663642,-0.749246,-0.669563,0.058487,1.229684,1.401378
373471.000000,-0.320000,0.000000,0.540000,-2.857086,-1.623788,-0.245940,-0.686787,0.031456,1.234419,1.412960
373483.000000,0.480000,-0.010000,-0.570000,-1.554327,-0.989880,-0.372449,-0.679210,0.025312,1.230443,1.405687
373495.000000,-0.010000,0.000000,0.100000,-0.947536,-0.603443,-0.227049,-0.671179,0.021013,1.230270,1.401601
373507.000000,-0.140000,-0.030000,0.510000,-0.577629,-0.367866,0.060686,-0.664104,0.017015,1.234682,1.402056
373519.000000,0.260000,0.000000,0.130000,-0.250629,-0.224255,0.036995,-0.653955,0.013360,1.237277,1.399533
373531.000000,0.100000,0.000000,-0.150000,-0.152786,-0.136709,0.022553,-0.644229,0.009808,1.236976,1.394718
373545.000000,0.110000,0.070000,0.160000,-0.093140,-0.083339,0.013748,-0.632931,0.000093,1.238649,1.390990
373558.000000,0.130000,-0.050000,-0.140000,-0.056779,-0.050805,0.008381,-0.622272,-0.001411,1.238036,1.385625
373570.000000,0.110000,0.010000,-0.140000,-0.034613,-0.030971,0.005109,-0.612555,-0.002058,0.016333,0.612776
373583.000000,0.090000,0.040000,0.170000,-0.021101,-0.018880,0.003115,-0.007663,-0.002224,0.001353,0.008093
373595.000000,0.130000,-0.050000,-0.190000,-0.012863,-0.011510,0.001899,0.003039,-0.002553,-0.005192,0.006535
373609.000000,0.110000,0.000000,-0.080000,-0.007842,-0.007016,0.001157,0.008111,-0.002552,-0.008038,0.011701
373621.000000,0.060000,0.140000,0.160000,-0.004780,-0.004277,0.000706,0.009821,-0.002000,-0.008127,0.012903
373633.000000,0.120000,0.000000,-0.180000,-0.002914,-0.002607,0.000430,0.010806,-0.002120,-0.009178,0.014335
373645.000000,0.120000,0.030000,0.000000,-0.001776,-0.001590,0.000262,0.011209,-0.002153,-0.009206,0.014664
373657.000000,0.110000,0.050000,0.150000,-0.001083,-0.000969,0.000160,0.011259,-0.002074,-0.008482,0.014248
373669.000000,0.080000,0.030000,0.010000,-0.000660,-0.000591,0.000097,0.011058,-0.002070,-0.008400,0.014040
373775.000000,0.100000,0.000000,0.090000,-0.000402,-0.000360,0.000059,0.010814,-0.002159,-0.008016,0.013633
373917.000000,0.100000,0.000000,0.010000,-0.000245,-0.000220,0.000036,0.010597,-0.002205,-0.007996,0.013457
374019.000000,0.090000,0.000000,-0.010000,-0.000150,-0.000134,0.000022,0.010455,-0.002233,-0.008117,0.013423
380043.000000,-0.120000,0.080000,0.000000,-0.000091,-0.000082,0.000013,0.008988,-0.001816,-0.007729,0.011993
380055.000000,-0.110000,0.090000,0.010000,-0.000056,-0.000050,0.000008,0.008311,-0.001562,-0.007548,0.011335
380067.000000,-0.100000,0.080000,-0.030000,-0.000034,-0.000030,0.000005,0.008173,-0.001486,-0.007763,0.011369
380083.000000,-0.100000,0.050000,-0.020000,-0.000021,-0.000018,0.000003,0.007686,-0.001491,-0.007471,0.010822
380097.000000,-0.100000,0.060000,0.030000,-0.000013,-0.000011,0.000002,0.007404,-0.001465,-0.007077,0.010347
380113.000000,-0.120000,0.070000,0.010000,-0.000008,-0.000007,0.000001,0.007040,-0.001381,-0.006773,0.009866
380127.000000,-0.100000,0.070000,0.010000,-0.000005,-0.000004,0.000001,0.006971,-0.001342,-0.006678,0.009746
380143.000000,-0.090000,0.040000,0.010000,-0.000003,-0.000003,0.000000,0.006845,-0.001408,-0.006497,0.009541
380157.000000,-0.090000,0.020000,0.000000,-0.000002,-0.000002,0.000000,0.006819,-0.001535,-0.006475,0.009528
380171.000000,-0.110000,0.070000,-0.010000,-0.000001,-0.000001,0.000000,0.006759,-0.001434,-0.006533,0.009509
380185.000000,-0.110000,0.070000,-0.010000,-0.000001,-0.000001,0.000000,0.006657,-0.001337,-0.006513,0.009409
380203.000000,-0.090000,0.070000,0.000000,-0.000000,-0.000000,0.000000,0.006236,-0.001194,-0.006031,0.008757
380466.000000,-0.100000,0.040000,0.020000,-0.000000,-0.000000,0.000000,0.006252,-0.001283,-0.005962,0.008734
380553.000000,-0.730000,-0.340000,0.220000,-0.284984,-0.132732,0.000000,0.009872,-0.006463,-0.005405,0.012979
380703.000000,-0.090000,0.030000,0.080000,-0.173729,-0.080915,0.000000,0.017277,-0.009516,-0.005439,0.020460
380741.000000,-0.090000,0.010000,0.020000,-0.105907,-0.049327,0.000000,0.044323,-0.017691,-0.003364,0.047841
380753.000000,-0.100000,-0.010000,-0.020000,-0.064562,-0.030070,0.000000,0.053120,-0.020299,-0.004392,0.057036
380881.000000,-0.130000,-0.030000,0.040000,-0.039358,-0.018331,0.000000,0.063180,-0.023548,-0.005112,0.067619
380893.000000,-0.110000,-0.030000,0.020000,-0.023993,-0.011175,0.000000,0.071918,-0.001925,-0.005420,0.072147
380905.000000,-0.060000,0.010000,-0.020000,-0.014626,-0.006812,0.000000,0.005526,-0.001575,-0.005751,0.008129
381360.000000,-0.150000,-0.020000,0.030000,-0.067475,-0.004153,0.000000,0.004905,-0.001624,-0.005450,0.007510
381372.000000,-0.030000,0.110000,0.000000,-0.041133,-0.002532,0.000000,0.005504,-0.001224,-0.005402,0.007809
381386.000000,-0.030000,0.010000,-0.060000,-0.025075,-0.001543,0.000000,0.005987,-0.001289,-0.005653,0.008334
381401.000000,-0.070000,0.050000,0.030000,-0.015286,-0.000941,0.000000,0.005859,-0.001189,-0.005288,0.007982
381413.000000,-0.170000,-0.080000,-0.040000,-0.075685,-0.000574,0.000000,0.005458,-0.001595,-0.005361,0.007815
381425.000000,-0.030000,0.050000,-0.050000,-0.046138,-0.000350,0.000000,0.005757,-0.001460,-0.005566,0.008140
381441.000000,-0.130000,-0.030000,0.010000,-0.028126,-0.000213,0.000000,0.005332,-0.001523,-0.005168,0.007580
381453.000000,-0.070000,0.000000,-0.040000,-0.017146,-0.000130,0.000000,0.005320,-0.001487,-0.005146,0.007549
381465.000000,0.170000,0.260000,-0.020000,0.055913,0.101422,0.000000,0.006331,-0.001290,-0.005210,0.008300
381478.000000,-0.470000,-0.420000,0.050000,-0.149397,-0.102135,0.000000,0.011301,-0.006542,-0.004906,0.013949
381491.000000,-0.130000,0.000000,0.020000,-0.091074,-0.062263,0.000000,0.017823,-0.009613,-0.004723,0.020794
381505.000000,0.000000,0.080000,0.080000,-0.055520,-0.037956,0.000000,0.026623,-0.011430,-0.004331,0.029295
381519.000000,-0.020000,0.040000,-0.010000,-0.033846,-0.023139,0.000000,0.035760,-0.013193,-0.004372,0.038366
381533.000000,-0.140000,-0.080000,0.000000,-0.020633,-0.014106,0.000000,0.043822,-0.016116,-0.004380,0.046896
381547.000000,-0.060000,-0.010000,0.010000,-0.012578,-0.008599,0.000000,0.052345,-0.002110,-0.004313,0.052565
381563.000000,-0.060000,-0.010000,0.020000,-0.007668,-0.005242,0.000000,0.006555,-0.001435,-0.004088,0.007857
381576.000000,-0.070000,0.000000,0.050000,-0.004674,-0.003196,0.000000,0.004925,-0.001290,-0.003919,0.006425
381593.000000,0.030000,0.030000,0.020000,-0.002849,-0.001948,0.000000,0.004862,-0.001063,-0.003773,0.006245
381607.000000,-0.030000,0.040000,0.000000,-0.001737,-0.001188,0.000000,0.004785,-0.000924,-0.003830,0.006198
381621.000000,-0.140000,-0.010000,0.000000,-0.001059,-0.000724,0.000000,0.004359,-0.001041,-0.003912,0.005948
381635.000000,-0.160000,-0.030000,0.000000,-0.063108,-0.000441,0.000000,0.003956,-0.001201,-0.003921,0.005698
381652.000000,0.150000,0.090000,0.000000,0.020087,-0.000269,0.000000,0.004718,-0.000782,-0.003727,0.006063
381666.000000,-0.750000,-0.160000,0.030000,-0.280546,-0.062626,0.000000,0.005464,-0.001447,-0.003582,0.006692
381680.000000,0.320000,0.110000,-0.020000,-0.046100,-0.038178,0.000000,0.014309,-0.000952,-0.003710,0.014813
381694.000000,-0.040000,0.050000,-0.020000,-0.028103,-0.023274,0.000000,0.022056,-0.000751,-0.003775,0.022389
381711.000000,-0.260000,-0.120000,0.200000,-0.118633,-0.014188,0.000000,0.028444,-0.001282,-0.002783,0.028608
381725.000000,-0.070000,0.040000,0.040000,-0.072320,-0.008649,0.000000,0.034821,-0.001055,-0.002841,0.034953
381742.000000,-0.080000,0.030000,-0.040000,-0.044087,-0.005273,0.000000,0.042853,-0.000847,-0.003190,0.042980
381756.000000,-0.080000,0.030000,0.020000,-0.026876,-0.003214,0.000000,0.049538,-0.000766,-0.003221,0.049649
381770.000000,-0.060000,0.030000,0.000000,-0.016384,-0.001959,0.000000,0.056441,-0.000734,-0.003306,0.056542
381783.000000,-0.080000,0.050000,-0.030000,-0.009988,-0.001194,0.000000,0.004805,-0.000648,-0.003462,0.005958
381797.000000,-0.080000,0.040000,0.020000,-0.006089,-0.000728,0.000000,0.003616,-0.000620,-0.003340,0.004962
381813.000000,-0.140000,0.000000,0.030000,-0.003712,-0.000444,0.000000,0.003179,-0.000739,-0.003066,0.004478
381828.000000,-0.070000,0.040000,-0.030000,-0.002263,-0.000271,0.000000,0.003224,-0.000666,-0.003134,0.004545
381843.000000,-0.090000,0.010000,0.000000,-0.001379,-0.000165,0.000000,0.003210,-0.000718,-0.003088,0.004511
381857.000000,-0.070000,0.030000,-0.040000,-0.000841,-0.000101,0.000000,0.003275,-0.000686,-0.003205,0.004634
381872.000000,-0.060000,0.050000,-0.030000,-0.000513,-0.000061,0.000000,0.003313,-0.000574,-0.003208,0.004647
381886.000000,-0.090000,0.040000,-0.030000,-0.000312,-0.000037,0.000000,0.003212,-0.000541,-0.003190,0.004559
381902.000000,-0.060000,0.020000,-0.010000,-0.000191,-0.000023,0.000000,0.003165,-0.000592,-0.003016,0.004412
381916.000000,-0.090000,0.010000,0.060000,-0.000116,-0.000014,0.000000,0.003062,-0.000668,-0.002678,0.004123
381931.000000,-0.100000,0.020000,0.000000,-0.000071,-0.000008,0.000000,0.002932,-0.000672,-0.002666,0.004019
381945.000000,-0.100000,0.040000,0.010000,-0.000043,-0.000005,0.000000,0.002852,-0.000590,-0.002651,0.003938
381962.000000,-0.070000,0.050000,-0.020000,-0.000026,-0.000003,0.000000,0.002804,-0.000470,-0.002645,0.003883
381976.000000,-0.080000,0.050000,-0.020000,-0.000016,-0.000002,0.000000,0.002802,-0.000418,-0.002693,0.003909
381992.000000,-0.090000,0.050000,0.010000,-0.000010,-0.000001,0.000000,0.002717,-0.000386,-0.002566,0.003757
382006.000000,-0.090000,0.070000,0.000000,-0.000006,-0.000001,0.000000,0.002680,-0.000301,-0.002533,0.003699
382020.000000,-0.090000,0.030000,0.000000,-0.000004,-0.000000,0.000000,0.002669,-0.000395,-0.002529,0.003699
382034.000000,-0.040000,0.030000,-0.050000,-0.000002,-0.000000,0.000000,0.002827,-0.000465,-0.002693,0.003932
382052.000000,-0.070000,0.020000,0.010000,-0.000001,-0.000000,0.000000,0.002639,-0.000510,-0.002402,0.003605
382066.000000,-0.110000,0.030000,0.020000,-0.000001,-0.000000,0.000000,0.002463,-0.000509,-0.002269,0.003387
382082.000000,-0.090000,0.010000,-0.010000,-0.000001,-0.000000,0.000000,0.002396,-0.000572,-0.002282,0.003358
382096.000000,-0.070000,0.000000,0.030000,-0.000000,-0.000000,0.000000,0.002457,-0.000650,-0.002169,0.003341
382112.000000,-0.060000,0.000000,-0.020000,-0.000000,-0.000000,0.000000,0.002490,-0.000684,-0.002229,0.003411
382126.000000,-0.080000,0.040000,0.050000,-0.000000,-0.000000,0.000000,0.002446,-0.000553,-0.002037,0.003230
382143.000000,-0.070000,0.000000,-0.020000,-0.000000,-0.000000,0.000000,0.002358,-0.000590,-0.002086,0.003203
382157.000000,0.000000,-0.390000,-0.010000,-0.000000,-0.152251,0.000000,0.002608,-0.005539,-0.002137,0.006485
382171.000000,-0.100000,0.170000,0.030000,-0.000000,-0.026448,0.000000,0.002435,-0.006172,-0.002034,0.006940
382185.000000,-0.140000,0.170000,0.000000,-0.000000,0.050243,0.000000,0.002114,-0.005510,-0.002047,0.006247
382202.000000,-0.040000,-0.140000,0.000000,-0.000000,0.030629,0.000000,0.002190,-0.007923,-0.001969,0.008453
382216.000000,-0.090000,0.050000,0.000000,-0.000000,0.018672,0.000000,0.002133,-0.008843,-0.001963,0.009306
382228.000000,-0.070000,-0.010000,0.030000,-0.000000,0.011382,0.000000,0.002202,-0.001155,-0.001899,0.003129
382241.000000,-0.080000,0.210000,0.000000,-0.000000,0.088920,0.000000,0.002219,-0.000073,-0.001959,0.002961
382255.000000,-0.110000,0.140000,0.060000,-0.000000,0.054207,0.000000,0.002050,0.000335,-0.001731,0.002704
382269.000000,-0.250000,0.470000,0.000000,-0.097597,0.216528,0.000000,0.003661,0.004505,-0.001774,0.006070
382283.000000,-0.190000,0.020000,-0.150000,-0.133670,0.131998,0.000000,0.005421,0.005229,-0.002376,0.007897
382301.000000,0.380000,-0.530000,0.030000,0.066861,-0.126438,0.000000,0.014923,-0.002100,-0.001948,0.015195
382316.000000,-0.100000,-0.120000,-0.030000,0.040759,-0.077078,0.000000,0.019611,-0.005966,-0.001910,0.020587
382353.000000,-0.090000,0.110000,0.000000,0.024847,-0.046988,0.000000,0.029043,-0.007889,-0.001134,0.030117
382365.000000,-0.040000,0.000000,-0.040000,0.015147,-0.028644,0.000000,0.032315,-0.008695,-0.001494,0.033497
382379.000000,-0.090000,-0.020000,0.010000,0.009234,-0.017462,0.000000,0.035716,-0.009896,-0.001643,0.037098
382393.000000,-0.070000,-0.020000,-0.050000,0.005629,-0.010645,0.000000,0.002202,-0.011176,-0.001859,0.011541
382407.000000,-0.110000,0.030000,-0.010000,0.003432,-0.006489,0.000000,0.001648,-0.000625,-0.001825,0.002537
382421.000000,-0.110000,0.120000,0.000000,0.002092,-0.003956,0.000000,0.001556,-0.000096,-0.001727,0.002326
382435.000000,-0.060000,-0.040000,-0.040000,0.001275,-0.002412,0.000000,0.001698,-0.000378,-0.001800,0.002503
382452.000000,-0.020000,-0.040000,0.030000,0.000777,-0.001470,0.000000,0.001875,-0.000621,-0.001508,0.002485
382466.000000,0.000000,-0.040000,-0.020000,0.000474,-0.000896,0.000000,0.002071,-0.000741,-0.001544,0.002687
382480.000000,-0.090000,0.000000,0.030000,0.000289,-0.000546,0.000000,0.001869,-0.000658,-0.001421,0.002438
382494.000000,-0.070000,0.100000,0.020000,0.000176,-0.000333,0.000000,0.001763,-0.000209,-0.001355,0.002234
382511.000000,-0.150000,0.070000,-0.020000,-0.058451,-0.000203,0.000000,0.001322,-0.000011,-0.001410,0.001933
382525.000000,-0.140000,0.030000,0.000000,-0.035632,-0.000124,0.000000,0.001143,-0.000092,-0.001406,0.001814
382542.000000,-0.020000,0.000000,0.000000,-0.021722,-0.000075,0.000000,0.001477,-0.000280,-0.001350,0.002021
382554.000000,-0.050000,0.000000,0.000000,-0.013242,-0.000046,0.000000,0.001617,-0.000382,-0.001355,0.002144
382566.000000,-0.030000,-0.020000,0.020000,-0.008072,-0.000028,0.000000,0.001801,-0.000523,-0.001325,0.002297
382580.000000,-0.100000,-0.050000,0.000000,-0.004921,-0.000017,0.000000,0.001606,-0.000715,-0.001337,0.002208
382594.000000,-0.120000,-0.020000,-0.010000,-0.003000,-0.000010,0.000000,0.001343,-0.000699,-0.001358,0.002034
382611.000000,-0.120000,-0.010000,0.010000,-0.001829,-0.000006,0.000000,0.001123,-0.000595,-0.001233,0.001771
382625.000000,-0.110000,0.010000,0.000000,-0.001115,-0.000004,0.000000,0.001086,-0.000477,-0.001221,0.001702
382642.000000,-0.050000,0.060000,0.010000,-0.000680,-0.000002,0.000000,0.001273,-0.000198,-0.001146,0.001724
382658.000000,-0.080000,0.000000,0.000000,-0.000414,-0.000001,0.000000,0.001272,-0.000267,-0.001134,0.001725
382671.000000,-0.050000,-0.070000,0.000000,-0.000253,-0.000001,0.000000,0.001394,-0.000591,-0.001164,0.001909
382686.000000,-0.090000,0.000000,0.000000,-0.000154,-0.000001,0.000000,0.001314,-0.000550,-0.001171,0.001844
382700.000000,-0.130000,0.030000,-0.010000,-0.000094,-0.000000,0.000000,0.001088,-0.000369,-0.001197,0.001659
382712.000000,-0.160000,0.060000,0.010000,-0.062519,-0.000000,0.000000,0.000858,-0.000155,-0.001158,0.001450
382725.000000,-0.180000,0.030000,-0.010000,-0.108382,-0.000000,0.000000,0.001561,-0.000124,-0.001200,0.001972
382743.000000,-0.110000,0.000000,0.000000,-0.066071,-0.000000,0.000000,0.003290,-0.000236,-0.001091,0.003474
382755.000000,-0.080000,0.030000,-0.010000,-0.040278,-0.000000,0.000000,0.004846,-0.000203,-0.001109,0.004975
382767.000000,-0.090000,0.000000,0.000000,-0.024554,-0.000000,0.000000,0.006438,-0.000283,-0.001128,0.006542
382782.000000,-0.090000,0.000000,0.000000,-0.014968,-0.000000,0.000000,0.008443,-0.000338,-0.001090,0.008520
382794.000000,-0.080000,-0.010000,0.010000,-0.009125,-0.000000,0.000000,0.001256,-0.000396,-0.001032,0.001673
382810.000000,-0.120000,0.010000,-0.010000,-0.005563,-0.000000,0.000000,0.000912,-0.000348,-0.001038,0.001425
382822.000000,-0.090000,0.030000,0.000000,-0.003391,-0.000000,0.000000,0.000943,-0.000246,-0.001022,0.001412
382834.000000,-0.100000,0.000000,0.000000,-0.002067,-0.000000,0.000000,0.000971,-0.000288,-0.001032,0.001446
382850.000000,-0.070000,-0.030000,0.040000,-0.001260,-0.000000,0.000000,0.001048,-0.000435,-0.000827,0.001404
382862.000000,-0.080000,-0.020000,0.010000,-0.000768,-0.000000,0.000000,0.001064,-0.000483,-0.000823,0.001429
382874.000000,-0.070000,-0.030000,0.000000,-0.000468,-0.000000,0.000000,0.001127,-0.000551,-0.000894,0.001541
382890.000000,-0.070000,-0.040000,-0.010000,-0.000285,-0.000000,0.000000,0.001110,-0.000605,-0.000938,0.001574
382902.000000,-0.060000,-0.040000,0.000000,-0.000174,-0.000000,0.000000,0.001139,-0.000633,-0.000929,0.001601
382914.000000,-0.060000,-0.020000,0.000000,-0.000106,-0.000000,0.000000,0.001188,-0.000591,-0.000939,0.001625
382926.000000,-0.090000,0.020000,-0.010000,-0.000065,-0.000000,0.000000,0.001099,-0.000406,-0.000973,0.001523
382941.000000,-0.080000,0.000000,-0.010000,-0.000039,-0.000000,0.000000,0.001018,-0.000328,-0.000961,0.001438
382954.000000,-0.100000,-0.020000,0.010000,-0.000024,-0.000000,0.000000,0.000905,-0.000376,-0.000873,0.001313
382966.000000,-0.080000,-0.060000,0.030000,-0.000015,-0.000000,0.000000,0.000920,-0.000565,-0.000756,0.001318
382978.000000,-0.070000,-0.060000,0.000000,-0.000009,-0.000000,0.000000,0.000980,-0.000698,-0.000787,0.001438
382991.000000,-0.040000,-0.090000,0.000000,-0.000005,-0.000000,0.000000,0.001119,-0.000873,-0.000814,0.001636
383003.000000,-0.080000,0.000000,0.020000,-0.000003,-0.000000,0.000000,0.001054,-0.000646,-0.000751,0.001446
383018.000000,-0.110000,0.130000,0.030000,-0.000002,-0.000000,0.000000,0.000841,0.000068,-0.000638,0.001058
383032.000000,-0.070000,0.000000,-0.030000,-0.000001,-0.000000,0.000000,0.000852,0.000008,-0.000790,0.001162
383044.000000,-0.070000,-0.010000,-0.010000,-0.000001,-0.000000,0.000000,0.000894,-0.000138,-0.000839,0.001234
383065.000000,-0.050000,-0.040000,0.000000,-0.000000,-0.000000,0.000000,0.000886,-0.000341,-0.000714,0.001187
383082.000000,-0.080000,-0.190000,0.010000,-0.000000,-0.074174,0.000000,0.000807,-0.000993,-0.000641,0.001431
383094.000000,-0.020000,-0.080000,0.110000,-0.000000,-0.045217,0.000000,0.001004,-0.001015,-0.000291,0.001457
383110.000000,0.080000,-0.110000,-0.170000,-0.000000,-0.027565,0.000000,0.001532,-0.001062,-0.001084,0.002156
383122.000000,-0.050000,-0.040000,-0.040000,-0.000000,-0.016804,0.000000,0.001366,-0.000847,-0.001141,0.001971
383134.000000,-0.110000,-0.040000,0.060000,-0.000000,-0.010244,0.000000,0.001007,-0.000701,-0.000770,0.001448
383150.000000,0.000000,-0.080000,-0.030000,-0.000000,-0.006245,0.000000,0.001113,-0.000730,-0.000773,0.001539
383162.000000,-0.040000,-0.010000,-0.010000,-0.000000,-0.003807,0.000000,0.001090,-0.000528,-0.000759,0.001429
383175.000000,0.000000,-0.220000,0.020000,-0.000000,-0.088206,0.000000,0.001227,-0.002847,-0.000650,0.003168
383192.000000,0.020000,-0.050000,-0.050000,-0.000000,-0.053771,0.000000,0.001321,-0.004544,-0.000793,0.004798
383204.000000,-0.150000,0.010000,-0.010000,-0.058558,-0.032780,0.000000,0.000803,-0.004954,-0.000767,0.005077
383314.000000,-0.040000,-0.010000,-0.070000,-0.035698,-0.019983,0.000000,0.000827,-0.005296,-0.000970,0.005447
383326.000000,-0.070000,0.020000,0.080000,-0.021762,-0.012182,0.000000,0.000794,-0.005366,-0.000570,0.005454
383340.000000,-0.010000,-0.040000,-0.070000,-0.013266,-0.007426,0.000000,0.000971,-0.000772,-0.000791,0.001471
383352.000000,-0.090000,0.060000,0.000000,-0.008087,-0.004527,0.000000,0.000801,-0.000181,-0.000730,0.001099
383365.000000,-0.160000,0.080000,0.050000,-0.067392,-0.002760,0.000000,0.000395,0.000223,-0.000476,0.000658
383377.000000,-0.130000,0.020000,0.000000,-0.041083,-0.001682,0.000000,0.000244,0.000217,-0.000485,0.000585
383391.000000,-0.140000,0.060000,0.040000,-0.025045,-0.001026,0.000000,0.000137,0.000309,-0.000365,0.000498
383404.000000,-0.130000,0.050000,0.020000,-0.015268,-0.000625,0.000000,0.000122,0.000331,-0.000354,0.000499
383416.000000,-0.100000,0.020000,-0.030000,-0.009307,-0.000381,0.000000,0.000231,0.000231,-0.000541,0.000632
383428.000000,-0.070000,0.000000,-0.050000,-0.005674,-0.000232,0.000000,0.000422,0.000082,-0.000752,0.000866
383442.000000,-0.080000,-0.040000,0.010000,-0.003459,-0.000142,0.000000,0.000504,-0.000171,-0.000641,0.000834
383454.000000,-0.110000,-0.040000,0.000000,-0.002109,-0.000086,0.000000,0.000424,-0.000313,-0.000577,0.000782
383466.000000,-0.110000,0.020000,0.010000,-0.001285,-0.000053,0.000000,0.000360,-0.000176,-0.000512,0.000650
383481.000000,-0.030000,-0.010000,-0.070000,-0.000784,-0.000032,0.000000,0.000614,-0.000157,-0.000757,0.000987
383493.000000,-0.060000,-0.020000,-0.030000,-0.000478,-0.000020,0.000000,0.000670,-0.000199,-0.000773,0.001042
383507.000000,-0.080000,-0.040000,0.040000,-0.000291,-0.000012,0.000000,0.000611,-0.000309,-0.000494,0.000844
383519.000000,-0.070000,-0.030000,0.000000,-0.000178,-0.000007,0.000000,0.000596,-0.000336,-0.000452,0.000820
383531.000000,-0.070000,-0.030000,-0.050000,-0.000108,-0.000004,0.000000,0.000598,-0.000347,-0.000636,0.000940
383543.000000,-0.050000,-0.020000,-0.030000,-0.000066,-0.000003,0.000000,0.000669,-0.000313,-0.000699,0.001017
383559.000000,-0.080000,-0.010000,0.000000,-0.000040,-0.000002,0.000000,0.000571,-0.000229,-0.000569,0.000838
383571.000000,-0.100000,-0.050000,0.030000,-0.000025,-0.000001,0.000000,0.000444,-0.000328,-0.000389,0.000675
383584.000000,-0.130000,-0.010000,0.030000,-0.000015,-0.000001,0.000000,0.000253,-0.000269,-0.000272,0.000459
383600.000000,-0.060000,-0.040000,-0.030000,-0.000009,-0.000000,0.000000,0.000385,-0.000312,-0.000426,0.000653
383612.000000,-0.060000,0.000000,0.000000,-0.000006,-0.000000,0.000000,0.000488,-0.000208,-0.000429,0.000683
383625.000000,-0.070000,-0.030000,0.000000,-0.000003,-0.000000,0.000000,0.000524,-0.000240,-0.000423,0.000715
383640.000000,-0.080000,-0.040000,0.000000,-0.000002,-0.000000,0.000000,0.000477,-0.000305,-0.000401,0.000694
383652.000000,-0.020000,-0.190000,0.030000,-0.000001,-0.074174,0.000000,0.000659,-0.000871,-0.000286,0.001130
383664.000000,-0.070000,-0.140000,0.040000,-0.000001,-0.045217,0.000000,0.000629,-0.001115,-0.000172,0.001291
383678.000000,-0.130000,0.040000,0.020000,-0.000000,-0.027565,0.000000,0.000336,-0.000513,-0.000171,0.000636
383691.000000,-0.020000,-0.020000,0.000000,-0.000000,-0.016804,0.000000,0.000546,-0.000301,-0.000256,0.000674
383706.000000,-0.150000,0.050000,0.040000,-0.058558,-0.010244,0.000000,0.000227,0.000055,-0.000161,0.000284
383718.000000,-0.110000,0.040000,0.060000,-0.035698,-0.006245,0.000000,0.000152,0.000211,-0.000024,0.000261
383754.000000,-0.110000,-0.020000,0.000000,-0.021762,-0.003807,0.000000,0.000075,0.000013,-0.000122,0.000144
383766.000000,-0.060000,-0.080000,-0.010000,-0.013266,-0.002321,0.000000,0.000250,-0.000255,-0.000249,0.000435
383778.000000,-0.010000,-0.220000,0.000000,-0.008087,-0.087300,0.000000,0.000580,-0.002302,-0.000320,0.002395
383790.000000,-0.070000,-0.150000,0.000000,-0.004930,-0.111777,0.000000,0.000582,-0.004172,-0.000351,0.004227
383802.000000,-0.080000,-0.040000,0.000000,-0.003005,-0.068141,0.000000,0.000498,-0.005065,-0.000361,0.005102
383815.000000,-0.110000,-0.020000,0.010000,-0.001832,-0.041539,0.000000,0.000317,-0.005533,-0.000322,0.005551
383827.000000,-0.010000,-0.080000,-0.050000,-0.001117,-0.025323,0.000000,0.000561,-0.006330,-0.000507,0.006375
383840.000000,-0.120000,-0.010000,-0.040000,-0.000681,-0.015437,0.000000,0.000354,-0.006676,-0.000611,0.006713
383852.000000,-0.110000,-0.040000,0.000000,-0.000415,-0.009411,0.000000,0.000216,-0.000927,-0.000509,0.001080
383866.000000,-0.110000,-0.080000,0.050000,-0.000253,-0.005737,0.000000,0.000132,-0.000604,-0.000222,0.000656
383878.000000,-0.080000,-0.050000,0.000000,-0.000154,-0.003497,0.000000,0.000202,-0.000478,-0.000227,0.000566
383891.000000,-0.100000,-0.090000,0.000000,-0.000094,-0.002132,0.000000,0.000191,-0.000559,-0.000265,0.000647
383903.000000,-0.060000,-0.080000,-0.010000,-0.000057,-0.001300,0.000000,0.000316,-0.000588,-0.000323,0.000742
383915.000000,-0.090000,-0.010000,0.000000,-0.000035,-0.000792,0.000000,0.000300,-0.000348,-0.000326,0.000564
383929.000000,-0.130000,0.010000,0.000000,-0.000021,-0.000483,0.000000,0.000112,-0.000076,-0.000312,0.000340
383941.000000,-0.090000,-0.030000,0.000000,-0.000013,-0.000294,0.000000,0.000136,-0.000075,-0.000301,0.000339
383954.000000,-0.270000,0.060000,0.010000,-0.105413,-0.000179,0.000000,-0.001206,0.000228,-0.000259,0.001254
383966.000000,-0.310000,0.060000,0.000000,-0.185281,-0.000109,0.000000,-0.003214,0.000434,-0.000264,0.003254
383978.000000,-0.110000,-0.010000,0.000000,-0.112950,-0.000067,0.000000,-0.003773,0.000295,-0.000274,0.003795
383992.000000,-0.330000,0.150000,0.000000,-0.197684,0.058518,0.000000,-0.006075,0.000760,-0.000274,0.006128
384004.000000,-0.260000,0.120000,0.000000,-0.222011,0.035673,0.000000,-0.007883,0.000964,-0.000271,0.007947
384016.000000,-0.070000,0.020000,-0.020000,-0.135341,0.021747,0.000000,-0.008047,0.000710,-0.000344,0.008085
384030.000000,-0.030000,-0.080000,0.000000,-0.082505,0.013257,0.000000,-0.007269,0.000090,-0.000316,0.007277
384042.000000,-0.020000,-0.120000,0.050000,-0.050296,0.008082,0.000000,-0.006270,-0.000415,-0.000109,0.006285
384054.000000,0.150000,-0.130000,0.000000,0.027897,0.004927,0.000000,-0.003743,-0.000756,-0.000143,0.003822
384066.000000,0.200000,-0.400000,-0.030000,0.095084,-0.153152,0.000000,-0.000338,-0.004438,-0.000302,0.004461
384079.000000,0.100000,-0.360000,0.000000,0.057964,-0.233903,0.000000,0.002726,-0.008827,-0.000301,0.009244
384091.000000,0.000000,-0.380000,0.030000,0.035336,-0.290938,0.000000,0.004542,-0.013158,-0.000170,0.013921
384103.000000,-0.010000,-0.240000,0.000000,0.021541,-0.271052,0.000000,0.005970,-0.016396,-0.000183,0.017450
384115.000000,-0.060000,-0.090000,-0.020000,0.013132,-0.165237,0.000000,0.006862,-0.018047,-0.000281,0.019309
384130.000000,-0.070000,-0.080000,-0.010000,0.008005,-0.100730,0.000000,0.000450,-0.019409,-0.000306,0.019417
384142.000000,-0.070000,-0.100000,0.000000,0.004880,-0.061406,0.000000,0.000342,-0.020499,-0.000274,0.020504
384154.000000,-0.130000,0.060000,0.020000,0.002975,-0.037434,0.000000,0.000118,-0.020245,-0.000180,0.020247
384166.000000,-0.100000,-0.020000,0.020000,0.001814,-0.022820,0.000000,0.000064,-0.002059,-0.000114,0.002063
384180.000000,-0.080000,-0.010000,0.000000,0.001106,-0.013911,0.000000,0.000127,-0.000603,-0.000149,0.000634
384193.000000,-0.060000,-0.050000,0.000000,0.000674,-0.008481,0.000000,0.000246,-0.000266,-0.000179,0.000404
384552.000000,-0.030000,-0.050000,-0.040000,0.000411,-0.005170,0.000000,0.000431,-0.000181,-0.000340,0.000578
384755.000000,-0.020000,-0.030000,-0.020000,0.000250,-0.003152,0.000000,0.000589,-0.000082,-0.000382,0.000707
384792.000000,-0.060000,-0.040000,0.000000,0.000153,-0.001921,0.000000,0.000298,-0.000031,-0.000171,0.000345
384807.000000,-0.050000,-0.040000,-0.030000,0.000093,-0.001171,0.000000,0.000356,-0.000039,-0.000279,0.000454
384820.000000,-0.080000,-0.050000,0.020000,0.000057,-0.000714,0.000000,0.000296,-0.000083,-0.000184,0.000358
384832.000000,-0.090000,-0.060000,0.000000,0.000035,-0.000435,0.000000,0.000211,-0.000149,-0.000177,0.000313
384898.000000,-0.050000,-0.060000,-0.020000,0.000021,-0.000265,0.000000,0.000298,-0.000190,-0.000253,0.000435
384913.000000,-0.060000,-0.070000,-0.030000,0.000013,-0.000162,0.000000,0.000321,-0.000240,-0.000335,0.000522
385382.000000,-0.080000,-0.060000,0.010000,0.000008,-0.000099,0.000000,0.000262,-0.000236,-0.000242,0.000428
385399.000000,-0.040000,-0.030000,0.000000,0.000005,-0.000060,0.000000,0.000355,-0.000100,-0.000188,0.000414
385411.000000,-0.040000,-0.030000,-0.010000,0.000003,-0.000037,0.000000,0.000420,-0.000028,-0.000207,0.000469
385423.000000,-0.140000,-0.020000,-0.020000,0.000002,-0.000022,0.000000,0.000111,0.000048,-0.000268,0.000294
385439.000000,-0.030000,-0.070000,0.000000,0.000001,-0.000014,0.000000,0.000276,-0.000097,-0.000220,0.000366
385451.000000,-0.060000,-0.030000,-0.020000,0.000001,-0.000008,0.000000,0.000307,-0.000051,-0.000257,0.000404
385463.000000,-0.080000,0.000000,0.000000,0.000000,-0.000005,0.000000,0.000248,0.000104,-0.000223,0.000350
385479.000000,-0.010000,-0.130000,-0.030000,0.000000,-0.000003,0.000000,0.000454,-0.000289,-0.000294,0.000613
385491.000000,-0.070000,0.000000,-0.010000,0.000000,-0.000002,0.000000,0.000374,-0.000081,-0.000273,0.000470
385505.000000,0.230000,0.330000,0.000000,0.089789,0.128827,0.000000,0.001424,0.003544,-0.000212,0.003825
385519.000000,0.010000,0.080000,0.000000,0.054737,0.078534,0.000000,0.001293,0.005772,-0.000169,0.005917
385533.000000,-0.080000,-0.110000,-0.040000,0.033368,0.047876,0.000000,0.000745,0.005719,-0.000295,0.005775
385550.000000,-0.050000,-0.160000,0.000000,0.020342,-0.033277,0.000000,0.000458,0.004229,-0.000221,0.004259
385564.000000,-0.310000,-0.240000,0.060000,-0.108620,-0.113979,0.000000,-0.001568,0.001865,0.000050,0.002437
385576.000000,-0.070000,-0.140000,0.000000,-0.066216,-0.069483,0.000000,-0.001950,0.000387,0.000009,0.001988
385591.000000,-0.040000,-0.150000,-0.020000,-0.040366,-0.100916,0.000000,-0.001606,-0.001360,-0.000131,0.002109
385605.000000,-0.040000,-0.090000,0.020000,-0.024608,-0.061519,0.000000,-0.001054,-0.002375,-0.000066,0.002599
385619.000000,-0.050000,-0.040000,-0.040000,-0.015001,-0.037503,0.000000,-0.000531,-0.002715,-0.000229,0.002776
385632.000000,-0.050000,-0.050000,-0.020000,-0.009145,-0.022862,0.000000,-0.000007,-0.002933,-0.000273,0.002946
385648.000000,-0.050000,-0.040000,0.000000,-0.005575,-0.013937,0.000000,0.000180,-0.003054,-0.000199,0.003066
385661.000000,-0.030000,-0.030000,-0.060000,-0.003398,-0.008496,0.000000,0.000324,-0.000182,-0.000367,0.000523
385673.000000,-0.070000,-0.090000,0.060000,-0.002072,-0.005179,0.000000,0.000268,-0.000218,-0.000069,0.000352
385689.000000,-0.050000,-0.070000,-0.010000,-0.001263,-0.003157,0.000000,0.000269,-0.000242,-0.000079,0.000371
385703.000000,-0.060000,-0.080000,0.000000,-0.000770,-0.001925,0.000000,0.000240,-0.000283,-0.000087,0.000382
385717.000000,-0.060000,-0.060000,0.000000,-0.000469,-0.001173,0.000000,0.000221,-0.000236,-0.000092,0.000336
385733.000000,-0.100000,-0.080000,0.020000,-0.000286,-0.000715,0.000000,0.000052,-0.000266,-0.000015,0.000271
385750.000000,-0.010000,-0.030000,-0.090000,-0.000174,-0.000436,0.000000,0.000287,-0.000094,-0.000382,0.000486
385764.000000,-0.050000,-0.090000,0.000000,-0.000106,-0.000266,0.000000,0.000302,-0.000211,-0.000286,0.000467
385781.000000,-0.050000,-0.050000,0.030000,-0.000065,-0.000162,0.000000,0.000281,-0.000151,-0.000059,0.000324
385793.000000,-0.060000,-0.050000,-0.010000,-0.000040,-0.000099,0.000000,0.000240,-0.000109,-0.000083,0.000276
385810.000000,-0.040000,-0.050000,0.020000,-0.000024,-0.000060,0.000000,0.000278,-0.000078,-0.000006,0.000289
385822.000000,-0.060000,-0.080000,0.010000,-0.000015,-0.000037,0.000000,0.000239,-0.000171,0.000005,0.000294
385838.000000,-0.050000,-0.090000,0.000000,-0.000009,-0.000022,0.000000,0.000239,-0.000283,-0.000032,0.000372
385852.000000,-0.060000,-0.040000,0.000000,-0.000005,-0.000014,0.000000,0.000206,-0.000154,-0.000056,0.000263
385864.000000,-0.070000,-0.030000,0.010000,-0.000003,-0.000008,0.000000,0.000153,-0.000027,-0.000034,0.000159
385881.000000,-0.050000,-0.080000,-0.020000,-0.000002,-0.000005,0.000000,0.000183,-0.000134,-0.000127,0.000261
385895.000000,-0.060000,-0.090000,-0.010000,-0.000001,-0.000003,0.000000,0.000173,-0.000250,-0.000149,0.000338
385911.000000,-0.040000,-0.170000,0.030000,-0.000001,-0.066368,0.000000,0.000236,-0.000619,-0.000001,0.000663
385925.000000,-0.010000,-0.150000,-0.040000,-0.000000,-0.099017,0.000000,0.000387,-0.000763,-0.000164,0.000871
385942.000000,-0.070000,-0.050000,-0.020000,-0.000000,-0.060362,0.000000,0.000243,-0.000416,-0.000211,0.000526
385959.000000,-0.070000,-0.050000,0.040000,-0.000000,-0.036797,0.000000,0.000136,-0.000184,0.000008,0.000229
385972.000000,-0.070000,-0.100000,0.020000,-0.000000,-0.022432,0.000000,0.000091,-0.000266,0.000067,0.000290
385989.000000,-0.020000,-0.070000,-0.040000,-0.000000,-0.013675,0.000000,0.000257,-0.000226,-0.000142,0.000370
386003.000000,-0.050000,-0.100000,0.000000,-0.000000,-0.008336,0.000000,0.000252,-0.000304,-0.000127,0.000414
386017.000000,-0.060000,-0.090000,0.020000,-0.000000,-0.005082,0.000000,0.000198,-0.000326,-0.000024,0.000382
386033.000000,-0.070000,-0.110000,-0.020000,-0.000000,-0.003098,0.000000,0.000116,-0.000397,-0.000105,0.000426
386050.000000,-0.050000,-0.020000,0.000000,-0.000000,-0.001889,0.000000,0.000143,-0.000088,-0.000089,0.000190
386064.000000,-0.050000,-0.060000,0.030000,-0.000000,-0.001151,0.000000,0.000171,-0.000048,0.000035,0.000181
386081.000000,-0.030000,-0.110000,-0.030000,-0.000000,-0.000702,0.000000,0.000258,-0.000239,-0.000109,0.000368
386093.000000,0.140000,-0.070000,0.000000,-0.000000,-0.000428,0.000000,0.000898,-0.000217,-0.000101,0.000929
386110.000000,-0.210000,-0.150000,0.010000,-0.081982,-0.058819,0.000000,0.000020,-0.000482,-0.000038,0.000484
386123.000000,-0.060000,-0.080000,0.010000,-0.049977,-0.035857,0.000000,-0.000026,-0.000391,-0.000004,0.000392
386141.000000,-0.090000,-0.160000,0.030000,-0.030467,-0.084321,0.000000,-0.000089,-0.000585,0.000092,0.000599
386155.000000,-0.050000,-0.110000,0.050000,-0.018573,-0.051403,0.000000,0.000023,-0.000538,0.000216,0.000580
386169.000000,-0.050000,-0.060000,0.010000,-0.011322,-0.031336,0.000000,0.000107,-0.000309,0.000147,0.000359
386183.000000,-0.010000,-0.040000,-0.070000,-0.006902,-0.019103,0.000000,0.000298,-0.000080,-0.000212,0.000375
386200.000000,0.000000,-0.050000,0.020000,-0.004208,-0.011645,0.000000,0.000445,0.000018,-0.000101,0.000457
386214.000000,0.010000,-0.070000,0.030000,-0.002565,-0.007099,0.000000,0.000554,-0.000023,0.000038,0.000556
386228.000000,-0.070000,-0.070000,-0.080000,-0.001564,-0.004328,0.000000,0.000323,-0.000060,-0.000285,0.000435
386242.000000,0.000000,-0.030000,-0.060000,-0.000953,-0.002638,0.000000,0.000409,0.000068,-0.000443,0.000607
386259.000000,-0.060000,-0.020000,-0.010000,-0.000581,-0.001608,0.000000,0.000247,0.000196,-0.000303,0.000438
386273.000000,-0.130000,0.030000,0.040000,-0.000354,-0.000980,0.000000,-0.000105,0.000442,-0.000030,0.000455
386287.000000,-0.070000,-0.060000,-0.040000,-0.000216,-0.000598,0.000000,-0.000110,0.000268,-0.000151,0.000327
386301.000000,-0.120000,-0.050000,0.030000,-0.000132,-0.000364,0.000000,-0.000258,0.000156,-0.000004,0.000301
386315.000000,-0.050000,-0.020000,0.030000,-0.000080,-0.000222,0.000000,-0.000095,0.000210,0.000109,0.000255
386329.000000,-0.040000,-0.060000,-0.030000,-0.000049,-0.000135,0.000000,0.000069,0.000109,-0.000054,0.000140
386341.000000,-0.110000,0.060000,-0.070000,-0.000030,-0.000083,0.000000,-0.000090,0.000464,-0.000314,0.000567
386353.000000,-0.100000,0.250000,0.000000,-0.000018,0.097547,0.000000,-0.000190,0.003319,-0.000237,0.003333
386366.000000,0.010000,0.770000,-0.010000,-0.000011,0.360065,0.000000,0.000168,0.011753,-0.000178,0.011755
386379.000000,1.470000,0.000000,-4.710000,0.573864,0.219500,-1.838728,0.014343,0.014782,-0.043127,0.047793
386393.000000,2.130000,-3.370000,-12.020000,1.181361,-1.181799,-5.813377,0.040465,-0.016727,-0.174830,0.180230
386411.000000,1.970000,-2.470000,-13.470000,1.489236,-1.684697,-8.802432,0.076220,-0.059312,-0.395393,0.407017
386425.000000,2.240000,-1.370000,-13.010000,1.782326,-1.561843,-10.445017,0.107183,-0.082137,-0.574387,0.590047
386443.000000,1.860000,0.400000,-9.590000,1.812649,-0.795963,-10.111229,0.143420,-0.085209,-0.764302,0.782296
386461.000000,0.440000,0.050000,-6.710000,1.276783,-0.485228,-8.783429,0.160693,-0.084810,-0.905863,0.923907
386475.000000,-0.370000,0.560000,-5.450000,0.633898,-0.077183,-7.482098,0.161765,-0.078691,-0.992336,1.008509
386491.000000,-0.730000,-0.450000,-6.290000,0.101448,-0.222727,-7.016717,0.154720,-0.081019,-1.092468,1.106340
386507.000000,-1.170000,0.480000,-5.720000,-0.394910,0.051610,-6.510494,0.140265,-0.075727,-1.186607,1.197266
386521.000000,-2.840000,3.950000,-1.360000,-1.349444,1.573495,-4.499802,0.109306,-0.035090,-1.224678,1.230047
386538.000000,-4.970000,3.940000,3.800000,-2.762866,2.497351,-1.259657,0.039696,0.027252,-1.193366,1.194337
386552.000000,-4.890000,2.790000,2.650000,-3.593274,2.611598,0.266627,-0.024757,0.070534,-1.159691,1.162098
386566.000000,-5.130000,4.380000,5.440000,-4.193194,3.301961,2.286251,-0.093699,0.126980,-1.096308,1.107608
386580.000000,-5.220000,5.370000,7.420000,-4.594047,4.109299,4.290406,-0.164870,0.197078,-1.004609,1.036948
386594.000000,-5.600000,5.390000,8.220000,-4.986759,4.609270,5.824473,-0.240434,0.271466,-0.896575,0.967134
386611.000000,-6.020000,5.670000,10.350000,-5.390124,5.023366,7.591186,-0.338788,0.366691,-0.734093,0.887768
386625.000000,-6.000000,5.650000,10.320000,-5.628212,5.267997,8.656482,-0.421220,0.446125,-0.592846,0.853182
386641.000000,-6.220000,5.550000,10.920000,-5.859239,5.378088,9.540133,-0.518383,0.536133,-0.422150,0.856955
386657.000000,-6.380000,6.440000,12.580000,-6.062538,5.792646,10.726861,-0.618226,0.635878,-0.230082,0.916232
386671.000000,-6.320000,6.090000,11.530000,-6.163048,5.908729,11.040397,-0.705703,0.722281,-0.066701,1.012006
386687.000000,-6.230000,6.430000,10.220000,-6.189185,6.112227,10.720124,-0.804708,0.824535,0.103743,1.156795
386701.000000,-6.600000,6.870000,10.290000,-6.349563,6.408053,10.552209,-0.894709,0.919241,0.249295,1.306773
386715.000000,-6.700000,6.360000,9.050000,-6.486369,6.389294,9.965764,-0.986702,1.010518,0.381619,1.462997
386729.000000,-5.900000,2.190000,0.240000,-6.257458,4.749939,6.075247,-1.071452,1.059901,0.423636,1.565525
386743.000000,-4.620000,0.330000,-2.550000,-5.618213,3.024447,2.708053,-1.141486,1.078487,0.411220,1.623338
386761.000000,-1.780000,2.550000,-2.700000,-4.119820,2.839228,0.596813,-1.190069,1.118477,0.372370,1.675086
386775.000000,-1.350000,3.170000,-2.080000,-3.038515,2.968358,-0.448183,-1.213967,1.159412,0.342890,1.713338
386790.000000,-0.400000,-1.710000,-9.460000,-2.008470,1.141982,-3.966290,-1.225134,1.155190,0.234050,1.700058
386802.000000,1.340000,-2.170000,-11.380000,-0.701267,-0.150977,-6.860515,-1.215985,1.136410,0.112310,1.668131
386814.000000,2.240000,-1.470000,-10.610000,0.446969,-0.665908,-8.324270,-1.193853,1.118889,-0.013364,1.636269
386828.000000,1.350000,0.870000,-5.150000,0.799502,-0.066308,-7.085072,-1.172209,1.121820,-0.107851,1.626095
386842.000000,0.670000,0.970000,-3.830000,0.748946,0.338255,-5.814330,-1.158482,1.132743,-0.173763,1.629534
386860.000000,-0.540000,1.180000,-1.310000,0.245757,0.666862,-4.055893,-1.159133,1.152515,-0.215732,1.648764
386872.000000,9.920000,-8.700000,-2.770000,4.022467,-2.989850,-3.553896,-1.075363,1.083850,-0.247421,1.546724
386888.000000,-1.060000,7.040000,0.280000,2.038332,0.925685,-2.166497,-1.052965,1.135847,-0.256997,1.570010
386900.000000,0.200000,5.140000,-1.040000,1.320669,2.570904,-1.726726,-1.045673,1.191183,-0.267915,1.607522
386912.000000,-3.180000,-2.940000,0.590000,-0.436339,0.419512,-0.822303,-1.069625,1.183549,-0.266261,1.617337
386924.000000,-0.630000,-0.890000,-0.150000,-0.511942,-0.091706,-0.501286,-1.081530,1.174243,-0.267052,1.618602
386939.000000,0.130000,0.000000,-0.240000,-0.312086,-0.055905,-0.305590,-1.083915,1.171330,-0.269902,1.618558
386951.000000,-0.100000,0.540000,0.290000,-0.190251,0.176729,-0.186291,-1.084755,1.175627,-0.268178,1.621947
386963.000000,0.000000,-0.220000,-0.120000,-0.115979,0.021851,-0.113565,-1.084435,1.175529,-0.003179,1.599337
386975.000000,-0.040000,-0.290000,-0.350000,-0.070702,-0.099892,-0.205867,-1.084103,1.173525,-0.001324,1.597636
386989.000000,-0.220000,0.190000,0.300000,-0.128986,0.013278,-0.008382,-1.085475,1.175223,0.001375,1.599814
387001.000000,-0.040000,-0.130000,-0.090000,-0.078632,0.008095,-0.005110,-1.085592,1.175028,0.001572,1.599751
387013.000000,-0.030000,-0.140000,-0.420000,-0.047935,0.004935,-0.167078,-1.085306,1.174254,0.000559,1.598988
387025.000000,-0.120000,-0.050000,-0.010000,-0.029222,0.003008,-0.101853,-1.085657,1.174063,0.001990,1.599087
387040.000000,0.290000,-0.120000,-0.330000,0.095399,0.001834,-0.190919,-1.082028,0.010957,0.001336,1.082084
387054.000000,0.090000,-0.200000,-0.300000,0.058156,-0.076960,-0.233503,-1.079462,-0.003830,0.000335,1.079469
387068.000000,-0.030000,-0.100000,0.030000,0.035453,-0.046916,-0.142346,-1.078319,-0.017917,0.002451,1.078471
387082.000000,-0.060000,-0.070000,-0.270000,0.021612,-0.028600,-0.086776,-1.077897,-0.031498,0.000329,1.078357
387099.000000,-0.040000,-0.030000,0.130000,0.013175,-0.017435,-0.052900,-1.077408,-0.047331,0.001317,1.078448
387113.000000,-0.070000,-0.070000,-0.050000,0.008032,-0.010629,-0.032248,-0.009031,-0.060598,0.001430,0.061284
387127.000000,-0.070000,-0.040000,-0.010000,0.004896,-0.006479,-0.019659,0.000914,-0.008037,0.001558,0.008238
387141.000000,-0.060000,0.000000,0.090000,0.002985,-0.003950,-0.011984,0.004747,-0.006733,0.001985,0.008473
387155.000000,-0.030000,-0.040000,-0.120000,0.001820,-0.002408,-0.007306,0.006337,-0.006865,0.001465,0.009457
387169.000000,-0.050000,-0.040000,0.000000,0.001109,-0.001468,-0.004454,0.006847,-0.006953,0.001499,0.009872
387181.000000,-0.070000,-0.080000,0.090000,0.000676,-0.000895,-0.002715,0.006977,-0.007172,0.001907,0.010187
387195.000000,-0.050000,-0.090000,-0.070000,0.000412,-0.000546,-0.001655,0.007026,-0.007298,0.001595,0.010256
387211.000000,-0.050000,-0.040000,0.050000,0.000251,-0.000333,-0.001009,0.006704,-0.006814,0.001705,0.009710
387225.000000,-0.040000,-0.010000,-0.020000,0.000153,-0.000203,-0.000615,0.006617,-0.006475,0.001569,0.009390
387251.000000,-0.050000,-0.060000,0.090000,0.000093,-0.000124,-0.000375,0.005213,-0.005166,0.001544,0.007500
387263.000000,-0.060000,-0.070000,-0.020000,0.000057,-0.000075,-0.000229,0.005547,-0.005620,0.001458,0.008030
387280.000000,-0.050000,-0.030000,0.000000,0.000035,-0.000046,-0.000139,0.005846,-0.005822,0.001435,0.008375
387294.000000,-0.060000,-0.070000,0.000000,0.000021,-0.000028,-0.000085,0.005919,-0.006004,0.001426,0.008551
387312.000000,-0.060000,-0.090000,-0.040000,0.000013,-0.000017,-0.000052,0.005652,-0.005895,0.001199,0.008254
387330.000000,-0.040000,-0.040000,0.000000,0.000008,-0.000010,-0.000032,0.005460,-0.005516,0.001198,0.007853
387358.000000,-0.030000,-0.050000,0.020000,0.000005,-0.000006,-0.000019,0.004407,-0.004339,0.001063,0.006275
387370.000000,-0.050000,-0.070000,-0.010000,0.000003,-0.000004,-0.000012,0.004897,-0.004911,0.001143,0.007029
387383.000000,-0.090000,-0.050000,-0.040000,0.000002,-0.000002,-0.000007,0.005328,-0.005490,0.001133,0.007734
387400.000000,-0.070000,-0.020000,0.060000,0.000001,-0.000001,-0.000004,0.005227,-0.005285,0.001406,0.007565
387414.000000,-0.030000,-0.030000,-0.100000,0.000001,-0.000001,-0.000003,0.005344,-0.005217,0.001004,0.007535
387430.000000,-0.050000,-0.070000,0.030000,0.000000,-0.000001,-0.000002,0.005269,-0.005252,0.001172,0.007532
387442.000000,-0.050000,-0.090000,0.040000,0.000000,-0.000000,-0.000001,0.005299,-0.005436,0.001367,0.007714
387460.000000,-0.040000,-0.050000,-0.030000,0.000000,-0.000000,-0.000001,0.005063,-0.005109,0.001156,0.007285
387472.000000,-0.040000,-0.060000,0.000000,0.000000,-0.000000,-0.000000,0.005081,-0.005097,0.001157,0.007290
387484.000000,-0.030000,-0.030000,-0.030000,0.000000,-0.000000,-0.000000,0.005303,-0.005161,0.001103,0.007481
387500.000000,-0.090000,-0.060000,0.020000,0.000000,-0.000000,-0.000000,0.004927,-0.005020,0.001188,0.007133
387514.000000,-0.080000,-0.030000,0.010000,0.000000,-0.000000,-0.000000,0.004701,-0.004808,0.001206,0.006831
387526.000000,-0.070000,-0.040000,0.000000,0.000000,-0.000000,-0.000000,0.004713,-0.004810,0.001197,0.006840
387539.000000,-0.040000,-0.020000,0.030000,0.000000,-0.000000,-0.000000,0.004855,-0.004757,0.001299,0.006920
387553.000000,-0.040000,-0.010000,0.000000,0.000000,-0.000000,-0.000000,0.004823,-0.004552,0.001225,0.006744
387569.000000,-0.080000,-0.010000,-0.020000,0.000000,-0.000000,-0.000000,0.004449,-0.004247,0.001039,0.006237
387583.000000,-0.070000,0.000000,0.000000,0.000000,-0.000000,-0.000000,0.004310,-0.004093,0.001020,0.006030
387600.000000,-0.060000,-0.060000,-0.010000,0.000000,-0.000000,-0.000000,0.004129,-0.004094,0.000949,0.005892
387612.000000,-0.040000,-0.050000,-0.010000,0.000000,-0.000000,-0.000000,0.004226,-0.004188,0.000938,0.006023
387629.000000,-0.030000,-0.010000,0.000000,0.000000,-0.000000,-0.000000,0.004214,-0.003964,0.000943,0.005862
387641.000000,-0.050000,-0.030000,-0.010000,0.000000,-0.000000,-0.000000,0.004190,-0.003958,0.000926,0.005838
387656.000000,-0.040000,-0.030000,-0.010000,0.000000,-0.000000,-0.000000,0.004201,-0.003966,0.000911,0.005849
387670.000000,-0.030000,-0.070000,0.000000,0.000000,-0.000000,-0.000000,0.004174,-0.004050,0.000924,0.005889
387684.000000,-0.060000,-0.060000,0.000000,0.000000,-0.000000,-0.000000,0.004043,-0.004068,0.000934,0.005811
387700.000000,-0.060000,-0.020000,0.010000,0.000000,-0.000000,-0.000000,0.003820,-0.003783,0.000947,0.005458
387713.000000,-0.030000,-0.010000,-0.010000,0.000000,-0.000000,-0.000000,0.003869,-0.003635,0.000896,0.005384
387727.000000,-0.050000,-0.070000,0.000000,0.000000,-0.000000,-0.000000,0.003857,-0.003785,0.000897,0.005478
387739.000000,-0.060000,-0.050000,0.020000,0.000000,-0.000000,-0.000000,0.003802,-0.003823,0.000973,0.005479
387753.000000,-0.060000,-0.040000,0.000000,0.000000,-0.000000,-0.000000,0.003727,-0.003762,0.000946,0.005380
387765.000000,-0.040000,-0.020000,0.000000,0.000000,-0.000000,-0.000000,0.003733,-0.003623,0.000914,0.005282
387779.000000,-0.050000,-0.060000,-0.010000,0.000000,-0.000000,-0.000000,0.003679,-0.003646,0.000847,0.005248
387791.000000,-0.060000,-0.040000,0.000000,0.000000,-0.000000,-0.000000,0.003585,-0.003585,0.000839,0.005139
387808.000000,-0.040000,-0.040000,-0.020000,0.000000,-0.000000,-0.000000,0.003408,-0.003347,0.000719,0.004831
387822.000000,-0.020000,-0.020000,-0.020000,0.000000,-0.000000,-0.000000,0.003424,-0.003178,0.000658,0.004718
387839.000000,-0.050000,-0.060000,0.000000,0.000000,-0.000000,-0.000000,0.003233,-0.003137,0.000683,0.004557
387853.000000,-0.020000,-0.040000,0.000000,0.000000,-0.000000,-0.000000,0.003284,-0.003113,0.000716,0.004582
387867.000000,-0.050000,-0.040000,0.000000,0.000000,-0.000000,-0.000000,0.003247,-0.003121,0.000741,0.004564
387880.000000,-0.040000,-0.040000,-0.020000,0.000000,-0.000000,-0.000000,0.003248,-0.003123,0.000680,0.004557
387894.000000,-0.030000,-0.060000,-0.020000,0.000000,-0.000000,-0.000000,0.003254,-0.003165,0.000626,0.004582
387910.000000,-0.050000,-0.040000,0.000000,0.000000,-0.000000,-0.000000,0.003053,-0.002991,0.000647,0.004323
387923.000000,-0.050000,-0.040000,0.030000,0.000000,-0.000000,-0.000000,0.002986,-0.002936,0.000785,0.004260
387940.000000,-0.060000,-0.040000,0.000000,0.000000,-0.000000,-0.000000,0.002798,-0.002793,0.000738,0.004022
387952.000000,-0.040000,-0.040000,0.000000,0.000000,-0.000000,-0.000000,0.002834,-0.002785,0.000713,0.004036
387966.000000,-0.040000,-0.050000,-0.020000,0.000000,-0.000000,-0.000000,0.002907,-0.002855,0.000630,0.004123
387980.000000,-0.040000,-0.050000,0.020000,0.000000,-0.000000,-0.000000,0.002878,-0.002832,0.000709,0.004100
387994.000000,-0.050000,-0.040000,-0.010000,0.000000,-0.000000,-0.000000,0.002797,-0.002756,0.000657,0.003981
388010.000000,-0.050000,-0.050000,0.000000,0.000000,-0.000000,-0.000000,0.002654,-0.002654,0.000628,0.003806
388024.000000,-0.040000,-0.040000,-0.010000,0.000000,-0.000000,-0.000000,0.002636,-0.002588,0.000585,0.003740
388040.000000,-0.050000,-0.050000,-0.010000,0.000000,-0.000000,-0.000000,0.002543,-0.002534,0.000546,0.003632
388054.000000,-0.070000,-0.050000,-0.010000,0.000000,-0.000000,-0.000000,0.002432,-0.002525,0.000530,0.003545
388070.000000,-0.040000,-0.040000,-0.010000,0.000000,-0.000000,-0.000000,0.002424,-0.002430,0.000512,0.003470
388083.000000,-0.050000,-0.040000,-0.010000,0.000000,-0.000000,-0.000000,0.002428,-0.002408,0.000509,0.003458
388100.000000,-0.050000,-0.060000,-0.010000,0.000000,-0.000000,-0.000000,0.002333,-0.002380,0.000488,0.003368
388114.000000,-0.060000,-0.060000,0.010000,0.000000,-0.000000,-0.000000,0.002271,-0.002396,0.000556,0.003348
388130.000000,-0.050000,-0.020000,0.000000,0.000000,-0.000000,-0.000000,0.002236,-0.002218,0.000557,0.003198
388144.000000,-0.030000,-0.050000,-0.020000,0.000000,-0.000000,-0.000000,0.002307,-0.002229,0.000481,0.003243
388160.000000,-0.080000,-0.040000,0.030000,0.000000,-0.000000,-0.000000,0.002119,-0.002167,0.000606,0.003091
388174.000000,-0.060000,-0.030000,0.030000,0.000000,-0.000000,-0.000000,0.002083,-0.002106,0.000695,0.003042
388190.000000,-0.050000,-0.070000,-0.020000,0.000000,-0.000000,-0.000000,0.002069,-0.002174,0.000539,0.003049
388204.000000,-0.030000,-0.060000,0.000000,0.000000,-0.000000,-0.000000,0.002151,-0.002200,0.000511,0.003119
388468.000000,-0.050000,-0.040000,0.000000,0.000000,-0.000000,-0.000000,0.002170,-0.002176,0.000516,0.003115
388573.000000,-0.050000,-0.080000,-0.020000,0.000000,-0.000000,-0.000000,0.002172,-0.002300,0.000448,0.003195
388748.000000,-0.040000,-0.040000,-0.010000,0.000000,-0.000000,-0.000000,0.002186,-0.002222,0.000432,0.003147
388760.000000,-0.050000,-0.090000,0.000000,0.000000,-0.000000,-0.000000,0.002163,-0.002335,0.000466,0.003217
388800.000000,-0.030000,-0.040000,-0.020000,0.000000,-0.000000,-0.000000,0.001226,-0.001207,0.000218,0.001734
388812.000000,-0.050000,-0.060000,-0.020000,0.000000,-0.000000,-0.000000,0.001509,-0.001536,0.000252,0.002168
388878.000000,-0.050000,-0.070000,0.000000,0.000000,-0.000000,-0.000000,0.001752,-0.001866,0.000359,0.002585
388943.000000,-0.050000,-0.050000,0.030000,0.000000,-0.000000,-0.000000,0.001833,-0.001923,0.000525,0.002708
389306.000000,-0.080000,-0.080000,0.020000,0.000000,-0.000000,-0.000000,0.001694,-0.001984,0.000581,0.002673
389320.000000,-0.050000,-0.100000,0.000000,0.000000,-0.000000,-0.000000,0.001713,-0.002091,0.000523,0.002753
389336.000000,-0.080000,-0.030000,0.000000,0.000000,-0.000000,-0.000000,0.001591,-0.001849,0.000465,0.002483
389350.000000,-0.060000,-0.020000,0.000000,0.000000,-0.000000,-0.000000,0.001597,-0.001665,0.000440,0.002349
389364.000000,-0.030000,-0.020000,0.000000,0.000000,-0.000000,-0.000000,0.001729,-0.001568,0.000429,0.002374
389380.000000,-0.050000,-0.070000,-0.010000,0.000000,-0.000000,-0.000000,0.001684,-0.001657,0.000372,0.002392
389396.000000,-0.080000,-0.030000,0.010000,0.000000,-0.000000,-0.000000,0.001504,-0.001550,0.000407,0.002197
389412.000000,-0.020000,-0.040000,0.020000,0.000000,-0.000000,-0.000000,0.001612,-0.001502,0.000470,0.002253
389429.000000,-0.040000,-0.050000,-0.020000,0.000000,-0.000000,-0.000000,0.001588,-0.001488,0.000346,0.002203
389443.000000,-0.040000,-0.100000,-0.020000,0.000000,-0.000000,-0.000000,0.001603,-0.001702,0.000275,0.002354
389460.000000,-0.070000,-0.030000,0.020000,0.000000,-0.000000,-0.000000,0.001445,-0.001529,0.000380,0.002138
389476.000000,-0.060000,0.000000,-0.010000,0.000000,-0.000000,-0.000000,0.001379,-0.001282,0.000337,0.001912
389490.000000,-0.050000,-0.050000,-0.010000,0.000000,-0.000000,-0.000000,0.001415,-0.001352,0.000307,0.001981
389506.000000,-0.040000,-0.070000,0.020000,0.000000,-0.000000,-0.000000,0.001450,-0.001469,0.000396,0.002102
389520.000000,-0.060000,-0.080000,0.030000,0.000000,-0.000000,-0.000000,0.001403,-0.001577,0.000493,0.002168
389537.000000,-0.040000,-0.040000,-0.030000,0.000000,-0.000000,-0.000000,0.001390,-0.001430,0.000305,0.002017
389551.000000,-0.060000,-0.040000,-0.030000,0.000000,-0.000000,-0.000000,0.001339,-0.001358,0.000190,0.001916
389565.000000,-0.040000,-0.040000,0.000000,0.000000,-0.000000,-0.000000,0.001388,-0.001330,0.000241,0.001938
389580.000000,-0.080000,-0.050000,0.000000,0.000000,-0.000000,-0.000000,0.001247,-0.001328,0.000285,0.001844
389597.000000,-0.070000,-0.030000,0.000000,0.000000,-0.000000,-0.000000,0.001136,-0.001200,0.000296,0.001679
389611.000000,-0.070000,-0.030000,0.000000,0.000000,-0.000000,-0.000000,0.001114,-0.001156,0.000305,0.001634
389628.000000,-0.060000,-0.070000,-0.020000,0.000000,-0.000000,-0.000000,0.001109,-0.001250,0.000224,0.001686
389642.000000,-0.080000,-0.070000,0.010000,0.000000,-0.000000,-0.000000,0.001054,-0.001330,0.000288,0.001721
389659.000000,-0.050000,-0.090000,0.000000,0.000000,-0.000000,-0.000000,0.001095,-0.001409,0.000294,0.001809
389813.000000,-0.060000,-0.070000,0.000000,0.000000,-0.000000,-0.000000,0.001118,-0.001412,0.000297,0.001825
390008.000000,-0.030000,-0.100000,0.010000,0.000000,-0.000000,-0.000000,0.001253,-0.001532,0.000340,0.002008
390023.000000,-0.020000,-0.080000,0.010000,0.000000,-0.000000,-0.000000,0.001335,-0.001481,0.000356,0.002025
390062.000000,-0.010000,0.170000,-0.090000,0.000000,0.066366,-0.000000,0.000853,-0.000124,-0.000073,0.000865
390074.000000,0.630000,0.330000,-1.580000,0.245945,0.169286,-0.616813,0.008293,0.001961,-0.013155,0.015674
390088.000000,1.140000,-2.970000,-8.290000,0.594973,-1.056254,-3.612335,0.023867,-0.027253,-0.098644,0.105086
390100.000000,1.610000,-3.720000,-12.470000,0.991228,-2.096149,-7.070263,0.042936,-0.066731,-0.225090,0.238668
390112.000000,1.480000,-4.410000,-14.070000,1.182039,-2.999449,-9.802878,0.062629,-0.116336,-0.380928,0.403190
390125.000000,0.470000,-3.080000,-12.900000,0.904067,-3.030895,-11.011958,0.074975,-0.161264,-0.548657,0.576759
390138.000000,-0.470000,-2.040000,-10.140000,0.367648,-2.644061,-10.671556,0.076071,-0.194083,-0.690941,0.721703
390152.000000,-0.300000,-1.940000,-10.800000,0.107006,-2.369204,-10.721699,0.075282,-0.224536,-0.842418,0.875073
390166.000000,-0.150000,0.970000,-9.930000,0.006674,-1.065618,-10.412629,0.075373,-0.225003,-0.984843,1.013027
390180.000000,-0.920000,1.090000,-9.670000,-0.355089,-0.224090,-10.122716,0.068182,-0.215299,-1.122005,1.144507
390197.000000,-2.500000,3.490000,-8.720000,-1.192437,1.225847,-9.575112,0.037994,-0.171250,-1.275336,1.287343
390211.000000,-3.810000,4.550000,-6.780000,-2.214303,2.523557,-8.483933,-0.005004,-0.116614,-1.379329,1.384259
390225.000000,-5.450000,5.940000,-1.340000,-3.477481,3.857296,-5.695026,-0.069516,-0.042849,-1.423328,1.425668
390238.000000,-6.690000,6.570000,4.010000,-4.731610,4.916304,-1.906298,-0.146698,0.036709,-1.398785,1.406935
390250.000000,-6.790000,6.040000,4.960000,-5.535181,5.354982,0.774224,-0.223567,0.108759,-1.350040,1.372741
390264.000000,-6.040000,5.550000,5.190000,-5.732257,5.431114,2.498091,-0.307865,0.187529,-1.281785,1.331511
390278.000000,-5.620000,7.360000,7.190000,-5.688433,6.184129,4.329757,-0.386434,0.282450,-1.190515,1.283135
390292.000000,-5.700000,7.530000,7.860000,-5.692948,6.709541,5.707922,-0.464067,0.383883,-1.085774,1.241624
390309.000000,-5.630000,6.860000,8.660000,-5.668374,6.768279,6.860378,-0.557162,0.501451,-0.944161,1.205539
390323.000000,-5.650000,6.680000,8.450000,-5.661201,6.733816,7.480948,-0.633734,0.595124,-0.826033,1.199217
390339.000000,-5.590000,6.520000,8.680000,-5.633405,6.650344,7.949044,-0.720542,0.699307,-0.687936,1.217155
390353.000000,-5.540000,6.740000,9.460000,-5.596941,6.685345,8.538903,-0.795823,0.791870,-0.558646,1.253985
390367.000000,-5.090000,6.400000,8.240000,-5.399037,6.573950,8.422215,-0.866493,0.881521,-0.438775,1.311645
390381.000000,-4.840000,5.900000,7.590000,-5.180796,6.310848,8.097328,-0.933328,0.965399,-0.328100,1.382297
390398.000000,-4.860000,5.540000,7.720000,-5.055561,6.009918,7.950024,-1.013327,1.060864,-0.195511,1.480030
390412.000000,-6.080000,3.810000,5.750000,-5.455490,5.151096,7.091160,-1.090878,1.120950,-0.106072,1.567735
390426.000000,-5.470000,0.880000,1.320000,-5.461154,3.483710,4.838167,-1.165952,1.146762,-0.065972,1.636722
390440.000000,-5.480000,0.600000,0.540000,-5.468511,2.357944,3.160214,-1.240381,1.159549,-0.048318,1.698656
390457.000000,-3.830000,-1.250000,-3.780000,-4.828856,0.949445,0.450836,-1.310889,1.148315,-0.086466,1.744859
390471.000000,-3.000000,-1.160000,-3.940000,-4.114892,0.125943,-1.263295,-1.355911,1.133334,-0.134171,1.772270
390488.000000,-1.920000,1.820000,-0.440000,-3.258032,0.787283,-0.941890,-1.392977,1.148517,-0.156382,1.812163
390502.000000,-1.540000,2.880000,0.440000,-2.587333,1.604255,-0.402416,-1.415430,1.179655,-0.157226,1.849256
390516.000000,-2.220000,1.340000,-1.170000,-2.443930,1.501093,-0.702072,-1.442124,1.201291,-0.168613,1.884477
390530.000000,0.390000,-1.860000,-7.960000,-1.337597,0.188962,-3.535481,-1.444513,1.188717,-0.249705,1.887331
390548.000000,2.290000,-0.080000,-7.360000,0.078574,0.115193,-5.028528,-1.414269,1.181782,-0.373293,1.880456
390562.000000,1.910000,0.580000,-5.210000,0.793541,0.296648,-5.099373,-1.386697,1.185010,-0.452856,1.879430
390576.000000,-1.290000,1.300000,0.530000,-0.019849,0.688345,-2.901732,-1.389270,1.197881,-0.471199,1.893943
390590.000000,-1.950000,1.970000,1.850000,-0.773357,1.188688,-1.046712,-1.407355,1.220211,-0.458240,1.918215
390607.000000,-2.560000,1.960000,0.950000,-1.470841,1.489799,-0.267219,-1.442224,1.250653,-0.441811,1.959424
390621.000000,-1.840000,0.320000,-1.610000,-1.614957,1.033123,-0.791425,-1.467074,1.260472,-0.453198,1.986576
390638.000000,1.510000,-2.030000,-7.860000,-0.395010,-0.162684,-3.550913,-1.455975,1.238875,-0.550477,1.989397
390650.000000,6.050000,-6.770000,-8.240000,2.121046,-2.742102,-5.381477,-1.401264,1.176716,-0.640009,1.938508
390665.000000,11.060000,-5.320000,-0.530000,5.610708,-3.748483,-3.487518,-1.262691,1.096649,-0.678793,1.804935
390677.000000,-0.510000,2.840000,0.630000,3.221256,-1.176417,-1.880087,-1.232178,1.100571,-0.682524,1.787556
390691.000000,-2.940000,-0.720000,0.620000,0.815974,-0.998237,-0.904083,-1.248512,1.094051,-0.677422,1.792939
390707.000000,-0.480000,-0.510000,-0.530000,0.310041,-0.807635,-0.758045,-1.257435,1.085146,-0.681230,1.795204
390719.000000,0.230000,0.240000,0.460000,0.278794,-0.398651,-0.282535,-1.255970,1.084441,-0.677938,1.792504
390732.000000,-0.050000,-0.030000,0.210000,0.169956,-0.243022,-0.172237,-1.254280,1.083161,-0.674649,1.789303
390747.000000,0.110000,-0.340000,-0.260000,0.103607,-0.280881,-0.104997,-1.250614,1.078250,-0.675885,1.784231
390762.000000,-0.190000,0.090000,0.270000,-0.011014,-0.171228,-0.064008,-1.249583,1.076825,-0.006184,1.649560
390774.000000,-0.200000,0.020000,0.220000,-0.084792,-0.104383,-0.039020,-1.249476,1.075933,0.001156,1.648885
390789.000000,-0.040000,-0.140000,-0.300000,-0.051690,-0.063633,-0.140903,-1.247929,1.073232,0.002701,1.645953
390803.000000,-0.070000,-0.050000,0.290000,-0.031511,-0.038791,-0.085896,-1.246385,1.071148,0.004855,1.643428
390815.000000,-0.040000,-0.120000,0.040000,-0.019209,-0.023648,-0.052363,-1.244783,0.008747,0.005265,1.244825
390829.000000,-0.080000,-0.150000,-0.160000,-0.011710,-0.072974,-0.031921,-1.243210,-0.002064,0.004523,1.243219
390843.000000,-0.080000,-0.120000,0.250000,-0.007139,-0.044486,-0.019460,-0.009572,-0.006262,0.005393,0.012646
390858.000000,-0.020000,-0.150000,-0.210000,-0.004352,-0.085677,-0.011863,0.002279,-0.007925,0.004247,0.009276
390871.000000,0.050000,-0.160000,-0.050000,-0.002653,-0.114692,-0.007232,0.006851,-0.021638,0.004046,0.023054
390883.000000,0.010000,-0.210000,0.110000,-0.001617,-0.151899,-0.004409,0.008763,-0.034760,0.004640,0.036147
390898.000000,-0.100000,-0.140000,-0.110000,-0.000986,-0.092600,-0.002687,0.008969,-0.050602,0.004139,0.051557
390910.000000,-0.190000,0.040000,0.110000,-0.074775,-0.056450,-0.001638,0.020378,-0.061629,0.004539,0.065069
390922.000000,-0.170000,0.010000,-0.020000,-0.111950,-0.034412,-0.000999,0.031642,-0.072413,0.004489,0.079152
390939.000000,-0.080000,-0.040000,-0.090000,-0.068246,-0.020978,-0.000609,0.048609,-0.088184,0.003792,0.100765
390953.000000,-0.080000,-0.130000,0.090000,-0.041603,-0.012789,-0.000371,0.062831,-0.102175,0.004103,0.120018
390969.000000,-0.050000,-0.140000,-0.080000,-0.025362,-0.007796,-0.000226,0.079506,-0.011001,0.003678,0.080348
390983.000000,-0.010000,-0.120000,-0.020000,-0.015461,-0.004753,-0.000138,0.094600,-0.008039,0.003624,0.095010
390999.000000,-0.040000,-0.080000,-0.010000,-0.009425,-0.002897,-0.000084,0.011019,-0.007250,0.003587,0.013669
391013.000000,-0.060000,-0.110000,-0.070000,-0.005746,-0.001766,-0.000051,0.008251,-0.007122,0.003374,0.011410
391029.000000,-0.070000,-0.130000,0.040000,-0.003503,-0.001077,-0.000031,0.007625,-0.007019,0.003572,0.010962
391044.000000,-0.070000,-0.110000,-0.010000,-0.002135,-0.000656,-0.000019,0.007389,-0.006867,0.003519,0.010684
391059.000000,-0.060000,-0.050000,0.000000,-0.001302,-0.000400,-0.000012,0.007304,-0.006536,0.003493,0.010405
391073.000000,-0.060000,-0.070000,-0.030000,-0.000794,-0.000244,-0.000007,0.007287,-0.006427,0.003379,0.010287
391089.000000,-0.050000,-0.130000,0.000000,-0.000484,-0.000149,-0.000004,0.007118,-0.006433,0.003321,0.010153
391103.000000,-0.060000,-0.130000,0.040000,-0.000295,-0.000091,-0.000003,0.007031,-0.006496,0.003470,0.010182
391119.000000,-0.020000,-0.100000,-0.030000,-0.000180,-0.000055,-0.000002,0.006986,-0.006283,0.003237,0.009937
391133.000000,-0.010000,-0.090000,-0.020000,-0.000110,-0.000034,-0.000001,0.007047,-0.006149,0.003136,0.009865
391149.000000,-0.090000,-0.180000,0.010000,-0.000067,-0.070290,-0.000001,0.006636,-0.018550,0.003134,0.019949
391161.000000,-0.100000,-0.120000,0.010000,-0.000041,-0.042850,-0.000000,0.006471,-0.027561,0.003198,0.028491
391175.000000,-0.120000,-0.110000,0.030000,-0.000025,-0.026122,-0.000000,0.006331,-0.037874,0.003334,0.038544
391189.000000,-0.070000,-0.030000,-0.010000,-0.000015,-0.015924,-0.000000,0.006290,-0.047343,0.003188,0.047866
391203.000000,-0.060000,-0.070000,-0.010000,-0.000009,-0.009708,-0.000000,0.006280,-0.056951,0.003056,0.057378
391219.000000,-0.060000,-0.140000,-0.010000,-0.000006,-0.005918,-0.000000,0.006074,-0.007955,0.002884,0.010416
391231.000000,-0.050000,-0.100000,0.000000,-0.000003,-0.003608,-0.000000,0.006112,-0.005997,0.002890,0.009037
391249.000000,-0.060000,-0.060000,0.000000,-0.000002,-0.002199,-0.000000,0.005774,-0.005164,0.002748,0.008219
391261.000000,-0.030000,-0.050000,-0.040000,-0.000001,-0.001341,-0.000000,0.005863,-0.004976,0.002615,0.008122
391278.000000,-0.050000,-0.090000,0.000000,-0.000001,-0.000817,-0.000000,0.005724,-0.004908,0.002602,0.007976
391292.000000,-0.080000,-0.100000,0.000000,-0.000000,-0.000498,-0.000000,0.005545,-0.004948,0.002623,0.007881
391309.000000,-0.040000,-0.090000,0.000000,-0.000000,-0.000304,-0.000000,0.005410,-0.004789,0.002556,0.007664
391323.000000,-0.050000,-0.060000,0.000000,-0.000000,-0.000185,-0.000000,0.005407,-0.004664,0.002558,0.007585
391339.000000,-0.030000,-0.080000,0.010000,-0.000000,-0.000113,-0.000000,0.005396,-0.004582,0.002557,0.007527
391353.000000,-0.060000,-0.110000,0.010000,-0.000000,-0.000069,-0.000000,0.005307,-0.004680,0.002570,0.007528
391367.000000,-0.030000,-0.110000,0.000000,-0.000000,-0.000042,-0.000000,0.005372,-0.004766,0.002548,0.007620
391381.000000,-0.040000,-0.060000,0.000000,-0.000000,-0.000026,-0.000000,0.005338,-0.004583,0.002508,0.007469
391398.000000,-0.040000,-0.070000,-0.010000,-0.000000,-0.000016,-0.000000,0.005048,-0.004262,0.002323,0.007003
391410.000000,-0.040000,-0.110000,0.000000,-0.000000,-0.000010,-0.000000,0.005042,-0.004369,0.002329,0.007067
391427.000000,-0.040000,-0.120000,-0.020000,-0.000000,-0.000006,-0.000000,0.004893,-0.004376,0.002195,0.006922
391441.000000,-0.040000,-0.080000,-0.010000,-0.000000,-0.000004,-0.000000,0.004832,-0.004242,0.002164,0.006785
391460.000000,-0.070000,-0.060000,0.000000,-0.000000,-0.000002,-0.000000,0.004373,-0.003794,0.002051,0.006142
391476.000000,-0.050000,-0.080000,-0.010000,-0.000000,-0.000001,-0.000000,0.004319,-0.003738,0.002011,0.006056
391488.000000,-0.060000,-0.100000,0.020000,-0.000000,-0.000001,-0.000000,0.004427,-0.003931,0.002165,0.006304
391502.000000,-0.040000,-0.110000,-0.010000,-0.000000,-0.000000,-0.000000,0.004591,-0.004123,0.002176,0.006543
391516.000000,-0.030000,-0.050000,0.000000,-0.000000,-0.000000,-0.000000,0.004610,-0.003901,0.002146,0.006409
391530.000000,-0.060000,-0.060000,0.000000,-0.000000,-0.000000,-0.000000,0.004467,-0.003746,0.002113,0.006200
391547.000000,-0.050000,-0.090000,-0.010000,-0.000000,-0.000000,-0.000000,0.004189,-0.003599,0.001953,0.005858
391563.000000,-0.060000,-0.100000,-0.010000,-0.000000,-0.000000,-0.000000,0.004000,-0.003564,0.001861,0.005671
391579.000000,-0.060000,-0.070000,-0.010000,-0.000000,-0.000000,-0.000000,0.003897,-0.003434,0.001814,0.005502
391593.000000,-0.040000,-0.050000,-0.030000,-0.000000,-0.000000,-0.000000,0.003979,-0.003332,0.001745,0.005475
391609.000000,-0.060000,-0.080000,0.030000,-0.000000,-0.000000,-0.000000,0.003874,-0.003306,0.001887,0.005431
391623.000000,-0.040000,-0.100000,-0.010000,-0.000000,-0.000000,-0.000000,0.003897,-0.003395,0.001846,0.005488
391639.000000,-0.040000,-0.060000,-0.010000,-0.000000,-0.000000,-0.000000,0.003838,-0.003232,0.001763,0.005318
391653.000000,-0.030000,-0.040000,-0.010000,-0.000000,-0.000000,-0.000000,0.003860,-0.003070,0.001727,0.005226
391667.000000,-0.050000,-0.080000,0.010000,-0.000000,-0.000000,-0.000000,0.003817,-0.003133,0.001790,0.005252
391681.000000,0.000000,-0.080000,-0.010000,-0.000000,-0.000000,-0.000000,0.003934,-0.003163,0.001746,0.005341
391698.000000,0.000000,0.010000,0.000000,-0.000000,-0.000000,-0.000000,0.003830,-0.002681,0.001661,0.004961
391712.000000,-0.020000,-0.030000,0.010000,-0.000000,-0.000000,-0.000000,0.003762,-0.002599,0.001687,0.004874
391726.000000,-0.040000,-0.050000,-0.010000,-0.000000,-0.000000,-0.000000,0.003677,-0.002679,0.001650,0.004840
391740.000000,-0.050000,-0.050000,0.000000,-0.000000,-0.000000,-0.000000,0.003550,-0.002716,0.001642,0.004762
391757.000000,-0.040000,-0.080000,0.000000,-0.000000,-0.000000,-0.000000,0.003338,-0.002714,0.001561,0.004577
391771.000000,-0.040000,-0.070000,0.010000,-0.000000,-0.000000,-0.000000,0.003298,-0.002728,0.001583,0.004563
391788.000000,-0.090000,-0.080000,0.000000,-0.000000,-0.000000,-0.000000,0.002990,-0.002686,0.001516,0.004296
391802.000000,-0.040000,-0.060000,0.000000,-0.000000,-0.000000,-0.000000,0.003048,-0.002632,0.001500,0.004297
391815.000000,-0.030000,-0.070000,-0.010000,-0.000000,-0.000000,-0.000000,0.003195,-0.002675,0.001481,0.004422
391827.000000,-0.040000,-0.090000,-0.020000,-0.000000,-0.000000,-0.000000,0.003263,-0.002788,0.001438,0.004527
391839.000000,-0.030000,-0.050000,-0.010000,-0.000000,-0.000000,-0.000000,0.003331,-0.002721,0.001444,0.004537
391853.000000,-0.050000,-0.070000,0.000000,-0.000000,-0.000000,-0.000000,0.003208,-0.002657,0.001453,0.004412
391867.000000,-0.050000,-0.080000,0.000000,-0.000000,-0.000000,-0.000000,0.003055,-0.002608,0.001431,0.004264
391881.000000,-0.030000,-0.060000,-0.020000,-0.000000,-0.000000,-0.000000,0.003026,-0.002497,0.001333,0.004143
391898.000000,-0.040000,-0.040000,0.020000,-0.000000,-0.000000,-0.000000,0.002841,-0.002230,0.001358,0.003858
391912.000000,-0.040000,-0.070000,-0.010000,-0.000000,-0.000000,-0.000000,0.002796,-0.002243,0.001301,0.003813
391926.000000,-0.050000,-0.060000,-0.010000,-0.000000,-0.000000,-0.000000,0.002765,-0.002255,0.001269,0.003787
391940.000000,-0.040000,-0.080000,-0.010000,-0.000000,-0.000000,-0.000000,0.002757,-0.002313,0.001241,0.003806
391957.000000,-0.030000,-0.060000,0.030000,-0.000000,-0.000000,-0.000000,0.002659,-0.002163,0.001317,0.003672
391973.000000,-0.050000,-0.070000,0.040000,-0.000000,-0.000000,-0.000000,0.002525,-0.002103,0.001401,0.003572
391989.000000,-0.050000,-0.080000,0.000000,-0.000000,-0.000000,-0.000000,0.002444,-0.002111,0.001294,0.003479
392004.000000,-0.030000,-0.040000,0.000000,-0.000000,-0.000000,-0.000000,0.002489,-0.001982,0.001224,0.003409
392019.000000,-0.020000,-0.060000,0.000000,-0.000000,-0.000000,-0.000000,0.002553,-0.001962,0.001182,0.003430
392034.000000,-0.030000,-0.050000,-0.010000,-0.000000,-0.000000,-0.000000,0.002530,-0.001907,0.001115,0.003359
392049.000000,0.040000,-0.130000,-0.010000,-0.000000,-0.000000,-0.000000,0.002750,-0.002158,0.001066,0.003655
392063.000000,-0.010000,-0.090000,0.000000,-0.000000,-0.000000,-0.000000,0.002718,-0.002184,0.001083,0.003651
392077.000000,-0.090000,-0.040000,0.000000,-0.000000,-0.000000,-0.000000,0.002369,-0.001984,0.001096,0.003278
392091.000000,-0.030000,-0.050000,0.000000,-0.000000,-0.000000,-0.000000,0.002338,-0.001865,0.001093,0.003184
392108.000000,-0.090000,-0.030000,-0.030000,-0.000000,-0.000000,-0.000000,0.002015,-0.001640,0.000923,0.002757
392122.000000,-0.220000,0.050000,-0.020000,-0.085885,-0.000000,-0.000000,0.003779,-0.001265,0.000880,0.004081
392138.000000,-0.770000,-0.240000,0.000000,-0.352956,-0.093693,-0.000000,-0.000853,-0.006209,0.000926,0.006335
392152.000000,1.540000,-2.070000,-9.890000,0.386032,-0.865220,-3.860939,0.015987,-0.029245,-0.094339,0.100053
392165.000000,5.280000,-7.820000,-24.700001,2.296579,-3.580284,-11.996263,0.071478,-0.108173,-0.344553,0.368140
392178.000000,4.070000,-0.310000,-20.240000,2.988902,-2.303604,-15.214521,0.127915,-0.136020,-0.602708,0.630968
392191.000000,3.950000,1.730000,-17.860001,3.364103,-0.728932,-16.247285,0.183543,-0.129980,-0.841586,0.871120
392208.000000,2.710000,1.450000,-17.920000,3.108749,0.121697,-16.900293,0.241215,-0.112119,-1.147118,1.177555
392323.000000,-8.910000,10.490000,12.030000,-1.583229,4.169360,-5.606248,0.181125,-0.021465,-1.109757,1.124646
392522.000000,-2.430000,-0.720000,-7.040000,-1.913798,2.260612,-6.165968,0.145226,-0.001562,-1.156675,1.165758
392637.000000,-2.660000,1.190000,2.470000,-2.205107,1.842657,-2.794588,0.112105,0.014387,-1.148353,1.153902
392649.000000,-2.810000,2.670000,2.300000,-2.441250,2.165642,-0.805721,0.081870,0.039987,-1.125719,1.129400
392673.000000,16.219999,-18.650000,7.350000,4.843882,-5.960539,2.378176,0.341306,-0.260462,-0.986639,1.076005
392689.000000,0.130000,3.540000,0.050000,2.952887,-2.251641,1.449764,0.398037,-0.282564,-0.956917,1.074228
392755.000000,0.160000,0.080000,-0.250000,1.862577,-1.372627,0.883793,0.418848,-0.289496,-0.949921,1.077771
392779.000000,-0.220000,0.100000,0.370000,1.049564,-0.836769,0.683215,0.430223,-0.293632,-0.938327,1.073205
392793.000000,-0.100000,0.000000,0.140000,0.639826,-0.510104,0.416496,0.434197,-0.295808,-0.933749,1.071409
392858.000000,-0.010000,-0.060000,0.200000,0.390046,-0.310966,0.253901,0.437676,-0.298117,-0.929882,1.070100
392897.000000,0.050000,-0.160000,0.010000,0.237776,-0.252030,0.154781,0.450690,-0.308781,-0.922557,1.072184
392909.000000,0.000000,-0.090000,-0.110000,0.144951,-0.153641,0.094356,0.454432,-0.008275,-0.921796,1.027757
392924.000000,-0.150000,0.110000,0.030000,0.029806,-0.093661,0.057521,0.010974,-0.001922,-0.024537,0.026948
393354.000000,0.050000,-0.190000,0.040000,0.018170,-0.131271,0.035065,0.003190,-0.000742,-0.003566,0.004842
393366.000000,0.040000,-0.100000,-0.020000,0.011077,-0.080024,0.021376,0.001092,-0.000299,0.002786,0.003008
393380.000000,0.260000,-0.270000,-0.050000,0.108253,-0.154189,0.013031,0.002702,-0.001872,0.005500,0.006408
393397.000000,0.080000,-0.210000,0.000000,0.065993,-0.175977,0.007944,0.003339,-0.003655,0.006350,0.008052
393412.000000,0.000000,-0.180000,0.010000,0.040230,-0.177547,0.004843,0.002711,-0.004880,0.006654,0.008685
393424.000000,-0.130000,-0.010000,-0.020000,0.024525,-0.108235,0.002952,0.000832,-0.004348,0.006816,0.008128
393473.000000,0.000000,0.070000,-0.030000,0.014950,-0.065981,0.001800,-0.004070,0.002420,0.003258,0.005748
393486.000000,-0.070000,0.050000,0.000000,0.009114,-0.040223,0.001097,-0.000286,0.004399,0.004808,0.006523
393710.000000,-0.030000,0.000000,0.000000,0.005556,-0.024520,0.000669,-0.000595,0.005857,0.005937,0.008361
393750.000000,0.000000,0.000000,0.000000,0.003387,-0.014948,0.000408,-0.000396,0.000339,0.003765,0.003801
393762.000000,-0.040000,0.020000,0.000000,0.002065,-0.009112,0.000249,-0.000607,0.000644,0.004861,0.004941
393777.000000,-0.070000,0.010000,0.000000,0.001259,-0.005555,0.000152,-0.000900,0.000834,0.005775,0.005904
393789.000000,-0.120000,0.060000,0.000000,0.000767,-0.003386,0.000092,-0.001218,0.001074,0.006109,0.006321
393806.000000,-0.090000,0.110000,0.000000,0.000468,-0.002064,0.000056,-0.001264,0.001384,0.005983,0.006270
393818.000000,-0.080000,0.000000,0.000000,0.000285,-0.001258,0.000034,-0.001237,0.001167,0.005976,0.006213
393832.000000,0.030000,0.020000,0.000000,0.000174,-0.000767,0.000021,-0.000810,0.001057,0.006040,0.006185
393848.000000,-0.100000,0.060000,0.030000,0.000106,-0.000468,0.000013,-0.000969,0.001106,0.005887,0.006068
393862.000000,-0.050000,0.020000,0.050000,0.000065,-0.000285,0.000008,-0.000940,0.001013,0.005920,0.006079
393876.000000,0.160000,-0.240000,0.000000,0.062501,-0.093867,0.000005,-0.000129,-0.000039,0.005788,0.005790
393889.000000,0.170000,-0.290000,-0.010000,0.104468,-0.170435,0.000003,0.000444,-0.002203,0.005654,0.006084
393906.000000,0.020000,-0.120000,0.010000,0.063685,-0.103899,0.000002,0.000172,-0.003477,0.005342,0.006376
393918.000000,-0.010000,-0.020000,0.000000,0.038823,-0.063338,0.000001,-0.000142,-0.003207,0.005283,0.006182
393930.000000,-0.020000,-0.010000,-0.040000,0.023667,-0.038612,0.000001,-0.000389,-0.002502,0.005257,0.005835
393947.000000,-0.020000,0.000000,0.000000,0.014428,-0.023538,0.000000,-0.000512,-0.001199,0.004999,0.005166
393961.000000,-0.020000,-0.030000,0.000000,0.008795,-0.014349,0.000000,-0.000555,-0.000345,0.004910,0.004953
393978.000000,0.050000,-0.120000,-0.010000,0.005362,-0.008747,0.000000,-0.000290,-0.000039,0.004682,0.004691
393992.000000,0.010000,-0.020000,-0.010000,0.003269,-0.005333,0.000000,-0.000281,0.000194,0.004638,0.004650
394008.000000,-0.040000,0.020000,0.000000,0.001993,-0.003251,0.000000,-0.000484,0.000525,0.004580,0.004635
394022.000000,-0.010000,0.010000,0.010000,0.001215,-0.001982,0.000000,-0.000502,0.000668,0.004608,0.004683
394038.000000,-0.030000,-0.010000,0.000000,0.000740,-0.001208,0.000000,-0.000558,0.000642,0.004492,0.004572
394052.000000,0.000000,-0.040000,0.010000,0.000451,-0.000736,0.000000,-0.000484,0.000505,0.004481,0.004535
394064.000000,-0.020000,-0.020000,0.010000,0.000275,-0.000449,0.000000,-0.000509,0.000497,0.004556,0.004611
394078.000000,-0.050000,0.000000,0.000000,0.000168,-0.000274,0.000000,-0.000644,0.000575,0.004524,0.004606
394092.000000,-0.020000,0.000000,0.010000,0.000102,-0.000167,0.000000,-0.000605,0.000617,0.004427,0.004511
394108.000000,-0.010000,-0.040000,-0.010000,0.000062,-0.000102,0.000000,-0.000506,0.000465,0.004152,0.004208
394124.000000,-0.020000,-0.020000,-0.010000,0.000038,-0.000062,0.000000,-0.000480,0.000434,0.003934,0.003987
394138.000000,0.000000,-0.020000,-0.010000,0.000023,-0.000038,0.000000,-0.000408,0.000438,0.003894,0.003940
394152.000000,-0.010000,-0.040000,-0.010000,0.000014,-0.000023,0.000000,-0.000399,0.000370,0.003891,0.003929
394167.000000,0.000000,-0.030000,0.020000,0.000009,-0.000014,0.000000,-0.000355,0.000352,0.003922,0.003954
394181.000000,0.000000,-0.040000,-0.010000,0.000005,-0.000009,0.000000,-0.000327,0.000311,0.003827,0.003854
394197.000000,-0.010000,0.000000,0.000000,0.000003,-0.000005,0.000000,-0.000342,0.000427,0.003692,0.003733
394211.000000,0.010000,-0.020000,0.010000,0.000002,-0.000003,0.000000,-0.000283,0.000433,0.003684,0.003721
394226.000000,-0.030000,0.050000,-0.010000,0.000001,-0.000002,0.000000,-0.000389,0.000684,0.003586,0.003671
394240.000000,-0.070000,0.060000,0.010000,0.000001,-0.000001,0.000000,-0.000609,0.000879,0.003585,0.003742
394257.000000,-0.010000,-0.010000,0.000000,0.000000,-0.000001,0.000000,-0.000497,0.000684,0.003405,0.003509
394271.000000,-0.010000,0.000000,0.020000,0.000000,-0.000000,0.000000,-0.000417,0.000598,0.003438,0.003515
394288.000000,0.020000,-0.050000,-0.020000,0.000000,-0.000000,0.000000,-0.000243,0.000347,0.003212,0.003239
394302.000000,0.000000,-0.020000,-0.010000,0.000000,-0.000000,0.000000,-0.000228,0.000324,0.003166,0.003190
394318.000000,-0.010000,0.030000,0.000000,0.000000,-0.000000,0.000000,-0.000267,0.000516,0.003135,0.003188
394333.000000,-0.020000,0.030000,-0.040000,0.000000,-0.000000,0.000000,-0.000329,0.000635,0.002956,0.003041
394348.000000,-0.010000,-0.020000,0.010000,0.000000,-0.000000,0.000000,-0.000327,0.000505,0.003021,0.003080
394362.000000,0.010000,-0.020000,0.010000,0.000000,-0.000000,0.000000,-0.000246,0.000410,0.003087,0.003124
394378.000000,0.130000,-0.190000,-0.020000,0.000000,-0.074174,0.000000,0.000272,-0.000299,0.002925,0.002953
394390.000000,0.190000,-0.130000,0.000000,0.074174,-0.045217,0.000000,0.001874,-0.000496,0.002948,0.003528
394407.000000,-0.380000,0.160000,-0.030000,-0.103130,0.034897,0.000000,-0.002290,0.000561,0.002748,0.003621
394421.000000,0.170000,0.070000,-0.020000,0.003497,0.021274,0.000000,-0.001918,0.000873,0.002683,0.003412
394436.000000,-0.160000,-0.080000,-0.090000,-0.060331,0.012969,0.000000,-0.003763,0.000423,0.002387,0.004477
394448.000000,0.250000,-0.650000,-0.080000,0.060819,-0.245846,0.000000,-0.002334,-0.004506,0.002269,0.005559
394462.000000,2.880000,-0.410000,-8.940000,1.161394,-0.309930,-3.490070,0.026125,-0.009714,-0.081099,0.085755
394474.000000,4.310000,-3.190000,-23.290001,2.390573,-1.434275,-11.219730,0.069419,-0.037391,-0.295432,0.305773
394487.000000,4.600000,-1.370000,-25.660000,3.253107,-1.409183,-16.857041,0.125103,-0.058356,-0.595628,0.611416
394501.000000,3.920000,-1.090000,-26.110001,3.513454,-1.284578,-20.469287,0.181244,-0.075275,-0.945296,0.965454
394515.000000,0.770000,-1.390000,-24.450001,2.442442,-1.325733,-22.023311,0.205366,-0.093438,-1.286610,1.306243
394529.000000,-3.540000,-0.790000,-17.830000,0.106967,-1.116589,-20.386292,0.177645,-0.106094,-1.560542,1.574199
394547.000000,-5.570000,2.900000,-11.500000,-2.109254,0.451440,-16.917188,0.096429,-0.073747,-1.806991,1.811064
394561.000000,-6.260000,5.960000,-5.450000,-3.729656,2.601917,-12.440533,0.015865,-0.007256,-1.914709,1.914789
394575.000000,-9.910000,5.310000,2.570000,-6.142390,3.659120,-6.580598,-0.105688,0.065265,-1.918642,1.922659
394589.000000,-11.170000,5.930000,5.580000,-8.105109,4.545645,-1.833244,-0.251885,0.145670,-1.861941,1.884540
394606.000000,-9.870000,7.550000,8.650000,-8.794102,5.718510,2.259291,-0.422918,0.265456,-1.734469,1.804913
394620.000000,-9.510000,8.590000,9.470000,-9.073580,6.839506,5.074267,-0.558637,0.379767,-1.606974,1.743176
394638.000000,-8.970000,9.480000,10.710000,-9.033144,7.870323,7.274390,-0.724349,0.543995,-1.418741,1.683282
394656.000000,-8.910000,10.490000,14.110000,-8.985070,8.893014,9.942932,-0.886671,0.726126,-1.180375,1.645214
394668.000000,-8.560000,10.960000,14.510000,-8.819128,9.699941,11.725861,-0.991267,0.855075,-1.008078,1.652266
394686.000000,-7.290000,11.610000,15.140000,-8.222174,10.445605,13.058701,-1.130530,1.060076,-0.735670,1.715538
394700.000000,-7.030000,11.770000,15.030000,-7.756764,10.962634,13.828273,-1.232185,1.223791,-0.521618,1.813292
394714.000000,-6.700000,11.080000,13.570000,-7.344215,11.008452,13.727446,-1.328607,1.382025,-0.321220,1.943803
394728.000000,-6.600000,10.200000,10.950000,-7.053682,10.692842,12.643164,-1.422479,1.529990,-0.150593,2.094516
394746.000000,-5.930000,6.640000,4.750000,-6.615010,9.110660,9.561766,-1.533746,1.671415,-0.020821,2.268577
394760.000000,-3.340000,5.060000,-0.800000,-5.336485,7.529330,5.516655,-1.592707,1.754538,0.004816,2.369629
394774.000000,-3.030000,3.890000,-1.410000,-4.436060,6.108579,2.812570,-1.640354,1.818132,0.001886,2.448748
394788.000000,-3.200000,3.080000,-0.840000,-3.953517,4.926257,1.386650,-1.686274,1.867929,-0.004028,2.516485
394805.000000,-3.790000,-0.050000,-3.480000,-3.889682,3.003105,-0.513233,-1.748426,1.886125,-0.043713,2.572230
394819.000000,-2.000000,-0.240000,-5.040000,-3.151972,1.737035,-2.280429,-1.783646,1.888803,-0.099713,2.599791
394839.000000,0.820000,2.890000,-3.630000,-1.601361,2.187139,-2.807286,-1.787640,1.931176,-0.169967,2.637042
394857.000000,0.280000,1.900000,-2.180000,-0.866900,2.075043,-2.562401,-1.785532,1.967245,-0.212293,2.665192
394884.000000,-3.110000,1.970000,0.010000,-1.742580,2.034036,-1.562070,-1.843875,2.021742,-0.224986,2.745530
394896.000000,-2.510000,-0.740000,-3.910000,-2.042172,0.951085,-2.478674,-1.872966,2.023251,-0.256783,2.769022
394908.000000,-1.470000,-1.670000,-5.880000,-1.818803,-0.072156,-3.806512,-1.894269,2.010134,-0.312974,2.779720
394922.000000,-1.420000,1.070000,-3.720000,-1.663115,0.373728,-3.772739,-1.915906,2.016565,-0.365900,2.805550
394937.000000,-2.290000,1.030000,-2.200000,-1.907843,0.629929,-3.158760,-1.947191,2.030020,-0.402587,2.841586
394951.000000,-2.530000,0.520000,-2.280000,-2.150726,0.587014,-2.815702,-1.981010,2.039419,-0.432007,2.875806
394965.000000,-1.260000,0.580000,-2.960000,-1.802997,0.584276,-2.872035,-2.003770,2.048458,-0.466644,2.903279
394979.000000,-1.260000,1.320000,-2.010000,-1.591017,0.871494,-2.535506,-2.023211,2.064641,-0.493536,2.932525
394996.000000,11.210000,2.400000,0.950000,3.406349,1.468205,-1.174806,-1.897217,2.099747,-0.488146,2.871699
395010.000000,-3.180000,5.150000,-1.960000,0.835116,2.905534,-1.481336,-1.897519,2.159425,-0.502826,2.918309
395024.000000,-5.850000,-4.270000,0.580000,-1.774674,0.104290,-0.676615,-1.955205,2.136018,-0.498349,2.938324
395038.000000,-5.540000,-3.560000,-0.130000,-3.244613,-1.326205,-0.412472,-2.027068,2.094643,-0.495084,2.956627
395056.000000,0.080000,0.420000,-0.200000,-1.977954,-0.644507,-0.251448,-2.054121,2.084664,-0.492234,2.967749
395070.000000,-0.210000,0.060000,0.330000,-1.287766,-0.392899,-0.024458,-2.062756,2.083459,-0.485139,2.971721
395087.000000,0.370000,-0.150000,-0.460000,-0.640594,-0.298074,-0.194488,-2.061822,2.081885,-0.004958,2.930082
395101.000000,0.430000,0.080000,-0.110000,-0.222647,-0.181710,-0.118562,-2.057643,2.082816,0.000934,2.927801
395115.000000,-0.070000,-0.150000,-0.250000,-0.135728,-0.169331,-0.072277,-2.057341,2.082160,0.002894,2.927123
395129.000000,0.010000,-0.110000,-0.430000,-0.082741,-0.103226,-0.211928,-2.057418,0.018836,0.007612,2.057518
395148.000000,-0.070000,0.000000,0.060000,-0.050440,-0.062928,-0.129194,-2.058740,-0.003047,0.019704,2.058837
395162.000000,-0.020000,-0.050000,-0.320000,-0.030749,-0.038361,-0.203682,-2.059495,-0.009305,0.026147,2.059682
395176.000000,-0.120000,0.000000,0.160000,-0.018745,-0.023386,-0.124167,-0.014854,-0.011761,0.036555,0.041173
395190.000000,-0.020000,-0.080000,-0.020000,-0.011427,-0.014256,-0.075694,0.001940,-0.012870,0.046387,0.048178
395207.000000,-0.040000,-0.100000,-0.070000,-0.006966,-0.008691,-0.046144,0.008545,-0.012796,0.005915,0.016485
395221.000000,0.020000,-0.150000,0.130000,-0.004247,-0.063856,-0.028130,0.010929,-0.013067,0.005496,0.017900
395248.000000,-0.110000,0.090000,0.000000,-0.002589,-0.038927,-0.017148,0.009047,-0.009567,0.004305,0.013853
395260.000000,-0.080000,0.030000,0.080000,-0.001578,-0.023731,-0.010454,0.009933,-0.010235,0.004889,0.015077
395272.000000,-0.020000,-0.010000,-0.150000,-0.000962,-0.014466,-0.006373,0.011286,-0.011445,0.004758,0.016764
395287.000000,-0.120000,0.040000,0.010000,-0.000586,-0.008819,-0.003885,0.011289,-0.011548,0.004942,0.016888
395301.000000,-0.080000,0.000000,0.030000,-0.000358,-0.005376,-0.002368,0.011103,-0.011440,0.005081,0.016732
395315.000000,-0.080000,0.060000,-0.090000,-0.000218,-0.003277,-0.001444,0.010978,-0.011136,0.004711,0.016332
395329.000000,0.000000,-0.050000,0.070000,-0.000133,-0.001998,-0.000880,0.011119,-0.011257,0.004999,0.016594
395346.000000,-0.020000,-0.100000,-0.100000,-0.000081,-0.001218,-0.000537,0.010616,-0.011022,0.004352,0.015910
395360.000000,-0.050000,-0.060000,-0.010000,-0.000049,-0.000742,-0.000327,0.010414,-0.010949,0.004361,0.015728
395374.000000,-0.060000,-0.020000,-0.080000,-0.000030,-0.000453,-0.000199,0.010353,-0.010845,0.004197,0.015570
395388.000000,-0.040000,-0.030000,-0.110000,-0.000018,-0.000276,-0.000122,0.010298,-0.010703,0.003929,0.015363
395403.000000,-0.030000,0.000000,0.010000,-0.000011,-0.000168,-0.000074,0.010102,-0.010295,0.004138,0.015005
395417.000000,-0.050000,-0.020000,-0.050000,-0.000007,-0.000103,-0.000045,0.009899,-0.010114,0.004077,0.014728
395431.000000,-0.040000,-0.020000,-0.070000,-0.000004,-0.000063,-0.000028,0.009800,-0.010016,0.003931,0.014554
395448.000000,-0.060000,0.000000,0.050000,-0.000003,-0.000038,-0.000017,0.009194,-0.009397,0.004101,0.013772
395462.000000,-0.020000,0.000000,-0.080000,-0.000002,-0.000023,-0.000010,0.009185,-0.009240,0.003825,0.013578
395477.000000,-0.040000,0.000000,0.010000,-0.000001,-0.000014,-0.000006,0.009119,-0.009147,0.003937,0.013503
395491.000000,-0.070000,0.000000,0.050000,-0.000001,-0.000009,-0.000004,0.008928,-0.009066,0.004172,0.013391
395507.000000,-0.070000,-0.030000,-0.010000,-0.000000,-0.000005,-0.000002,0.008558,-0.008887,0.003981,0.012964
395521.000000,-0.070000,0.000000,0.030000,-0.000000,-0.000003,-0.000001,0.008417,-0.008741,0.004014,0.012782
395537.000000,-0.050000,-0.020000,-0.010000,-0.000000,-0.000002,-0.000001,0.008246,-0.008541,0.003817,0.012471
395551.000000,-0.040000,0.000000,0.010000,-0.000000,-0.000001,-0.000001,0.008245,-0.008415,0.003789,0.012375
395563.000000,-0.050000,-0.020000,0.020000,-0.000000,-0.000001,-0.000000,0.008357,-0.008558,0.003887,0.012578
395575.000000,-0.050000,0.000000,-0.030000,-0.000000,-0.000000,-0.000000,0.008490,-0.008656,0.003804,0.012707
395589.000000,-0.030000,0.000000,0.000000,-0.000000,-0.000000,-0.000000,0.008413,-0.008469,0.003735,0.012508
395606.000000,-0.060000,-0.020000,-0.020000,-0.000000,-0.000000,-0.000000,0.007710,-0.007883,0.003392,0.011537
395620.000000,-0.050000,-0.040000,-0.020000,-0.000000,-0.000000,-0.000000,0.007533,-0.007826,0.003283,0.011348
395637.000000,-0.070000,0.000000,0.020000,-0.000000,-0.000000,-0.000000,0.007154,-0.007434,0.003285,0.010827
395650.000000,-0.030000,-0.020000,0.000000,-0.000000,-0.000000,-0.000000,0.007266,-0.007461,0.003303,0.010925
395664.000000,-0.040000,-0.040000,0.010000,-0.000000,-0.000000,-0.000000,0.007382,-0.007629,0.003370,0.011138
395678.000000,-0.050000,-0.020000,0.000000,-0.000000,-0.000000,-0.000000,0.007281,-0.007534,0.003317,0.010990
395694.000000,-0.050000,-0.020000,0.000000,-0.000000,-0.000000,-0.000000,0.006964,-0.007205,0.003167,0.010509
395708.000000,-0.070000,0.000000,0.020000,-0.000000,-0.000000,-0.000000,0.006770,-0.007007,0.003182,0.010250
395722.000000,-0.090000,-0.090000,0.000000,-0.000000,-0.000000,-0.000000,0.006616,-0.007259,0.003143,0.010312
395737.000000,0.020000,-0.090000,0.000000,-0.000000,-0.000000,-0.000000,0.006806,-0.007303,0.003048,0.010437
395751.000000,0.040000,0.010000,0.020000,-0.000000,-0.000000,-0.000000,0.007011,-0.006925,0.003062,0.010320
395765.000000,-0.060000,0.200000,0.000000,-0.000000,0.078078,-0.000000,0.006746,-0.005948,0.003002,0.009482
395777.000000,-0.100000,-0.060000,-0.010000,-0.000000,0.047597,-0.000000,0.006452,-0.006313,0.002945,0.009495
395791.000000,-0.070000,0.130000,0.020000,-0.000000,0.029016,-0.000000,0.006305,-0.005928,0.002991,0.009156
395807.000000,-0.120000,-0.090000,0.020000,-0.000000,0.017688,-0.000000,0.005750,-0.006166,0.002888,0.008912
395821.000000,0.090000,0.010000,0.030000,-0.000000,0.010783,-0.000000,0.006266,-0.006055,0.002889,0.009179
395836.000000,-0.080000,-0.120000,-0.020000,-0.000000,0.006573,-0.000000,0.005989,-0.006394,0.002689,0.009164
395850.000000,-0.170000,-0.250000,0.000000,-0.066366,-0.093590,-0.000000,0.005404,-0.018847,0.002627,0.019781
395865.000000,0.100000,0.000000,0.000000,-0.040457,-0.057053,-0.000000,0.005974,-0.030083,0.002570,0.030778
395879.000000,-0.110000,-0.240000,-0.030000,-0.024663,-0.128474,-0.000000,0.005620,-0.042332,0.002425,0.042772
395896.000000,-0.420000,-0.350000,0.000000,-0.178998,-0.214955,-0.000000,0.012139,-0.059158,0.002343,0.060436
395908.000000,-0.340000,-0.180000,0.000000,-0.241851,-0.201309,-0.000000,0.016526,-0.070019,0.002379,0.071983
395922.000000,-0.160000,0.070000,0.000000,-0.209898,-0.122720,-0.000000,0.023332,-0.079886,0.002436,0.083260
395935.000000,-0.170000,0.340000,-0.010000,-0.194322,0.057920,-0.000000,0.030032,-0.085810,0.002394,0.090945
395947.000000,-0.160000,0.220000,0.010000,-0.180923,0.121194,-0.000000,0.036406,-0.091390,0.002447,0.098404
395960.000000,-0.110000,0.240000,0.000000,-0.110293,0.167575,-0.000000,0.043827,-0.097288,0.002437,0.106732
395997.000000,-0.640000,0.080000,0.000000,-0.317084,0.102155,-0.000000,0.051662,-0.118095,0.001426,0.128909
396009.000000,-0.510000,0.340000,0.030000,-0.392396,0.195007,-0.000000,0.054002,-0.123051,0.001827,0.134391
396022.000000,-0.430000,0.230000,-0.020000,-0.407076,0.208668,-0.000000,0.057201,-0.128837,0.002033,0.140979
396035.000000,0.160000,0.190000,0.010000,-0.185696,0.201380,-0.000000,0.065967,-0.135113,0.002176,0.150373
396049.000000,0.250000,0.310000,-0.030000,-0.015606,0.243784,-0.000000,0.078088,-0.140854,0.002064,0.161065
396063.000000,0.260000,0.080000,0.000000,0.091988,0.148614,-0.000000,0.091111,-0.148544,0.002055,0.174272
396076.000000,0.140000,0.990000,0.030000,0.056077,0.477081,-0.000000,0.102364,-0.147946,0.002177,0.179920
396088.000000,0.000000,0.560000,-0.030000,0.034185,0.509452,-0.000000,0.111342,-0.148863,0.002058,0.185908
396105.000000,19.209999,15.170000,-0.460000,7.520197,6.232757,-0.179579,0.352062,0.023072,0.000475,0.352817
396119.000000,-5.490000,-0.880000,0.080000,2.441169,3.456020,-0.109473,0.364571,0.050174,0.003155,0.368021
396136.000000,-3.750000,-1.530000,0.140000,0.024210,1.509537,-0.066736,0.332807,0.033642,0.008575,0.334613
396150.000000,-1.410000,-5.270000,0.010000,-0.535689,-1.137114,-0.040683,0.317981,-0.028839,0.012299,0.319523
396162.000000,-2.260000,-2.510000,0.030000,-1.208839,-1.673073,-0.024801,0.301046,-0.071777,0.015469,0.309871
396175.000000,0.900000,-7.280000,0.410000,-0.385573,-3.861951,0.144940,0.310083,-0.158249,0.002537,0.348139
396189.000000,0.300000,1.120000,-0.030000,-0.117934,-1.917056,0.088357,0.322782,-0.181961,0.002212,0.370544
396207.000000,1.190000,-1.170000,-0.080000,0.392668,-1.625414,0.053864,0.351467,-0.214530,0.001584,0.411770
396221.000000,0.650000,-0.530000,-0.160000,0.493128,-1.197777,0.032836,0.371370,-0.234074,0.000994,0.438984
396235.000000,-1.320000,2.920000,0.000000,-0.214696,0.409754,0.020017,0.371244,-0.218073,0.001240,0.430557
396247.000000,-0.270000,-2.140000,0.100000,-0.236286,-0.585640,0.012203,0.374805,-0.237721,0.001822,0.443840
396259.000000,-1.950000,0.530000,-0.010000,-0.905300,-0.150107,0.007439,0.365356,-0.244951,0.001840,0.439874
396298.000000,-2.320000,-1.230000,0.030000,-1.457582,-0.571685,0.004535,0.311859,-0.304386,0.001094,0.435784
396310.000000,-2.200000,-1.360000,0.050000,-1.747413,-0.879434,0.002764,0.294303,-0.327083,0.001457,0.439999
396325.000000,2.560000,-0.040000,0.030000,-0.065850,-0.536113,0.001685,0.321927,-0.343248,0.001700,0.470594
396337.000000,-0.730000,0.540000,0.100000,-0.325126,-0.116011,0.001027,0.328287,-0.348379,0.002023,0.478690
396353.000000,-0.100000,-0.150000,0.010000,-0.198201,-0.129280,0.000626,0.337527,-0.359827,0.001844,0.493359
396367.000000,1.190000,1.610000,-0.060000,0.343736,0.549714,0.000382,0.358453,-0.353805,0.001427,0.503655
396382.000000,-1.020000,-0.260000,0.020000,-0.188650,0.233611,0.000233,0.361797,-0.361833,0.001450,0.511686
396397.000000,0.700000,0.790000,-0.020000,0.158268,0.450819,0.000142,0.377478,-0.363180,0.001343,0.523824
396411.000000,-0.110000,0.060000,0.000000,0.096482,0.274825,0.000086,0.387630,-0.369721,0.001351,0.535679
396423.000000,-0.090000,0.030000,0.010000,0.058817,0.167536,0.000053,0.395347,-0.376937,0.001418,0.546244
396435.000000,0.850000,0.470000,-0.010000,0.367685,0.285615,0.000032,0.410664,-0.380941,0.001403,0.560145
396447.000000,0.060000,0.040000,-0.020000,0.224145,0.174114,0.000020,0.421625,-0.387593,0.001334,0.572711
396461.000000,-0.430000,-0.020000,0.050000,-0.031225,0.106142,0.000012,0.428087,-0.396869,0.001515,0.583751
396475.000000,-0.130000,-0.030000,-0.020000,-0.019035,0.064705,0.000007,0.435590,-0.406697,0.001354,0.595939
396488.000000,-0.500000,-0.180000,-0.010000,-0.206798,-0.030825,0.000004,0.439481,-0.417342,0.001270,0.606069
396505.000000,-0.090000,0.000000,0.010000,-0.126067,-0.018791,0.000003,0.448241,-0.003996,0.001237,0.448261
396519.000000,-0.050000,0.050000,0.000000,-0.076852,-0.011455,0.000002,0.456755,-0.002909,0.001211,0.456765
396536.000000,-0.060000,0.070000,-0.020000,-0.046850,-0.006983,0.000001,0.467446,-0.002540,0.001081,0.467455
396550.000000,-0.070000,0.050000,0.000000,-0.028560,-0.004257,0.000001,0.476241,-0.002493,0.001099,0.476249
396564.000000,-0.040000,0.060000,0.000000,-0.017411,-0.002595,0.000000,0.485327,-0.002469,0.001130,0.485334
396580.000000,-0.060000,0.070000,-0.030000,-0.010614,-0.001582,0.000000,0.004291,-0.002329,0.000995,0.004983
396595.000000,-0.050000,0.070000,0.010000,-0.006470,-0.000964,0.000000,0.002663,-0.002240,0.001056,0.003636
396608.000000,-0.060000,0.060000,0.000000,-0.003944,-0.000588,0.000000,0.002376,-0.002269,0.001087,0.003461
396621.000000,-0.040000,0.070000,-0.030000,-0.002405,-0.000358,0.000000,0.002371,-0.002269,0.000997,0.003430
396637.000000,-0.030000,0.040000,0.000000,-0.001466,-0.000218,0.000000,0.002326,-0.002274,0.000996,0.003402
396651.000000,-0.010000,0.060000,0.010000,-0.000894,-0.000133,0.000000,0.002381,-0.002212,0.001046,0.003414
396665.000000,-0.050000,0.070000,-0.010000,-0.000545,-0.000081,0.000000,0.002283,-0.002142,0.001011,0.003289
396679.000000,-0.020000,0.080000,-0.010000,-0.000332,-0.000049,0.000000,0.002299,-0.002043,0.000972,0.003226
396696.000000,-0.020000,0.060000,0.000000,-0.000202,-0.000030,0.000000,0.002210,-0.001960,0.000940,0.003100
396710.000000,-0.030000,0.040000,0.000000,-0.000123,-0.000018,0.000000,0.002165,-0.002034,0.000945,0.003117
396726.000000,-0.060000,0.040000,0.000000,-0.000075,-0.000011,0.000000,0.001989,-0.002058,0.000935,0.003011
396740.000000,-0.040000,0.040000,0.000000,-0.000046,-0.000007,0.000000,0.001969,-0.002074,0.000933,0.003009
396756.000000,-0.030000,0.040000,-0.010000,-0.000028,-0.000004,0.000000,0.001967,-0.002037,0.000874,0.002963
396770.000000,-0.040000,0.050000,0.000000,-0.000017,-0.000003,0.000000,0.001943,-0.001988,0.000880,0.002916
396787.000000,-0.040000,0.090000,0.000000,-0.000010,-0.000002,0.000000,0.001853,-0.001730,0.000858,0.002677
396801.000000,-0.030000,0.070000,-0.010000,-0.000006,-0.000001,0.000000,0.001873,-0.001689,0.000823,0.002653
396817.000000,-0.030000,0.030000,-0.020000,-0.000004,-0.000001,0.000000,0.001861,-0.001806,0.000748,0.002699
396832.000000,-0.030000,0.060000,-0.030000,-0.000002,-0.000000,0.000000,0.001841,-0.001762,0.000665,0.002634
396847.000000,-0.030000,0.050000,-0.010000,-0.000001,-0.000000,0.000000,0.001824,-0.001754,0.000690,0.002623
396861.000000,-0.040000,0.070000,0.010000,-0.000001,-0.000000,0.000000,0.001782,-0.001683,0.000791,0.002576
396877.000000,0.120000,0.080000,0.000000,-0.000001,-0.000000,0.000000,0.002311,-0.001550,0.000798,0.002895
396891.000000,-0.050000,0.060000,0.010000,-0.000000,-0.000000,0.000000,0.002032,-0.001560,0.000833,0.002694
396907.000000,0.020000,0.110000,0.010000,-0.000000,-0.000000,0.000000,0.002004,-0.001357,0.000839,0.002561
396921.000000,-0.190000,0.010000,0.060000,-0.074174,-0.000000,0.000000,0.001262,-0.001606,0.001027,0.002286
396937.000000,-0.200000,-0.060000,-0.010000,-0.123295,-0.000000,0.000000,0.002013,-0.002030,0.000869,0.002989
396951.000000,0.020000,0.060000,-0.160000,-0.075162,-0.000000,0.000000,0.004621,-0.001835,0.000209,0.004976
396965.000000,0.130000,0.210000,0.010000,-0.045820,0.081982,0.000000,0.008891,-0.002931,0.000404,0.009371
396979.000000,-0.180000,0.000000,-0.030000,-0.098202,0.049977,0.000000,0.010623,-0.005564,0.000460,0.012000
396994.000000,-0.040000,0.070000,0.100000,-0.059865,0.030467,0.000000,0.013132,-0.008144,0.000957,0.015481
397006.000000,-0.050000,0.000000,0.000000,-0.036495,0.018573,0.000000,0.001792,-0.010738,0.000913,0.010924
397019.000000,-0.130000,-0.020000,-0.020000,-0.022247,0.011322,0.000000,0.001133,-0.013902,0.000760,0.013969
397035.000000,0.340000,0.260000,0.020000,0.119170,0.108403,0.000000,0.007752,-0.014792,0.000765,0.016718
397047.000000,0.090000,0.020000,0.020000,0.072647,0.066084,0.000000,0.011742,-0.016799,0.000799,0.020512
397059.000000,0.020000,0.080000,-0.020000,0.044287,0.040285,0.000000,0.014853,-0.018704,0.000696,0.023894
397076.000000,-0.140000,0.040000,0.020000,0.026998,0.024558,0.000000,0.016981,-0.021835,0.000713,0.027670
397092.000000,0.120000,0.150000,-0.050000,0.016458,0.073529,0.000000,0.021252,-0.023673,0.000468,0.031816
397107.000000,-0.790000,-0.320000,0.060000,-0.298374,-0.080100,0.000000,0.016340,-0.030018,0.000728,0.034185
397346.000000,0.010000,0.020000,0.010000,-0.181892,-0.048830,0.000000,0.016990,-0.033348,0.000750,0.037434
397446.000000,-0.020000,0.040000,0.010000,-0.110884,-0.029767,0.000000,0.018762,-0.035985,0.000748,0.040590
397462.000000,0.000000,0.120000,0.000000,-0.067596,-0.018146,0.000000,0.021798,-0.038330,0.000663,0.044099
397499.000000,-0.020000,0.040000,0.010000,-0.041207,-0.011062,0.000000,0.028767,-0.045009,0.000402,0.053418
397511.000000,-0.030000,0.060000,0.010000,-0.025120,-0.006744,0.000000,0.030938,-0.001606,0.000500,0.030983
397525.000000,-0.060000,0.030000,0.000000,-0.015314,-0.004111,0.000000,0.001425,-0.001266,0.000555,0.001985
397539.000000,-0.080000,0.010000,-0.020000,-0.009335,-0.002506,0.000000,0.000990,-0.001373,0.000485,0.001760
397556.000000,-0.040000,0.000000,-0.010000,-0.005691,-0.001528,0.000000,0.001004,-0.001435,0.000444,0.001807
397570.000000,0.000000,0.130000,0.000000,-0.003469,-0.000931,0.000000,0.001204,-0.001011,0.000474,0.001642
397586.000000,-0.040000,0.110000,0.000000,-0.002115,-0.000568,0.000000,0.001168,-0.000766,0.000490,0.001480
397600.000000,-0.040000,0.080000,-0.010000,-0.001289,-0.000346,0.000000,0.001129,-0.000776,0.000463,0.001446
397614.000000,-0.040000,0.030000,0.000000,-0.000786,-0.000211,0.000000,0.001108,-0.000995,0.000481,0.001565
397628.000000,-0.030000,0.040000,0.000000,-0.000479,-0.000129,0.000000,0.001125,-0.001095,0.000491,0.001645
397645.000000,-0.050000,0.060000,0.020000,-0.000292,-0.000078,0.000000,0.001007,-0.001010,0.000549,0.001529
397659.000000,-0.050000,0.070000,0.000000,-0.000178,-0.000048,0.000000,0.000958,-0.000934,0.000520,0.001435
397676.000000,-0.050000,0.050000,-0.020000,-0.000109,-0.000029,0.000000,0.000903,-0.000933,0.000400,0.001359
397690.000000,-0.040000,0.030000,0.000000,-0.000066,-0.000018,0.000000,0.000928,-0.001030,0.000413,0.001446
397708.000000,-0.060000,0.030000,0.000000,-0.000040,-0.000011,0.000000,0.000827,-0.001046,0.000413,0.001396
397722.000000,-0.050000,0.030000,0.000000,-0.000025,-0.000007,0.000000,0.000830,-0.001076,0.000424,0.001423
397737.000000,-0.070000,0.040000,0.000000,-0.000015,-0.000004,0.000000,0.000764,-0.001056,0.000431,0.001372
397752.000000,-0.060000,0.040000,0.000000,-0.000009,-0.000002,0.000000,0.000745,-0.001022,0.000427,0.001335
397766.000000,-0.060000,0.040000,0.000000,-0.000006,-0.000001,0.000000,0.000743,-0.001006,0.000426,0.001321
397780.000000,-0.050000,0.020000,-0.020000,-0.000003,-0.000001,0.000000,0.000778,-0.001070,0.000350,0.001368
397796.000000,-0.040000,0.030000,0.010000,-0.000002,-0.000001,0.000000,0.000814,-0.001041,0.000399,0.001381
397810.000000,-0.060000,0.060000,0.000000,-0.000001,-0.000000,0.000000,0.000765,-0.000916,0.000404,0.001260
397826.000000,-0.060000,0.050000,-0.010000,-0.000001,-0.000000,0.000000,0.000711,-0.000849,0.000356,0.001163
397840.000000,-0.040000,0.040000,0.000000,-0.000000,-0.000000,0.000000,0.000761,-0.000864,0.000365,0.001208
397856.000000,-0.040000,0.030000,0.000000,-0.000000,-0.000000,0.000000,0.000784,-0.000900,0.000368,0.001249
397870.000000,-0.030000,0.040000,0.010000,-0.000000,-0.000000,0.000000,0.000834,-0.000890,0.000408,0.001286
397886.000000,-0.040000,0.050000,0.000000,-0.000000,-0.000000,0.000000,0.000810,-0.000821,0.000388,0.001217
397900.000000,-0.050000,0.010000,0.000000,-0.000000,-0.000000,0.000000,0.000759,-0.000931,0.000374,0.001258
397914.000000,-0.080000,0.030000,0.000000,-0.000000,-0.000000,0.000000,0.000616,-0.000942,0.000368,0.001184
397928.000000,-0.070000,0.030000,0.010000,-0.000000,-0.000000,0.000000,0.000557,-0.000927,0.000398,0.001152
397945.000000,-0.080000,0.020000,-0.010000,-0.000000,-0.000000,0.000000,0.000467,-0.000909,0.000325,0.001072
397959.000000,-0.040000,0.020000,0.020000,-0.000000,-0.000000,0.000000,0.000576,-0.000918,0.000395,0.001154
397973.000000,-0.050000,0.010000,0.020000,-0.000000,-0.000000,0.000000,0.000626,-0.000970,0.000452,0.001240
397987.000000,-0.080000,0.000000,0.000000,-0.000000,-0.000000,0.000000,0.000530,-0.001030,0.000404,0.001227
398002.000000,-0.060000,0.020000,0.010000,-0.000000,-0.000000,0.000000,0.000523,-0.000971,0.000395,0.001171
398016.000000,-0.050000,0.030000,0.060000,-0.000000,-0.000000,0.000000,0.000566,-0.000888,0.000578,0.001201
398030.000000,-0.030000,0.030000,0.050000,-0.000000,-0.000000,0.000000,0.000669,-0.000837,0.000665,0.001261
398046.000000,-0.010000,-0.010000,-0.170000,-0.000000,-0.000000,0.000000,0.000789,-0.000935,-0.000154,0.001233
398060.000000,-0.050000,0.020000,-0.010000,-0.000000,-0.000000,0.000000,0.000710,-0.000898,-0.000076,0.001147
398076.000000,-0.040000,0.020000,-0.020000,-0.000000,-0.000000,0.000000,0.000666,-0.000842,0.000026,0.001074
398090.000000,-0.040000,0.040000,0.010000,-0.000000,-0.000000,0.000000,0.000651,-0.000745,0.000189,0.001007
398106.000000,-0.040000,0.050000,0.050000,-0.000000,-0.000000,0.000000,0.000632,-0.000628,0.000440,0.000993
398118.000000,-0.030000,0.030000,0.030000,-0.000000,-0.000000,0.000000,0.000667,-0.000651,0.000506,0.001061
398135.000000,-0.050000,0.050000,-0.090000,-0.000000,-0.000000,0.000000,0.000594,-0.000578,0.000049,0.000830
398149.000000,-0.060000,0.030000,0.060000,-0.000000,-0.000000,0.000000,0.000514,-0.000610,0.000323,0.000860
398163.000000,-0.030000,0.060000,-0.020000,-0.000000,-0.000000,0.000000,0.000582,-0.000532,0.000258,0.000829
398177.000000,-0.060000,0.050000,-0.030000,-0.000000,-0.000000,0.000000,0.000520,-0.000507,0.000143,0.000740
398194.000000,-0.050000,0.000000,0.000000,-0.000000,-0.000000,0.000000,0.000482,-0.000665,0.000179,0.000840
398208.000000,-0.060000,0.000000,0.130000,-0.000000,-0.000000,0.000000,0.000440,-0.000772,0.000688,0.001124
398317.000000,0.010000,0.040000,0.030000,-0.000000,-0.000000,0.000000,0.000672,-0.000702,0.000678,0.001185
398458.000000,-2.140000,1.990000,-0.010000,-0.835431,0.776873,0.000000,-0.016074,0.014883,0.000474,0.021911
398570.000000,2.650000,-0.590000,-4.830000,0.525240,0.243262,-1.885575,0.002050,0.013737,-0.039743,0.042100
398834.000000,-6.500000,8.760000,14.330000,-2.217331,3.568096,4.444794,-0.054272,0.098175,0.086883,0.141889
398937.000000,-4.710000,1.450000,3.130000,-3.190439,2.741216,3.931514,-0.129582,0.144963,0.170584,0.258660
402339.000000,10.450000,20.020000,-7.090000,2.134627,9.486650,-0.371155,-0.032624,0.381244,0.115116,0.399579
402365.000000,34.169998,22.250000,-26.430000,14.640858,14.469311,-10.544221,0.638459,0.899506,-0.392452,1.170795
402380.000000,34.189999,22.430000,-24.690001,22.272612,17.577070,-16.066566,1.114712,1.223639,-0.739258,1.812837
402394.000000,27.230000,16.760000,-16.430000,24.207918,17.258096,-16.208447,1.515951,1.477634,-0.997110,2.340030
402408.000000,14.000000,15.290000,-13.070000,20.222867,16.489774,-14.983234,1.774558,1.702665,-1.202283,2.737445
402422.000000,-16.459999,8.860000,-6.460000,5.902309,13.511200,-11.655864,1.691867,1.855993,-1.326874,2.840373
402436.000000,-30.610001,1.880000,-1.860000,-8.351666,8.970517,-7.831674,1.368116,1.919405,-1.382211,2.732465
402453.000000,-44.779999,-16.150000,19.299999,-22.572857,-0.836236,2.760211,0.718553,1.749095,-1.172374,2.224885
402465.000000,-44.810001,-18.160000,19.400000,-31.253976,-7.599229,9.256188,0.205481,1.559620,-0.964748,1.845366
402481.000000,-44.740002,-14.590000,10.660000,-36.518761,-10.328344,9.804220,-0.499653,1.319268,-0.761999,1.603360
402495.000000,-33.189999,-0.470000,8.050000,-35.219252,-6.479763,9.119393,-1.008978,1.250560,-0.629619,1.725792
402509.000000,-25.480000,7.460000,7.080000,-31.417163,-1.037844,8.323238,-1.410445,1.302046,-0.520253,1.988804
402521.000000,-8.010000,14.160000,-0.230000,-22.279282,4.895215,5.073944,-1.580076,1.433364,-0.493832,2.189758
402533.000000,24.510000,16.559999,-21.549999,-4.013298,9.449009,-5.319729,-1.424195,1.610997,-0.666696,2.251250
402545.000000,34.740002,14.130000,-29.500000,11.115533,11.276413,-14.759422,-1.084727,1.782114,-0.966125,2.299122
402557.000000,35.029999,14.340000,-31.219999,20.451458,12.472401,-21.185437,-0.687748,1.953040,-1.317972,2.454468
402572.000000,35.430000,14.840000,-30.879999,26.298904,13.396684,-24.970080,-0.165757,2.171875,-1.773867,2.809114
402586.000000,35.360001,13.780000,-28.160000,29.836249,13.546326,-26.215387,0.327963,2.367184,-2.177217,3.232861
402603.000000,17.200001,12.870000,-18.469999,24.903207,13.282296,-23.191679,0.713755,2.590259,-2.543619,3.699849
402617.000000,-6.460000,11.110000,-7.330000,12.659381,12.434257,-16.999467,0.746795,2.753240,-2.705707,3.931779
402634.000000,-27.760000,3.690000,0.340000,-3.119869,9.020602,-10.230343,0.429743,2.855296,-2.760382,3.994635
402648.000000,-40.410000,-2.480000,7.890000,-17.677496,4.530903,-3.156375,-0.043571,2.855197,-2.696300,3.927350
402662.000000,-44.320000,-21.250000,24.240000,-28.078415,-5.533657,7.538846,-0.618866,2.645907,-2.439255,3.651545
402676.000000,-44.400002,-17.320000,19.879999,-34.450170,-10.134906,12.356687,-1.225540,2.412375,-2.167049,3.466641
402693.000000,-30.330000,1.870000,11.120000,-32.841704,-5.448333,11.873899,-1.806213,2.348329,-1.935234,3.538670
402707.000000,-22.900000,8.620000,8.800000,-28.960580,0.043778,10.673885,-2.173059,2.415973,-1.791454,3.710582
402721.000000,6.850000,15.680000,-9.920000,-14.980552,6.147975,2.634275,-2.214948,2.588920,-1.845268,3.874728
402736.000000,23.610001,15.620000,-21.330000,0.084744,9.845742,-6.721095,-1.979398,2.807439,-2.086243,4.018972
402753.000000,35.130001,16.240000,-31.100000,13.765999,12.341985,-16.238332,-1.480008,3.073765,-2.537938,4.252009
402767.000000,35.220001,18.750000,-30.990000,22.141389,14.843598,-21.997209,-1.010439,3.322303,-2.952967,4.558366
402784.000000,35.080002,15.290000,-27.480000,27.192471,15.017868,-24.137626,-0.420673,3.593568,-3.430843,4.986118
402798.000000,29.360001,15.070000,-22.049999,28.038649,15.038220,-23.322641,0.013797,3.807262,-3.764728,5.354308
402812.000000,-10.560000,10.890000,-5.370000,12.970191,13.418804,-16.314142,0.041685,3.977083,-3.917251,5.582453
402830.000000,-22.370001,4.920000,-2.990000,-0.826203,10.100971,-11.112554,-0.228090,4.103279,-4.013410,5.744248
402844.000000,-44.750000,-19.650000,15.330000,-17.973535,-1.513457,-0.789693,-0.728553,3.939145,-3.885345,5.580642
402858.000000,-44.770000,-25.719999,20.750000,-28.434559,-10.963406,7.619149,-1.316403,3.636839,-3.643307,5.313493
402872.000000,-45.009998,-20.900000,13.460000,-34.905415,-14.842535,9.899348,-1.932821,3.340318,-3.438519,5.168843
402886.000000,-36.700001,-6.370000,9.520000,-35.606000,-11.534957,9.751255,-2.476372,3.187926,-3.283519,5.203536
402903.000000,-20.969999,9.380000,5.940000,-29.892278,-3.370004,8.263386,-2.922666,3.242808,-3.156043,5.386872
402917.000000,-10.150000,12.230000,0.850000,-22.185125,2.720053,5.369288,-3.131363,3.375211,-3.115950,5.559373
402934.000000,33.869999,20.440001,-23.340000,-0.301866,9.637712,-5.838480,-2.803078,3.665454,-3.378765,5.719166
402949.000000,34.320000,20.770000,-28.139999,13.214102,13.983626,-14.544730,-2.354711,3.959286,-3.743516,5.935868
402963.000000,34.430000,25.740000,-25.830000,21.496538,18.573176,-18.950366,-1.890719,4.292802,-4.098512,6.229026
402977.000000,34.310001,22.820000,-22.900000,26.498763,20.231086,-20.492256,-1.414249,4.615483,-4.429163,6.551356
402994.000000,5.250000,15.850000,-10.770000,18.203497,18.520762,-16.696802,-1.176946,4.920420,-4.677451,6.890158
403008.000000,-7.090000,13.320000,-6.430000,8.329214,16.490446,-12.688764,-1.186766,5.125284,-4.801539,7.122620
403022.000000,-34.430000,3.010000,0.790000,-8.363479,11.227839,-7.426813,-1.526091,5.215231,-4.830755,7.270748
403036.000000,-45.279999,-16.230000,12.040000,-22.775253,0.508623,0.172801,-2.070597,5.082152,-4.721259,7.239194
403053.000000,-45.459999,-32.630001,13.440000,-31.631110,-12.428305,5.352159,-2.808671,4.644150,-4.521110,7.063795
403067.000000,-45.529999,-28.219999,8.320000,-37.057072,-18.593196,6.510769,-3.436178,4.258372,-4.389857,7.015119
403084.000000,-35.970001,-1.300000,6.710000,-36.632693,-11.842136,6.588546,-4.091556,4.101143,-4.261868,7.191921
403099.000000,-25.809999,8.180000,4.440000,-32.407641,-4.025730,5.749779,-4.534935,4.144331,-4.181082,7.431188
403113.000000,14.500000,23.280001,-11.720000,-14.095451,6.634105,-1.070217,-4.515946,4.383559,-4.273049,7.607122
403127.000000,31.840000,24.879999,-20.889999,3.837207,13.757087,-8.807626,-4.197183,4.698141,-4.505093,7.744981
403144.000000,34.509998,22.629999,-30.920000,15.811503,17.220967,-17.440036,-3.669137,5.080810,-4.957245,7.990712
403158.000000,34.669998,26.490000,-29.670000,23.173637,20.839488,-22.214470,-3.197877,5.433944,-5.359451,8.275137
403172.000000,34.110001,21.280001,-22.299999,27.443064,21.011459,-22.247859,-2.721187,5.747419,-5.698385,8.538692
403186.000000,23.500000,19.010000,-17.549999,25.903739,20.230113,-20.413870,-2.346845,6.026750,-5.971786,8.802933
403204.000000,-16.219999,9.840000,-6.950000,9.459128,16.173936,-15.157734,-2.405498,6.257177,-6.164466,9.107103
403218.000000,-29.150000,4.380000,-4.430000,-5.613420,11.569722,-10.969753,-2.703818,6.352858,-6.252571,9.314724
403232.000000,-45.160000,-27.299999,12.810000,-21.051938,-3.604558,-1.686418,-3.234848,6.113013,-6.153196,9.257159
403244.000000,-45.270000,-32.259998,13.570000,-30.506384,-14.791304,4.269508,-3.750779,5.779489,-6.013424,9.145059
403258.000000,-45.330002,-27.600000,9.990000,-36.293350,-19.791668,6.502720,-4.374555,5.391266,-5.866334,9.089354
403272.000000,-38.259998,-2.250000,10.110000,-37.061106,-12.943608,7.910960,-4.935601,5.251739,-5.722860,9.202828
403286.000000,-29.410000,5.320000,7.260000,-34.074204,-5.813711,7.656833,-5.391098,5.261008,-5.608402,9.391289
403304.000000,9.520000,23.059999,-8.150000,-17.055541,5.458245,1.486032,-5.445507,5.553841,-5.666599,9.623359
403316.000000,29.410000,28.400000,-17.690001,1.084058,14.414435,-6.000065,-5.208458,5.850102,-5.826604,9.762225
403334.000000,34.389999,27.430000,-30.940001,14.086305,19.495558,-15.736322,-4.667141,6.327739,-6.288106,10.067908
403348.000000,34.570000,32.400002,-30.150000,22.082898,24.533301,-21.363251,-4.201014,6.755698,-6.690991,10.395063
403362.000000,33.970001,25.760000,-21.500000,26.723483,25.012190,-21.416636,-3.727234,7.135525,-7.022288,10.682721
403376.000000,22.139999,20.889999,-17.719999,24.934145,23.402935,-19.973513,-3.367094,7.453185,-7.295065,10.959255
403393.000000,-17.969999,9.460000,-10.370000,8.184873,17.959778,-16.224415,-3.448486,7.680252,-7.517511,11.286775
403407.000000,-34.290001,0.550000,-6.060000,-8.396817,11.163206,-12.256347,-3.803602,7.740731,-7.631588,11.516399
403421.000000,-45.340000,-34.880001,11.840000,-22.819000,-6.811519,-2.849417,-4.353434,7.416041,-7.549511,11.443128
403435.000000,-45.570000,-34.990002,9.210000,-31.700722,-17.812066,1.858437,-4.963935,6.974723,-7.434361,11.338304
403453.000000,-45.709999,-21.809999,9.510000,-37.169778,-19.372812,4.845517,-5.774030,6.528396,-7.269775,11.349406
403467.000000,-37.799999,0.060000,8.320000,-37.415809,-11.809895,6.201914,-6.332457,6.423831,-7.149568,11.510080
403483.000000,-15.170000,14.610000,-0.330000,-28.731308,-1.495880,3.651932,-6.692639,6.550459,-7.111743,11.759116
403497.000000,15.190000,25.570000,-11.680000,-11.584947,9.070320,-2.333474,-6.637291,6.833275,-7.216010,11.950651
403511.000000,34.200001,32.520000,-27.209999,6.288956,18.224799,-12.044976,-6.284491,7.235806,-7.513679,12.178140
403525.000000,34.369999,29.209999,-30.980000,17.251464,22.513291,-19.436986,-5.840791,7.641814,-7.906316,12.450782
403542.000000,34.410000,31.480000,-22.780001,23.949954,26.013788,-20.742059,-5.268421,8.163103,-8.320104,12.791272
403554.000000,33.779999,26.410000,-19.950001,27.787488,26.168465,-20.432849,-4.862575,8.494472,-8.575080,13.012789
403568.000000,22.260000,21.270000,-16.969999,25.629622,24.256162,-19.080993,-4.501346,8.817887,-8.830359,13.266216
403584.000000,-18.680000,12.030000,-5.620000,8.331668,19.483213,-13.825980,-4.585529,9.062355,-8.980521,13.557400
403600.000000,-33.680000,5.560000,-1.290000,-8.069192,14.047755,-8.932081,-4.986818,9.196813,-9.039710,13.826282
403614.000000,-45.500000,-32.349998,8.890000,-22.681738,-4.065381,-1.974551,-5.537021,8.914069,-8.967857,13.803684
403630.000000,-45.570000,-34.950001,5.980000,-31.617045,-16.122372,1.130812,-6.234864,8.424534,-8.875939,13.734213
403647.000000,-45.599998,-27.809999,6.160000,-37.075825,-20.685084,3.094148,-6.998685,7.936330,-8.773011,13.745277
403661.000000,-28.500000,6.650000,2.900000,-33.727924,-10.013790,3.018355,-7.465659,7.879875,-8.718893,13.922916
403675.000000,-14.490000,13.190000,-1.850000,-26.217665,-0.955304,1.117806,-7.746718,7.991191,-8.720519,14.139244
403692.000000,33.910000,31.250000,-20.910000,-2.744534,11.617267,-7.481589,-7.444319,8.402391,-8.969615,14.369135
403706.000000,34.169998,30.660000,-29.360001,11.666464,19.051325,-16.022663,-7.033707,8.803440,-9.318616,14.622250
403720.000000,34.349998,30.790001,-30.920000,20.521848,23.633966,-21.838408,-6.572859,9.224487,-9.726064,14.929500
403734.000000,34.410000,32.520000,-22.120001,25.943619,27.102969,-21.948338,-6.096352,9.668487,-10.064806,15.229756
403751.000000,18.350000,21.790001,-17.900000,22.979160,25.028849,-20.367915,-5.703146,10.088306,-10.400889,15.571714
403765.000000,-14.260000,12.770000,-11.310000,8.441431,20.243139,-16.831812,-5.744714,10.316162,-10.594491,15.864053
403781.000000,-45.200001,-6.610000,-1.000000,-12.499551,9.759990,-10.651259,-6.264023,10.319098,-10.671762,16.112364
403793.000000,-45.320000,-22.870001,5.180000,-25.312267,-2.978373,-4.470922,-6.760669,10.126785,-10.645406,16.173531
403807.000000,-45.459999,-34.849998,7.630000,-33.177704,-15.420680,0.253135,-7.378968,9.716936,-10.561139,16.137090
403821.000000,-45.639999,-27.820000,6.140000,-38.042837,-20.261228,2.551298,-8.010695,9.320336,-10.475419,16.148508
403835.000000,-45.590000,-13.620000,6.230000,-40.989161,-17.668571,3.987420,-8.645961,9.066870,-10.388381,16.275110
403853.000000,-14.500000,17.440001,-5.310000,-30.648105,-3.962599,0.357817,-9.072361,9.187551,-10.421370,16.592883
403865.000000,5.390000,24.000000,-11.470000,-16.579254,6.953670,-4.259624,-9.111479,9.412421,-10.524085,16.803842
403882.000000,34.090000,41.770000,-31.070000,3.201425,20.545555,-14.726078,-8.721176,10.003828,-10.937147,17.197578
403896.000000,34.389999,41.840000,-31.040001,15.377077,28.858655,-21.094841,-8.286691,10.558963,-11.343121,17.573484
403908.000000,34.480000,41.980000,-29.850000,22.834632,33.981073,-24.512752,-7.884448,11.053479,-11.698024,17.921710
403920.000000,30.709999,29.639999,-25.070000,25.909083,32.286369,-24.730295,-7.504924,11.449944,-12.014853,18.214879
403934.000000,8.590000,24.080000,-22.490000,19.147917,29.082699,-23.855710,-7.286874,11.823681,-12.345877,18.582751
403952.000000,-36.150002,4.330000,-17.190001,-2.439738,19.419538,-21.253496,-7.656928,12.021097,-12.689807,19.083148
403966.000000,-45.439999,-29.600000,0.340000,-19.226532,0.282888,-12.823650,-8.187552,11.776071,-12.766457,19.201413
403983.000000,-45.810001,-34.869999,6.460000,-29.604405,-13.440384,-5.295540,-8.924733,11.270633,-12.717179,19.193870
403997.000000,-45.889999,-24.940001,11.920000,-35.962109,-17.929699,1.425204,-9.555547,10.900338,-12.587921,19.198479
404009.000000,-45.869999,-8.920000,12.160000,-39.830032,-14.412419,5.615941,-10.102178,10.729326,-12.452309,19.293326
404022.000000,-30.110001,10.860000,0.750000,-36.035447,-4.546365,3.716335,-10.552873,10.771635,-12.401161,19.523833
404035.000000,11.620000,31.200001,-10.480000,-17.431322,9.408595,-1.825746,-10.581378,11.067311,-12.480935,19.754105
404052.000000,33.910000,42.549999,-23.290001,2.611724,22.346608,-10.205138,-10.187776,11.688426,-12.789056,20.099006
404064.000000,34.130001,39.880001,-31.080000,14.916088,29.191438,-18.354438,-9.816846,12.154082,-13.115148,20.398512
404080.000000,34.480000,36.139999,-19.700001,22.553608,31.904074,-18.879730,-9.281115,12.743959,-13.465918,20.733512
404092.000000,33.990002,28.459999,-18.990000,27.018241,30.559548,-18.922778,-8.874173,13.114880,-13.704127,20.941684
404105.000000,21.299999,19.510000,-17.180000,24.785907,26.245935,-18.242418,-8.547126,13.412033,-13.937634,21.146953
404119.000000,-8.750000,12.040000,-6.630000,11.693885,20.700105,-13.709067,-8.526180,13.625018,-14.077780,21.366346
404134.000000,-36.660000,4.150000,10.710000,-7.182902,14.239140,-4.176151,-8.903268,13.735971,-14.010085,21.545941
404151.000000,-40.209999,-6.590000,15.030000,-20.076291,6.107689,3.321703,-9.508721,13.694048,-13.807885,21.647181
404165.000000,-36.619999,-7.690000,13.090000,-26.534759,0.721234,7.135131,-10.016145,13.607319,-13.629380,21.708116
404182.000000,-30.020000,-5.240000,10.720000,-27.895356,-1.605961,8.534622,-10.556973,13.512143,-13.436459,21.784539
404194.000000,-22.750000,-1.100000,8.040000,-25.886670,-1.408440,8.341527,-10.861715,13.481883,-13.327839,21.848783
404206.000000,-18.250000,-0.030000,4.920000,-22.905404,-0.858602,7.005803,-11.105551,13.471687,-13.253695,21.919855
404294.000000,11.480000,2.850000,-9.340000,-9.481748,0.589193,0.624595,-11.081382,13.491703,-13.309678,21.953829
404306.000000,3.160000,0.860000,-4.520000,-4.546559,0.694913,-1.383794,-11.046701,13.504067,-13.364211,21.977069
404318.000000,-1.810000,0.000000,-1.270000,-3.478238,0.423627,-1.339370,-11.050614,13.506910,-13.391009,21.997086
404332.000000,-7.450000,-0.550000,2.310000,-5.028767,0.043534,0.085301,-11.123958,13.501506,-13.377482,22.022491
404344.000000,-6.410000,-9.010000,2.910000,-5.567984,-3.490859,1.188030,-11.195775,13.423567,-13.349329,21.994139
404358.000000,6.830000,-22.660000,8.970000,-0.727957,-10.974265,4.226019,-11.152943,13.173211,-13.251302,21.760483
404370.000000,-6.940000,1.680000,-0.570000,-3.153066,-6.034189,2.353710,-11.199338,13.122080,-13.230653,21.740844
404382.000000,-2.940000,1.160000,0.420000,-3.069887,-3.225663,1.598812,-11.237065,13.115619,-13.220700,21.750357
404395.000000,-1.280000,0.690000,0.110000,-2.371136,-1.697034,0.974655,-11.260014,13.118861,-13.216215,21.761451
404407.000000,-0.830000,-0.240000,-0.210000,-1.769495,-1.128225,0.594161,-11.272454,13.116877,-13.216507,21.766873
404420.000000,-1.350000,0.690000,0.110000,-1.605729,-0.418412,0.362208,-11.287821,13.121574,-13.215352,21.776964
404432.000000,-1.120000,-0.380000,-0.030000,-1.416106,-0.403416,0.220806,-11.300598,13.118818,-13.215054,21.781748
404444.000000,-0.600000,0.680000,-0.010000,-1.097508,0.019537,0.134606,-11.308584,13.122837,-13.214819,21.788170
404456.000000,-0.220000,0.960000,-0.030000,-0.754939,0.386682,0.082057,-11.311941,13.131242,-0.015498,17.331755
404468.000000,0.780000,1.460000,-0.020000,-0.155717,0.805693,0.050023,-11.305509,13.145162,0.021765,17.338116
404484.000000,-0.520000,0.490000,0.010000,-0.297929,0.682450,0.030495,-11.307577,13.155064,0.041117,17.347008
404501.000000,-0.100000,0.260000,0.070000,-0.181621,0.517531,0.018590,-11.308170,13.160088,0.046332,17.351218
404515.000000,0.230000,-0.160000,-0.020000,-0.020929,0.253031,0.011333,-11.305028,13.158752,0.048334,17.348163
404532.000000,0.020000,-0.840000,0.070000,-0.012759,-0.173676,0.006909,-11.302389,13.147043,0.047826,17.337561
404546.000000,-0.220000,-0.200000,0.030000,-0.093663,-0.183952,0.004212,-11.302858,13.141181,0.047888,17.333422
404560.000000,-0.230000,0.120000,-0.030000,-0.146887,-0.112140,0.002567,-11.304218,13.139588,0.047997,17.333102
404574.000000,-0.190000,0.100000,-0.070000,-0.163718,-0.068362,0.001565,-11.305453,13.139081,0.047352,17.333521
404591.000000,-0.020000,-0.140000,-0.010000,-0.099804,-0.041674,0.000954,-11.304885,13.136004,0.044761,17.330812
404605.000000,-0.180000,-0.170000,0.000000,-0.131112,-0.091771,0.000582,-11.305474,13.132568,0.044236,17.328590
404619.000000,-0.320000,-0.060000,0.010000,-0.204852,-0.055945,0.000355,-11.307752,0.012875,0.044406,11.307846
404634.000000,-0.210000,-0.070000,0.000000,-0.206861,-0.034105,0.000216,-11.309580,-0.024821,0.043519,11.309691
404646.000000,-0.200000,0.070000,-0.040000,-0.204183,-0.020791,0.000132,-11.310812,-0.039450,0.043286,11.310964
404660.000000,-0.140000,0.020000,0.000000,-0.124472,-0.012674,0.000080,-11.311581,-0.046513,0.043200,11.311759
404674.000000,-0.150000,0.000000,0.000000,-0.134438,-0.007726,0.000049,-11.312246,-0.048160,0.042130,11.312427
404689.000000,-0.160000,-0.010000,0.030000,-0.144417,-0.004710,0.000030,-11.313032,-0.047590,0.040774,11.313205
404704.000000,-0.220000,-0.050000,0.010000,-0.173924,-0.002871,0.000018,-11.314469,-0.046571,0.039451,11.314633
404719.000000,-0.210000,-0.130000,0.020000,-0.188008,-0.001750,0.000011,-11.315996,-0.045905,0.038492,11.316155
404734.000000,-0.160000,-0.150000,-0.040000,-0.177074,-0.059625,0.000007,-11.317026,-0.045246,0.037466,11.317178
404748.000000,-0.180000,-0.100000,0.000000,-0.178216,-0.036348,0.000004,-11.318043,-0.044790,0.037143,11.318193
404762.000000,-0.130000,0.130000,0.000000,-0.108643,-0.022158,0.000003,-11.318588,-0.043513,0.036897,11.318732
404777.000000,-0.140000,0.070000,-0.030000,-0.066230,-0.013508,0.000002,-11.319124,-0.041982,0.035882,11.319259
404793.000000,-0.160000,0.060000,0.000000,-0.102837,-0.008235,0.000001,-11.319905,-0.040071,0.034442,11.320029
404807.000000,-0.160000,-0.050000,0.030000,-0.125153,-0.005020,0.000001,-11.320644,-0.039956,0.034215,11.320766
404821.000000,-0.150000,-0.070000,-0.020000,-0.134853,-0.003060,0.000000,-11.321300,-0.040175,0.034064,11.321423
404836.000000,-0.170000,-0.110000,0.000000,-0.148574,-0.001866,0.000000,-11.322188,-0.039596,0.033320,11.322306
404854.000000,-0.150000,0.130000,0.040000,-0.149131,-0.001137,0.000000,-11.323067,-0.036009,0.031103,11.323167
404881.000000,-0.150000,-0.030000,0.010000,-0.149470,-0.000693,0.000000,-11.324302,-0.028460,0.024506,11.324364
404893.000000,-0.150000,-0.020000,0.020000,-0.149677,-0.000423,0.000000,-11.324840,-0.031354,0.026958,11.324915
404907.000000,-0.170000,0.000000,0.000000,-0.157611,-0.000258,0.000000,-11.325659,-0.034630,0.029754,11.325751
404923.000000,-0.180000,0.070000,0.000000,-0.166351,-0.000157,0.000000,-11.326773,-0.034182,0.029602,11.326864
404937.000000,-0.150000,0.000000,0.000000,-0.159968,-0.000096,0.000000,-11.327501,-0.034083,0.029452,11.327591
404953.000000,-0.130000,-0.080000,0.040000,-0.097518,-0.000058,0.000000,-11.328024,-0.033589,0.028857,11.328111
404967.000000,-0.150000,-0.010000,0.000000,-0.118007,-0.000036,0.000000,-11.328597,-0.033227,0.028533,11.328681
404983.000000,-0.110000,0.000000,0.000000,-0.071938,-0.000022,0.000000,-11.328842,-0.032224,0.027722,11.328922
404997.000000,-0.130000,0.040000,-0.010000,-0.043854,-0.000013,0.000000,-11.329146,-0.031685,0.027387,11.329224
405011.000000,-0.120000,-0.020000,0.030000,-0.026734,-0.000008,0.000000,-0.007753,-0.031698,0.027448,0.042641
405025.000000,-0.130000,-0.040000,-0.030000,-0.016297,-0.000005,0.000000,0.018602,-0.031517,0.027032,0.045498
405042.000000,-0.150000,0.010000,0.030000,-0.068493,-0.000003,0.000000,0.030026,-0.029649,0.025641,0.049377
405056.000000,-0.150000,0.000000,-0.010000,-0.100313,-0.000002,0.000000,0.033904,-0.029212,0.025252,0.051386
405073.000000,-0.130000,-0.020000,0.010000,-0.061152,-0.000001,0.000000,0.034340,-0.028176,0.024344,0.050653
405087.000000,-0.130000,-0.070000,0.010000,-0.037279,-0.000001,0.000000,0.034656,-0.028256,0.024257,0.050871
405103.000000,-0.140000,-0.030000,0.020000,-0.022726,-0.000000,0.000000,0.034092,-0.027727,0.023869,0.050008
405117.000000,-0.090000,0.010000,-0.010000,-0.013854,-0.000000,0.000000,0.034004,-0.027375,0.023645,0.049647
405133.000000,-0.140000,-0.010000,0.020000,-0.008445,-0.000000,0.000000,0.032989,-0.026633,0.023108,0.048286
405145.000000,-0.140000,0.000000,0.060000,-0.005148,-0.000000,0.000000,0.032932,-0.026656,0.023355,0.048379
405159.000000,-0.150000,0.000000,0.050000,-0.061697,-0.000000,0.000000,0.033007,-0.026824,0.023633,0.048657
405174.000000,-0.100000,-0.030000,-0.040000,-0.037611,-0.000000,0.000000,0.031998,-0.026060,0.022586,0.047043
405191.000000,-0.150000,-0.030000,0.000000,-0.081486,-0.000000,0.000000,0.029884,-0.024545,0.021162,0.044083
405205.000000,-0.140000,-0.010000,0.040000,-0.049675,-0.000000,0.000000,0.029500,-0.024273,0.021111,0.043647
405222.000000,-0.120000,0.000000,0.000000,-0.030283,-0.000000,0.000000,0.028460,-0.023352,0.020337,0.042058
405234.000000,-0.140000,0.010000,0.000000,-0.018461,-0.000000,0.000000,0.028563,-0.023436,0.020438,0.042224
405249.000000,-0.120000,-0.010000,0.010000,-0.011254,-0.000000,0.000000,0.028667,-0.023565,0.020545,0.042417
405262.000000,-0.110000,-0.030000,-0.010000,-0.006860,-0.000000,0.000000,0.028454,-0.023479,0.020332,0.042122
405276.000000,-0.130000,-0.020000,0.000000,-0.004182,-0.000000,0.000000,0.028099,-0.023291,0.020143,0.041687
405293.000000,-0.150000,0.030000,0.030000,-0.061108,-0.000000,0.000000,0.026191,-0.021664,0.019017,0.038947
405307.000000,-0.090000,0.000000,-0.030000,-0.037252,-0.000000,0.000000,0.025887,-0.021317,0.018578,0.038336
405323.000000,-0.120000,-0.010000,-0.020000,-0.022709,-0.000000,0.000000,0.025256,-0.020884,0.018084,0.037430
405337.000000,-0.110000,-0.040000,0.030000,-0.013844,-0.000000,0.000000,0.025046,-0.020870,0.018105,0.037291
405353.000000,-0.130000,0.000000,0.000000,-0.008439,-0.000000,0.000000,0.024304,-0.020281,0.017650,0.036243
405367.000000,-0.130000,0.030000,-0.010000,-0.005145,-0.000000,0.000000,0.024004,-0.019935,0.017441,0.035747
405383.000000,-0.120000,-0.020000,0.020000,-0.003136,-0.000000,0.000000,0.023354,-0.019497,0.017067,0.034883
405397.000000,-0.120000,-0.040000,0.020000,-0.001912,-0.000000,0.000000,0.023116,-0.019458,0.016966,0.034653
405413.000000,-0.130000,-0.020000,0.000000,-0.001166,-0.000000,0.000000,0.022447,-0.018964,0.016480,0.033691
405427.000000,-0.120000,0.030000,-0.020000,-0.000711,-0.000000,0.000000,0.022224,-0.018598,0.016223,0.033211
405443.000000,-0.110000,0.010000,0.020000,-0.000433,-0.000000,0.000000,0.021664,-0.018053,0.015884,0.032365
405456.000000,-0.110000,-0.010000,-0.020000,-0.000264,-0.000000,0.000000,0.021632,-0.018081,0.015779,0.032309
405473.000000,-0.110000,0.000000,0.000000,-0.000161,-0.000000,0.000000,0.020762,-0.017374,0.015165,0.031030
405487.000000,-0.120000,0.000000,0.020000,-0.000098,-0.000000,0.000000,0.020474,-0.017177,0.015084,0.030688
405503.000000,-0.090000,-0.020000,0.000000,-0.000060,-0.000000,0.000000,0.020105,-0.016885,0.014751,0.030115
405517.000000,-0.090000,0.000000,0.000000,-0.000036,-0.000000,0.000000,0.020004,-0.016742,0.014632,0.029909
405533.000000,-0.130000,0.000000,0.020000,-0.000022,-0.000000,0.000000,0.019361,-0.016296,0.014332,0.029083
405547.000000,-0.130000,0.030000,0.010000,-0.000014,-0.000000,0.000000,0.019089,-0.016029,0.014214,0.028694
405560.000000,-0.110000,0.010000,0.000000,-0.000008,-0.000000,0.000000,0.019244,-0.016142,0.014285,0.028896
405574.000000,-0.100000,0.020000,-0.010000,-0.000005,-0.000000,0.000000,0.019171,-0.016010,0.014130,0.028697
405592.000000,-0.130000,0.000000,0.000000,-0.000003,-0.000000,0.000000,0.017585,-0.014818,0.013027,0.026429
405606.000000,-0.110000,-0.010000,0.000000,-0.000002,-0.000000,0.000000,0.017406,-0.014735,0.012897,0.026200
405623.000000,-0.100000,-0.010000,-0.030000,-0.000001,-0.000000,0.000000,0.016937,-0.014345,0.012408,0.025428
405637.000000,-0.130000,0.000000,0.040000,-0.000001,-0.000000,0.000000,0.016830,-0.014313,0.012584,0.025425
405653.000000,-0.110000,0.040000,-0.010000,-0.000000,-0.000000,0.000000,0.016558,-0.013911,0.012332,0.024895
405667.000000,-0.090000,0.000000,-0.040000,-0.000000,-0.000000,0.000000,0.016553,-0.013884,0.012111,0.024768
405683.000000,-0.100000,-0.030000,0.000000,-0.000000,-0.000000,0.000000,0.016164,-0.013709,0.011864,0.024289
405697.000000,-0.120000,-0.030000,0.020000,-0.000000,-0.000000,0.000000,0.015948,-0.013689,0.011884,0.024144
405713.000000,-0.110000,0.000000,0.020000,-0.000000,-0.000000,0.000000,0.015514,-0.013275,0.011659,0.023513
405727.000000,-0.110000,0.030000,-0.010000,-0.000000,-0.000000,0.000000,0.015365,-0.012996,0.011483,0.023170
405743.000000,-0.100000,0.020000,0.010000,-0.000000,-0.000000,0.000000,0.014997,-0.012593,0.011203,0.022561
405755.000000,-0.090000,-0.010000,0.000000,-0.000000,-0.000000,0.000000,0.015091,-0.012711,0.011220,0.022697
405772.000000,-0.110000,0.010000,-0.010000,-0.000000,-0.000000,0.000000,0.014515,-0.012258,0.010773,0.021841
405786.000000,-0.110000,0.020000,0.000000,-0.000000,-0.000000,0.000000,0.014256,-0.012021,0.010616,0.021458
405803.000000,-0.110000,0.010000,0.000000,-0.000000,-0.000000,0.000000,0.013680,-0.011559,0.010216,0.020618
405817.000000,-0.100000,0.000000,-0.010000,-0.000000,-0.000000,0.000000,0.013637,-0.011548,0.010137,0.020544
405833.000000,-0.110000,-0.020000,-0.020000,-0.000000,-0.000000,0.000000,0.013371,-0.011448,0.009897,0.020194
405847.000000,-0.120000,0.020000,0.000000,-0.000000,-0.000000,0.000000,0.013242,-0.011300,0.009883,0.020018
405863.000000,-0.080000,0.010000,-0.010000,-0.000000,-0.000000,0.000000,0.013031,-0.010993,0.009639,0.019584
405877.000000,-0.090000,0.010000,-0.030000,-0.000000,-0.000000,0.000000,0.012958,-0.010889,0.009478,0.019399
405893.000000,-0.130000,0.010000,0.010000,-0.000000,-0.000000,0.000000,0.012487,-0.010606,0.009332,0.018855
405907.000000,-0.110000,0.000000,0.010000,-0.000000,-0.000000,0.000000,0.012356,-0.010548,0.009319,0.018729
405923.000000,-0.100000,0.000000,-0.010000,-0.000000,-0.000000,0.000000,0.012073,-0.010302,0.009043,0.018266
405937.000000,-0.120000,0.020000,-0.010000,-0.000000,-0.000000,0.000000,0.011915,-0.010148,0.008932,0.018021
405953.000000,-0.090000,-0.010000,0.000000,-0.000000,-0.000000,0.000000,0.011681,-0.009955,0.008723,0.017653
405966.000000,-0.110000,-0.030000,0.000000,-0.000000,-0.000000,0.000000,0.011643,-0.010063,0.008728,0.017692
405981.000000,-0.130000,0.020000,0.000000,-0.000000,-0.000000,0.000000,0.011431,-0.009860,0.008656,0.017401
405995.000000,-0.140000,0.040000,-0.010000,-0.000000,-0.000000,0.000000,0.011155,-0.009551,0.008492,0.016964
406009.000000,-0.100000,0.010000,-0.030000,-0.000000,-0.000000,0.000000,0.011126,-0.009465,0.008305,0.016803
406023.000000,-0.090000,-0.010000,-0.030000,-0.000000,-0.000000,0.000000,0.011079,-0.009436,0.008128,0.016669
406038.000000,-0.110000,0.000000,0.030000,-0.000000,-0.000000,0.000000,0.010762,-0.009208,0.008099,0.016316
406053.000000,-0.090000,-0.010000,0.020000,-0.000000,-0.000000,0.000000,0.010509,-0.008994,0.007968,0.015963
406068.000000,-0.080000,0.010000,0.000000,-0.000000,-0.000000,0.000000,0.010347,-0.008746,0.007761,0.015614
406083.000000,-0.110000,0.010000,0.000000,-0.000000,-0.000000,0.000000,0.010077,-0.008542,0.007581,0.015231
406098.000000,-0.100000,0.000000,0.010000,-0.000000,-0.000000,0.000000,0.009877,-0.008406,0.007465,0.014965
406113.000000,-0.140000,0.000000,0.010000,-0.000000,-0.000000,0.000000,0.009549,-0.008275,0.007351,0.014618
406128.000000,-0.130000,0.010000,0.010000,-0.000000,-0.000000,0.000000,0.009319,-0.008103,0.007233,0.014311
406143.000000,-0.100000,0.040000,0.000000,-0.000000,-0.000000,0.000000,0.009243,-0.007830,0.007075,0.014028
406157.000000,-0.080000,0.000000,0.000000,-0.000000,-0.000000,0.000000,0.009319,-0.007843,0.007007,0.014052
406173.000000,-0.100000,-0.010000,0.000000,-0.000000,-0.000000,0.000000,0.009042,-0.007701,0.006781,0.013677
406188.000000,-0.110000,0.000000,0.020000,-0.000000,-0.000000,0.000000,0.008799,-0.007552,0.006704,0.013394
406203.000000,-0.100000,0.010000,0.010000,-0.000000,-0.000000,0.000000,0.008683,-0.007414,0.006624,0.013200
406271.000000,-0.110000,0.010000,0.000000,-0.000000,-0.000000,0.000000,0.008520,-0.007275,0.006485,0.012945
406483.000000,-0.140000,0.050000,0.010000,-0.000000,-0.000000,0.000000,0.008457,-0.007175,0.006542,0.012877
406577.000000,-0.090000,0.000000,0.010000,-0.000000,-0.000000,0.000000,0.008583,-0.007276,0.006579,0.013034
406647.000000,-0.100000,-0.020000,0.000000,-0.000000,-0.000000,0.000000,0.008438,-0.007261,0.006405,0.012843
406906.000000,-0.130000,0.000000,-0.010000,-0.000000,-0.000000,0.000000,0.008300,-0.007235,0.006311,0.012691
406936.000000,-0.110000,0.040000,-0.030000,-0.000000,-0.000000,0.000000,0.005833,-0.004944,0.004331,0.008788
406951.000000,-0.140000,0.020000,0.020000,-0.000000,-0.000000,0.000000,0.006398,-0.005494,0.004946,0.009777
407282.000000,-0.090000,0.000000,0.000000,-0.000000,-0.000000,0.000000,0.007163,-0.006124,0.005458,0.010891
407295.000000,-0.090000,0.010000,0.000000,-0.000000,-0.000000,0.000000,0.007679,-0.006503,0.005778,0.011604
407309.000000,-0.130000,-0.010000,0.010000,-0.000000,-0.000000,0.000000,0.007572,-0.006576,0.005808,0.011589
407323.000000,-0.140000,-0.030000,0.020000,-0.000000,-0.000000,0.000000,0.007306,-0.006571,0.005753,0.011386
407340.000000,-0.100000,0.040000,-0.030000,-0.000000,-0.000000,0.000000,0.006944,-0.005983,0.005252,0.010564
407355.000000,-0.070000,0.060000,-0.080000,-0.000000,-0.000000,0.000000,0.006950,-0.005633,0.004839,0.010171
407383.000000,-0.140000,0.010000,0.000000,-0.000000,-0.000000,0.000000,0.005171,-0.004370,0.003813,0.007771
407398.000000,-0.140000,0.030000,0.010000,-0.000000,-0.000000,0.000000,0.005609,-0.004805,0.004331,0.008562
407413.000000,-0.120000,0.030000,0.000000,-0.000000,-0.000000,0.000000,0.006071,-0.005166,0.004705,0.009256
407430.000000,-0.110000,0.000000,0.000000,-0.000000,-0.000000,0.000000,0.006094,-0.005239,0.004685,0.009303
407444.000000,-0.130000,0.010000,0.020000,-0.000000,-0.000000,0.000000,0.006118,-0.005321,0.004808,0.009427
407458.000000,-0.140000,0.010000,0.010000,-0.000000,-0.000000,0.000000,0.006128,-0.005399,0.004883,0.009515
407473.000000,-0.120000,0.040000,-0.010000,-0.000000,-0.000000,0.000000,0.006069,-0.005209,0.004736,0.009295
407490.000000,-0.110000,0.010000,-0.020000,-0.000000,-0.000000,0.000000,0.005823,-0.004979,0.004402,0.008836
407504.000000,-0.130000,0.010000,0.020000,-0.000000,-0.000000,0.000000,0.005754,-0.004986,0.004476,0.008832
407521.000000,-0.130000,0.000000,-0.030000,-0.000000,-0.000000,0.000000,0.005532,-0.004881,0.004217,0.008498
407537.000000,-0.120000,0.040000,0.000000,-0.000000,-0.000000,0.000000,0.005417,-0.004644,0.004144,0.008252
407553.000000,-0.120000,0.020000,0.000000,-0.000000,-0.000000,0.000000,0.005349,-0.004565,0.004110,0.008145
407570.000000,-0.110000,0.010000,0.000000,-0.000000,-0.000000,0.000000,0.005230,-0.004470,0.004000,0.007958
407584.000000,-0.140000,0.040000,0.040000,-0.000000,-0.000000,0.000000,0.005188,-0.004424,0.004184,0.007999
407601.000000,-0.130000,0.040000,0.000000,-0.000000,-0.000000,0.000000,0.005023,-0.004244,0.004024,0.007710
407615.000000,-0.090000,0.010000,0.000000,-0.000000,-0.000000,0.000000,0.005159,-0.004322,0.003976,0.007817
407633.000000,-0.140000,0.020000,0.000000,-0.000000,-0.000000,0.000000,0.004821,-0.004140,0.003758,0.007383
407650.000000,-0.110000,0.010000,0.000000,-0.000000,-0.000000,0.000000,0.004706,-0.004049,0.003625,0.007189
407664.000000,-0.110000,0.000000,-0.030000,-0.000000,-0.000000,0.000000,0.004813,-0.004173,0.003568,0.007301
407681.000000,-0.110000,0.010000,0.030000,-0.000000,-0.000000,0.000000,0.004722,-0.004077,0.003638,0.007221
407695.000000,-0.130000,0.020000,-0.010000,-0.000000,-0.000000,0.000000,0.004660,-0.004036,0.003597,0.007138
407709.000000,-0.120000,0.040000,0.000000,-0.000000,-0.000000,0.000000,0.004691,-0.003968,0.003622,0.007132
407723.000000,-0.110000,0.030000,-0.020000,-0.000000,-0.000000,0.000000,0.004706,-0.003921,0.003531,0.007070
407742.000000,-0.100000,-0.010000,-0.020000,-0.000000,-0.000000,0.000000,0.004359,-0.003722,0.003171,0.006551
407756.000000,-0.120000,-0.020000,0.020000,-0.000000,-0.000000,0.000000,0.004316,-0.003841,0.003289,0.006648
407772.000000,-0.130000,0.050000,0.010000,-0.000000,-0.000000,0.000000,0.004224,-0.003629,0.003326,0.006486
407786.000000,-0.110000,0.040000,-0.020000,-0.000000,-0.000000,0.000000,0.004257,-0.003533,0.003235,0.006409
407802.000000,-0.090000,0.010000,0.000000,-0.000000,-0.000000,0.000000,0.004269,-0.003521,0.003170,0.006378
407816.000000,-0.130000,-0.010000,0.010000,-0.000000,-0.000000,0.000000,0.004152,-0.003619,0.003197,0.006369
407832.000000,-0.140000,0.030000,0.030000,-0.000000,-0.000000,0.000000,0.003939,-0.003457,0.003227,0.006155
407846.000000,-0.110000,0.040000,-0.010000,-0.000000,-0.000000,0.000000,0.003956,-0.003331,0.003116,0.006038
407862.000000,-0.100000,0.030000,-0.020000,-0.000000,-0.000000,0.000000,0.003939,-0.003224,0.002928,0.005873
407876.000000,-0.090000,0.030000,-0.060000,-0.000000,-0.000000,0.000000,0.003988,-0.003193,0.002697,0.005777
407892.000000,-0.100000,0.000000,0.010000,-0.000000,-0.000000,0.000000,0.003897,-0.003224,0.002761,0.005763
407906.000000,-0.110000,0.020000,0.000000,-0.000000,-0.000000,0.000000,0.003823,-0.003194,0.002806,0.005718
407922.000000,-0.120000,0.030000,-0.010000,-0.000000,-0.000000,0.000000,0.003658,-0.003061,0.002731,0.005496
407936.000000,-0.120000,0.040000,0.000000,-0.000000,-0.000000,0.000000,0.003589,-0.002965,0.002734,0.005398
407952.000000,-0.120000,-0.010000,0.010000,-0.000000,-0.000000,0.000000,0.003477,-0.003036,0.002720,0.005357
407966.000000,-0.110000,0.000000,0.020000,-0.000000,-0.000000,0.000000,0.003474,-0.003071,0.002765,0.005399
407982.000000,-0.150000,0.040000,-0.010000,-0.058558,-0.000000,0.000000,0.003255,-0.002869,0.002623,0.005070
407996.000000,-0.130000,0.050000,0.020000,-0.035698,-0.000000,0.000000,0.003215,-0.002723,0.002657,0.004981
408012.000000,-0.100000,0.000000,0.000000,-0.021762,-0.000000,0.000000,0.003252,-0.002771,0.002560,0.004981
408026.000000,-0.110000,0.000000,-0.020000,-0.013266,-0.000000,0.000000,0.003262,-0.002834,0.002440,0.004963
408043.000000,-0.130000,0.010000,0.020000,-0.008087,-0.000000,0.000000,0.003067,-0.002729,0.002427,0.004769
408057.000000,-0.130000,0.030000,0.000000,-0.004930,-0.000000,0.000000,0.003007,-0.002636,0.002403,0.004666
408072.000000,-0.130000,0.050000,0.000000,-0.003005,-0.000000,0.000000,0.002970,-0.002495,0.002376,0.004549
408086.000000,-0.110000,0.030000,0.000000,-0.001832,-0.000000,0.000000,0.003014,-0.002477,0.002352,0.004555
408102.000000,-0.100000,-0.010000,0.000000,-0.001117,-0.000000,0.000000,0.003004,-0.002564,0.002274,0.004557
408116.000000,-0.140000,0.020000,0.010000,-0.000681,-0.000000,0.000000,0.002869,-0.002528,0.002282,0.004453
408132.000000,-0.140000,0.040000,0.020000,-0.000415,-0.000000,0.000000,0.002712,-0.002363,0.002284,0.004261
408146.000000,-0.110000,0.040000,0.010000,-0.000253,-0.000000,0.000000,0.002759,-0.002281,0.002261,0.004234
408162.000000,-0.100000,0.000000,-0.010000,-0.000154,-0.000000,0.000000,0.002784,-0.002341,0.002119,0.004210
408176.000000,-0.110000,0.000000,0.030000,-0.000094,-0.000000,0.000000,0.002774,-0.002402,0.002195,0.004276
408192.000000,-0.150000,0.020000,-0.010000,-0.058616,-0.000000,0.000000,0.002552,-0.002309,0.002062,0.004012
408206.000000,-0.120000,0.030000,-0.010000,-0.035733,-0.000000,0.000000,0.002543,-0.002224,0.001985,0.003918
408222.000000,-0.120000,0.020000,0.020000,-0.021783,-0.000000,0.000000,0.002503,-0.002162,0.002015,0.003873
408234.000000,-0.120000,0.030000,0.000000,-0.013279,-0.000000,0.000000,0.002525,-0.002138,0.002006,0.003869
408249.000000,-0.130000,0.000000,0.000000,-0.008095,-0.000000,0.000000,0.002484,-0.002220,0.001977,0.003874
408263.000000,-0.110000,0.030000,0.000000,-0.004935,-0.000000,0.000000,0.002488,-0.002128,0.001927,0.003799
408280.000000,-0.120000,0.030000,0.020000,-0.003008,-0.000000,0.000000,0.002356,-0.001970,0.001894,0.003608
408294.000000,-0.130000,0.000000,0.010000,-0.001834,-0.000000,0.000000,0.002289,-0.002035,0.001880,0.003594
408308.000000,-0.100000,0.000000,0.020000,-0.001118,-0.000000,0.000000,0.002381,-0.002109,0.001924,0.003717
408322.000000,-0.130000,0.020000,0.030000,-0.000682,-0.000000,0.000000,0.002315,-0.002055,0.001972,0.003670
408336.000000,-0.130000,0.030000,0.000000,-0.000415,-0.000000,0.000000,0.002242,-0.001957,0.001873,0.003516
408352.000000,-0.110000,0.030000,-0.030000,-0.000253,-0.000000,0.000000,0.002202,-0.001831,0.001623,0.003292
408366.000000,-0.110000,0.000000,-0.010000,-0.000154,-0.000000,0.000000,0.002204,-0.001892,0.001570,0.003302
408382.000000,-0.120000,0.000000,0.030000,-0.000094,-0.000000,0.000000,0.002124,-0.001905,0.001676,0.003310
408396.000000,-0.130000,0.000000,0.040000,-0.000057,-0.000000,0.000000,0.002052,-0.001919,0.001794,0.003333
408412.000000,-0.130000,0.030000,0.000000,-0.000035,-0.000000,0.000000,0.001964,-0.001771,0.001674,0.003130
408425.000000,-0.130000,0.050000,-0.020000,-0.000021,-0.000000,0.000000,0.001947,-0.001633,0.001541,0.002972
408442.000000,-0.130000,0.010000,0.020000,-0.000013,-0.000000,0.000000,0.001863,-0.001633,0.001544,0.002919
408456.000000,-0.110000,0.010000,-0.020000,-0.000008,-0.000000,0.000000,0.001913,-0.001669,0.001436,0.002917
408472.000000,-0.160000,0.010000,0.000000,-0.062467,-0.000000,0.000000,0.001733,-0.001667,0.001411,0.002788
408486.000000,-0.120000,0.060000,0.050000,-0.038081,-0.000000,0.000000,0.001774,-0.001487,0.001599,0.002813
408502.000000,-0.110000,0.020000,-0.030000,-0.023214,-0.000000,0.000000,0.001818,-0.001480,0.001393,0.002727
408516.000000,-0.140000,0.040000,0.040000,-0.014152,-0.000000,0.000000,0.001743,-0.001432,0.001511,0.002715
408532.000000,-0.140000,0.050000,-0.030000,-0.008627,-0.000000,0.000000,0.001647,-0.001330,0.001316,0.002493
408546.000000,-0.120000,0.010000,-0.040000,-0.005259,-0.000000,0.000000,0.001681,-0.001428,0.001155,0.002489
408562.000000,-0.130000,-0.010000,-0.010000,-0.003206,-0.000000,0.000000,0.001639,-0.001551,0.001151,0.002533
408577.000000,-0.150000,-0.020000,-0.010000,-0.060513,-0.000000,0.000000,0.001528,-0.001646,0.001163,0.002529
408590.000000,-0.120000,0.020000,0.000000,-0.036889,-0.000000,0.000000,0.001595,-0.001577,0.001224,0.002555
408604.000000,-0.110000,0.020000,-0.010000,-0.022488,-0.000000,0.000000,0.001682,-0.001507,0.001223,0.002569
408621.000000,-0.120000,0.020000,0.000000,-0.013709,-0.000000,0.000000,0.001601,-0.001381,0.001183,0.002423
408635.000000,-0.130000,0.000000,-0.010000,-0.008357,-0.000000,0.000000,0.001543,-0.001419,0.001150,0.002391
408652.000000,-0.120000,-0.010000,-0.030000,-0.005095,-0.000000,0.000000,0.001497,-0.001449,0.001016,0.002318
408667.000000,-0.150000,0.020000,-0.010000,-0.061664,-0.000000,0.000000,0.001377,-0.001363,0.001022,0.002190
408682.000000,-0.120000,0.060000,0.010000,-0.037591,-0.000000,0.000000,0.001415,-0.001155,0.001113,0.002139
408697.000000,-0.150000,0.080000,0.000000,-0.081474,-0.000000,0.000000,0.001327,-0.000942,0.001125,0.001978
408712.000000,-0.080000,0.000000,-0.010000,-0.049668,-0.000000,0.000000,0.001516,-0.001116,0.001076,0.002169
408727.000000,-0.090000,0.010000,-0.080000,-0.030278,-0.000000,0.000000,0.001600,-0.001207,0.000773,0.002148
408741.000000,-0.020000,-0.040000,0.030000,-0.018458,-0.000000,0.000000,0.001897,-0.001434,0.000991,0.002576
408755.000000,-0.140000,0.020000,0.010000,-0.011252,-0.000000,0.000000,0.001639,-0.001353,0.001094,0.002390
408772.000000,-0.110000,0.070000,0.010000,-0.006859,-0.000000,0.000000,0.001458,-0.001012,0.001087,0.002081
408787.000000,-0.140000,0.030000,0.030000,-0.004182,-0.000000,0.000000,0.001286,-0.000980,0.001156,0.001988
408802.000000,-0.110000,0.000000,0.030000,-0.002549,-0.000000,0.000000,0.001304,-0.001104,0.001204,0.002090
408817.000000,-0.130000,0.020000,0.000000,-0.001554,-0.000000,0.000000,0.001246,-0.001103,0.001104,0.001998
408832.000000,-0.090000,0.000000,0.000000,-0.000947,-0.000000,0.000000,0.001347,-0.001156,0.001025,0.002049
408847.000000,-0.140000,0.020000,0.030000,-0.000578,-0.000000,0.000000,0.001221,-0.001106,0.001088,0.001975
408863.000000,-0.110000,0.040000,-0.050000,-0.000352,-0.000000,0.000000,0.001215,-0.000970,0.000814,0.001755
408881.000000,-0.100000,0.010000,0.020000,-0.000215,-0.000000,0.000000,0.001213,-0.000963,0.000866,0.001775
408895.000000,-0.120000,0.030000,-0.040000,-0.000131,-0.000000,0.000000,0.001188,-0.000938,0.000739,0.001684
408911.000000,-0.130000,0.020000,0.060000,-0.000080,-0.000000,0.000000,0.001113,-0.000942,0.001010,0.001774
408925.000000,-0.110000,0.000000,-0.020000,-0.000049,-0.000000,0.000000,0.001147,-0.001025,0.000902,0.001783
408942.000000,-0.110000,0.010000,0.000000,-0.000030,-0.000000,0.000000,0.001135,-0.001006,0.000841,0.001734
408956.000000,-0.110000,0.020000,0.040000,-0.000018,-0.000000,0.000000,0.001145,-0.000967,0.000978,0.001789
408974.000000,0.210000,-0.140000,-0.030000,0.081971,-0.000000,0.000000,0.002316,-0.001503,0.000765,0.002865
408992.000000,-0.170000,0.030000,0.020000,-0.016396,-0.000000,0.000000,0.001527,-0.001154,0.000799,0.002074
409006.000000,-0.130000,-0.010000,-0.010000,-0.009995,-0.000000,0.000000,0.001191,-0.001105,0.000763,0.001794
409022.000000,-0.120000,0.000000,0.010000,-0.006093,-0.000000,0.000000,0.001038,-0.001042,0.000796,0.001673
409036.000000,-0.150000,0.030000,0.030000,-0.062273,-0.000000,0.000000,0.000876,-0.000904,0.000896,0.001545
409052.000000,-0.130000,0.030000,-0.010000,-0.037962,-0.000000,0.000000,0.000834,-0.000793,0.000791,0.001397
409067.000000,-0.100000,0.000000,-0.010000,-0.023142,-0.000000,0.000000,0.000935,-0.000849,0.000711,0.001449
409082.000000,-0.120000,0.000000,0.010000,-0.014108,-0.000000,0.000000,0.000928,-0.000894,0.000743,0.001487
409096.000000,-0.130000,0.000000,0.030000,-0.008600,-0.000000,0.000000,0.000878,-0.000919,0.000846,0.001527
409112.000000,-0.110000,0.020000,0.000000,-0.005243,-0.000000,0.000000,0.000895,-0.000830,0.000777,0.001447
409128.000000,-0.100000,0.000000,-0.060000,-0.003196,-0.000000,0.000000,0.000935,-0.000833,0.000486,0.001343
409141.000000,-0.120000,0.010000,0.000000,-0.001948,-0.000000,0.000000,0.000908,-0.000828,0.000544,0.001344
409155.000000,-0.130000,0.010000,0.000000,-0.001188,-0.000000,0.000000,0.000846,-0.000823,0.000615,0.001331
409172.000000,-0.120000,0.010000,0.000000,-0.000724,-0.000000,0.000000,0.000795,-0.000772,0.000621,0.001271
409188.000000,-0.120000,0.040000,0.000000,-0.000441,-0.000000,0.000000,0.000773,-0.000631,0.000617,0.001173
409202.000000,-0.110000,0.000000,0.000000,-0.000269,-0.000000,0.000000,0.000815,-0.000708,0.000626,0.001248
409217.000000,-0.100000,0.000000,0.020000,-0.000164,-0.000000,0.000000,0.000875,-0.000767,0.000701,0.001358
409242.000000,-0.120000,0.010000,0.000000,-0.000100,-0.000000,0.000000,0.000672,-0.000616,0.000543,0.001061
409254.000000,-0.120000,0.020000,-0.010000,-0.000061,-0.000000,0.000000,0.000691,-0.000614,0.000525,0.001063
409270.000000,-0.120000,0.000000,-0.010000,-0.000037,-0.000000,0.000000,0.000717,-0.000696,0.000519,0.001126
409282.000000,-0.130000,0.000000,0.010000,-0.000023,-0.000000,0.000000,0.000692,-0.000743,0.000585,0.001172
409298.000000,-0.130000,0.010000,0.010000,-0.000014,-0.000000,0.000000,0.000655,-0.000716,0.000624,0.001154
409312.000000,-0.120000,0.020000,0.000000,-0.000008,-0.000000,0.000000,0.000667,-0.000652,0.000599,0.001109
409326.000000,-0.110000,0.020000,-0.030000,-0.000005,-0.000000,0.000000,0.000720,-0.000615,0.000470,0.001057
409342.000000,-0.110000,0.000000,0.000000,-0.000003,-0.000000,0.000000,0.000730,-0.000651,0.000480,0.001089
409356.000000,-0.130000,0.010000,0.030000,-0.000002,-0.000000,0.000000,0.000663,-0.000645,0.000615,0.001111
409371.000000,-0.130000,0.020000,-0.020000,-0.000001,-0.000000,0.000000,0.000610,-0.000595,0.000514,0.000995
409385.000000,-0.090000,0.020000,-0.010000,-0.000001,-0.000000,0.000000,0.000729,-0.000562,0.000469,0.001033
409402.000000,-0.120000,0.000000,0.000000,-0.000000,-0.000000,0.000000,0.000673,-0.000596,0.000467,0.001013
409418.000000,-0.140000,0.030000,0.020000,-0.000000,-0.000000,0.000000,0.000550,-0.000507,0.000544,0.000925
409432.000000,-0.120000,0.040000,0.020000,-0.000000,-0.000000,0.000000,0.000563,-0.000423,0.000602,0.000926
409448.000000,-0.100000,-0.020000,0.000000,-0.000000,-0.000000,0.000000,0.000646,-0.000589,0.000545,0.001030
409462.000000,-0.130000,-0.010000,0.000000,-0.000000,-0.000000,0.000000,0.000590,-0.000667,0.000506,0.001024
409478.000000,-0.150000,0.020000,0.010000,-0.058558,-0.000000,0.000000,0.000453,-0.000576,0.000512,0.000894
409490.000000,-0.130000,0.030000,0.000000,-0.035698,-0.000000,0.000000,0.000457,-0.000490,0.000493,0.000832
409502.000000,-0.110000,0.010000,-0.010000,-0.021762,-0.000000,0.000000,0.000554,-0.000517,0.000453,0.000883
409519.000000,-0.100000,0.010000,-0.040000,-0.013266,-0.000000,0.000000,0.000628,-0.000511,0.000273,0.000854
409533.000000,-0.120000,-0.010000,-0.030000,-0.008087,-0.000000,0.000000,0.000591,-0.000583,0.000215,0.000858
409549.000000,-0.120000,0.010000,0.030000,-0.004930,-0.000000,0.000000,0.000550,-0.000549,0.000417,0.000881
409563.000000,-0.110000,0.020000,0.000000,-0.003005,-0.000000,0.000000,0.000568,-0.000486,0.000439,0.000867
409580.000000,-0.100000,0.020000,-0.010000,-0.001832,-0.000000,0.000000,0.000602,-0.000428,0.000379,0.000830
409592.000000,-0.110000,0.000000,0.000000,-0.001117,-0.000000,0.000000,0.000601,-0.000483,0.000388,0.000863
409604.000000,-0.140000,-0.010000,0.000000,-0.000681,-0.000000,0.000000,0.000503,-0.000577,0.000410,0.000869
409621.000000,-0.140000,0.020000,0.000000,-0.000415,-0.000000,0.000000,0.000388,-0.000484,0.000396,0.000736
409635.000000,-0.110000,0.010000,-0.020000,-0.000253,-0.000000,0.000000,0.000449,-0.000460,0.000316,0.000716
409651.000000,-0.100000,0.000000,-0.010000,-0.000154,-0.000000,0.000000,0.000533,-0.000484,0.000295,0.000778
409665.000000,-0.130000,0.000000,0.000000,-0.000094,-0.000000,0.000000,0.000471,-0.000504,0.000329,0.000764
409682.000000,-0.140000,0.010000,0.020000,-0.000057,-0.000000,0.000000,0.000363,-0.000458,0.000419,0.000719
409700.000000,-0.120000,-0.010000,-0.010000,-0.000035,-0.000000,0.000000,0.000369,-0.000488,0.000343,0.000701
409712.000000,-0.110000,0.010000,0.000000,-0.000021,-0.000000,0.000000,0.000433,-0.000464,0.000345,0.000722
409729.000000,-0.120000,0.010000,0.010000,-0.000013,-0.000000,0.000000,0.000432,-0.000426,0.000382,0.000717
409743.000000,-0.150000,0.010000,0.020000,-0.058566,-0.000000,0.000000,0.000316,-0.000409,0.000440,0.000679
409756.000000,-0.110000,0.010000,0.020000,-0.035703,-0.000000,0.000000,0.000388,-0.000408,0.000483,0.000742
409771.000000,-0.120000,0.010000,0.000000,-0.021765,-0.000000,0.000000,0.000407,-0.000398,0.000420,0.000708
409785.000000,-0.140000,0.000000,0.000000,-0.013268,-0.000000,0.000000,0.000334,-0.000426,0.000371,0.000656
409802.000000,-0.120000,-0.010000,0.000000,-0.008088,-0.000000,0.000000,0.000343,-0.000467,0.000329,0.000667
409819.000000,-0.120000,0.030000,0.000000,-0.004931,-0.000000,0.000000,0.000352,-0.000331,0.000304,0.000571
409833.000000,-0.120000,0.010000,0.010000,-0.003006,-0.000000,0.000000,0.000366,-0.000330,0.000339,0.000598
409851.000000,-0.110000,-0.020000,0.000000,-0.001832,-0.000000,0.000000,0.000395,-0.000440,0.000310,0.000667
409866.000000,-0.130000,0.000000,0.010000,-0.001117,-0.000000,0.000000,0.000344,-0.000437,0.000333,0.000649
409892.000000,-0.120000,0.020000,0.010000,-0.000681,-0.000000,0.000000,0.000281,-0.000274,0.000287,0.000486
409904.000000,-0.120000,0.010000,-0.010000,-0.000415,-0.000000,0.000000,0.000309,-0.000288,0.000251,0.000492
409919.000000,-0.120000,0.010000,-0.010000,-0.000253,-0.000000,0.000000,0.000339,-0.000313,0.000226,0.000514
409931.000000,-0.130000,0.000000,0.000000,-0.000154,-0.000000,0.000000,0.000315,-0.000358,0.000247,0.000537
409945.000000,-0.110000,0.000000,0.000000,-0.000094,-0.000000,0.000000,0.000368,-0.000390,0.000265,0.000598
409959.000000,-0.120000,0.020000,-0.020000,-0.000057,-0.000000,0.000000,0.000362,-0.000321,0.000194,0.000521
409973.000000,-0.130000,0.020000,0.000000,-0.000035,-0.000000,0.000000,0.000312,-0.000270,0.000218,0.000467
409990.000000,-0.140000,0.000000,0.010000,-0.000021,-0.000000,0.000000,0.000225,-0.000306,0.000270,0.000466
410004.000000,-0.130000,-0.010000,0.020000,-0.000013,-0.000000,0.000000,0.000222,-0.000375,0.000340,0.000552
410021.000000,-0.110000,-0.010000,-0.020000,-0.000008,-0.000000,0.000000,0.000296,-0.000408,0.000220,0.000550
410035.000000,-0.120000,0.000000,0.000000,-0.000005,-0.000000,0.000000,0.000309,-0.000389,0.000219,0.000543
410051.000000,-0.130000,0.030000,0.000000,-0.000003,-0.000000,0.000000,0.000267,-0.000253,0.000225,0.000431
410065.000000,-0.120000,0.020000,0.010000,-0.000002,-0.000000,0.000000,0.000278,-0.000209,0.000267,0.000438
410081.000000,-0.130000,0.000000,-0.010000,-0.000001,-0.000000,0.000000,0.000245,-0.000264,0.000214,0.000419
410097.000000,-0.110000,0.000000,-0.020000,-0.000001,-0.000000,0.000000,0.000295,-0.000298,0.000135,0.000441
410112.000000,-0.120000,0.020000,0.000000,-0.000000,-0.000000,0.000000,0.000294,-0.000242,0.000166,0.000415
410129.000000,-0.120000,0.020000,0.000000,-0.000000,-0.000000,0.000000,0.000278,-0.000194,0.000190,0.000389
410141.000000,-0.110000,0.030000,0.000000,-0.000000,-0.000000,0.000000,0.000313,-0.000144,0.000206,0.000401
410153.000000,-0.140000,0.020000,0.000000,-0.000000,-0.000000,0.000000,0.000240,-0.000150,0.000220,0.000359
410170.000000,-0.110000,0.000000,0.020000,-0.000000,-0.000000,0.000000,0.000275,-0.000228,0.000290,0.000460
410184.000000,-0.120000,0.010000,0.000000,-0.000000,-0.000000,0.000000,0.000272,-0.000238,0.000259,0.000444
410203.000000,-0.130000,0.020000,0.010000,-0.000000,-0.000000,0.000000,0.000210,-0.000184,0.000251,0.000375
410217.000000,-0.110000,0.020000,0.000000,-0.000000,-0.000000,0.000000,0.000259,-0.000162,0.000226,0.000380
410242.000000,-0.180000,0.010000,0.000000,-0.070270,-0.000000,0.000000,-0.000005,-0.000160,0.000170,0.000233
410254.000000,-0.150000,0.000000,0.020000,-0.101396,-0.000000,0.000000,-0.000043,-0.000218,0.000242,0.000328
410269.000000,-0.110000,0.000000,0.000000,-0.061812,-0.000000,0.000000,0.000363,-0.000269,0.000231,0.000507
410283.000000,-0.120000,0.000000,0.020000,-0.037681,-0.000000,0.000000,0.000770,-0.000288,0.000283,0.000869
410302.000000,-0.130000,0.020000,0.000000,-0.022971,-0.000000,0.000000,0.001201,-0.000198,0.000222,0.001238
410320.000000,-0.110000,0.000000,0.000000,-0.014003,-0.000000,0.000000,0.001828,-0.000220,0.000183,0.001850
410334.000000,-0.140000,0.010000,-0.010000,-0.008537,-0.000000,0.000000,0.000154,-0.000214,0.000138,0.000298
410351.000000,-0.120000,0.010000,0.030000,-0.005204,-0.000000,0.000000,0.000166,-0.000201,0.000257,0.000366
410365.000000,-0.120000,0.010000,0.020000,-0.003172,-0.000000,0.000000,0.000198,-0.000196,0.000299,0.000408
410381.000000,-0.130000,0.030000,-0.010000,-0.001934,-0.000000,0.000000,0.000175,-0.000115,0.000197,0.000288
410395.000000,-0.120000,0.030000,0.000000,-0.001179,-0.000000,0.000000,0.000195,-0.000067,0.000169,0.000266
410409.000000,-0.140000,0.040000,0.000000,-0.000719,-0.000000,0.000000,0.000137,-0.000005,0.000159,0.000210
410423.000000,-0.170000,0.050000,0.000000,-0.066804,-0.000000,0.000000,-0.000046,0.000069,0.000155,0.000176
410440.000000,-0.100000,0.010000,0.020000,-0.040725,-0.000000,0.000000,0.000438,-0.000043,0.000221,0.000493
410454.000000,-0.090000,-0.030000,-0.020000,-0.024826,-0.000000,0.000000,0.001110,-0.000262,0.000119,0.001147
410468.000000,-0.110000,0.000000,-0.010000,-0.015134,-0.000000,0.000000,0.001667,-0.000292,0.000081,0.001695
410482.000000,-0.130000,0.000000,-0.010000,-0.009226,-0.000000,0.000000,0.001995,-0.000285,0.000066,0.002016
410500.000000,-0.130000,0.030000,0.010000,-0.005624,-0.000000,0.000000,0.000245,-0.000143,0.000132,0.000312
410514.000000,-0.130000,0.000000,0.000000,-0.003429,-0.000000,0.000000,0.000154,-0.000178,0.000138,0.000273
410531.000000,-0.120000,0.020000,0.000000,-0.002090,-0.000000,0.000000,0.000161,-0.000135,0.000132,0.000249
410545.000000,-0.130000,0.030000,-0.010000,-0.001274,-0.000000,0.000000,0.000140,-0.000072,0.000094,0.000183
410561.000000,-0.140000,0.010000,0.000000,-0.000777,-0.000000,0.000000,0.000084,-0.000106,0.000104,0.000170
410575.000000,-0.120000,0.000000,0.010000,-0.000474,-0.000000,0.000000,0.000125,-0.000171,0.000151,0.000260
410591.000000,-0.140000,-0.010000,-0.010000,-0.000289,-0.000000,0.000000,0.000081,-0.000247,0.000104,0.000280
410605.000000,-0.110000,0.020000,0.000000,-0.000176,-0.000000,0.000000,0.000160,-0.000178,0.000107,0.000262
410621.000000,-0.130000,0.020000,0.000000,-0.000107,-0.000000,0.000000,0.000140,-0.000118,0.000112,0.000214
410635.000000,-0.120000,0.000000,0.010000,-0.000065,-0.000000,0.000000,0.000156,-0.000163,0.000152,0.000272
410651.000000,-0.130000,0.010000,0.020000,-0.000040,-0.000000,0.000000,0.000128,-0.000159,0.000214,0.000296
410665.000000,-0.140000,0.020000,-0.010000,-0.000024,-0.000000,0.000000,0.000074,-0.000116,0.000138,0.000195
410681.000000,-0.130000,0.000000,0.000000,-0.000015,-0.000000,0.000000,0.000075,-0.000160,0.000115,0.000210
410695.000000,-0.130000,0.020000,0.010000,-0.000009,-0.000000,0.000000,0.000082,-0.000119,0.000146,0.000205
410714.000000,-0.140000,-0.010000,-0.010000,-0.000006,-0.000000,0.000000,0.000043,-0.000191,0.000083,0.000213
410731.000000,-0.130000,0.030000,0.010000,-0.000003,-0.000000,0.000000,0.000058,-0.000091,0.000121,0.000162
410745.000000,-0.130000,0.040000,0.000000,-0.000002,-0.000000,0.000000,0.000073,0.000009,0.000116,0.000137
410758.000000,-0.120000,0.010000,0.000000,-0.000001,-0.000000,0.000000,0.000118,-0.000042,0.000111,0.000167
410772.000000,-0.110000,0.000000,0.100000,-0.000001,-0.000000,0.000000,0.000185,-0.000126,0.000480,0.000529
410789.000000,-0.090000,0.000000,-0.070000,-0.000000,-0.000000,0.000000,0.000292,-0.000172,0.000060,0.000344
410803.000000,-0.180000,0.060000,0.120000,-0.070270,-0.000000,0.000000,0.000067,0.000026,0.000470,0.000475
410818.000000,-0.160000,0.040000,-0.040000,-0.105300,-0.000000,0.000000,-0.000225,0.000092,0.000191,0.000309
410832.000000,-0.130000,0.030000,0.010000,-0.064192,-0.000000,0.000000,-0.000217,0.000076,0.000149,0.000274
410849.000000,-0.140000,0.000000,-0.020000,-0.039132,-0.000000,0.000000,-0.000225,-0.000061,0.000029,0.000235
410863.000000,-0.150000,0.020000,0.020000,-0.082414,-0.000000,0.000000,-0.000333,-0.000067,0.000110,0.000358
410880.000000,-0.120000,0.050000,0.030000,-0.050240,-0.000000,0.000000,-0.000146,0.000059,0.000214,0.000265
410894.000000,-0.080000,0.000000,-0.040000,-0.030627,-0.000000,0.000000,0.000044,-0.000048,0.000014,0.000067
410906.000000,-0.100000,0.000000,-0.090000,-0.018671,-0.000000,0.000000,0.000198,-0.000130,-0.000302,0.000384
410920.000000,-0.160000,0.050000,-0.070000,-0.073844,-0.000000,0.000000,0.000058,0.000009,-0.000445,0.000449
410934.000000,-0.120000,0.010000,0.000000,-0.045016,-0.000000,0.000000,0.000084,-0.000036,-0.000229,0.000246
410951.000000,-0.110000,-0.030000,-0.010000,-0.027442,-0.000000,0.000000,0.000152,-0.000234,-0.000091,0.000293
410965.000000,-0.100000,-0.010000,-0.010000,-0.016729,-0.000000,0.000000,0.000228,-0.000275,-0.000037,0.000359
410981.000000,-0.100000,0.010000,0.010000,-0.010198,-0.000000,0.000000,0.000271,-0.000204,0.000064,0.000345
410995.000000,-0.140000,0.030000,0.010000,-0.006217,-0.000000,0.000000,0.000144,-0.000084,0.000119,0.000205
411012.000000,-0.100000,0.000000,0.000000,-0.003790,-0.000000,0.000000,0.000197,-0.000118,0.000106,0.000253
411030.000000,-0.110000,0.010000,0.010000,-0.002310,-0.000000,0.000000,0.000200,-0.000111,0.000125,0.000261
411044.000000,-0.120000,0.060000,-0.020000,-0.001408,-0.000000,0.000000,0.000169,0.000071,0.000035,0.000186
411058.000000,-0.170000,0.030000,0.000000,-0.067225,-0.000000,0.000000,-0.000098,0.000087,0.000044,0.000138
411072.000000,-0.120000,0.000000,0.030000,-0.040981,-0.000000,0.000000,-0.000030,-0.000035,0.000172,0.000178
411089.000000,-0.120000,0.050000,-0.010000,-0.024982,-0.000000,0.000000,0.000174,0.000070,0.000098,0.000212
411103.000000,-0.130000,0.060000,0.010000,-0.015230,-0.000000,0.000000,0.000273,0.000183,0.000117,0.000349
411117.000000,-0.140000,0.040000,0.020000,-0.009284,-0.000000,0.000000,0.000255,0.000177,0.000174,0.000355
411132.000000,-0.110000,0.000000,0.000000,-0.005660,-0.000000,0.000000,0.000057,0.000005,0.000132,0.000144
411149.000000,-0.120000,0.020000,0.020000,-0.003450,-0.000000,0.000000,0.000093,-0.000031,0.000168,0.000195
411163.000000,-0.130000,0.050000,-0.020000,-0.002103,-0.000000,0.000000,0.000073,0.000074,0.000053,0.000116
411180.000000,-0.140000,0.030000,-0.020000,-0.001282,-0.000000,0.000000,0.000013,0.000073,-0.000034,0.000081
411192.000000,-0.130000,0.010000,0.000000,-0.000782,-0.000000,0.000000,0.000017,-0.000006,-0.000002,0.000018
411206.000000,-0.130000,0.020000,0.020000,-0.000476,-0.000000,0.000000,0.000026,-0.000030,0.000107,0.000114
411220.000000,-0.130000,0.080000,0.000000,-0.000290,-0.000000,0.000000,0.000030,0.000188,0.000099,0.000215
411232.000000,-0.150000,0.030000,-0.010000,-0.058735,-0.000000,0.000000,-0.000038,0.000155,0.000048,0.000167
411249.000000,-0.150000,0.020000,0.000000,-0.094364,-0.000000,0.000000,-0.000091,0.000056,0.000044,0.000116
411263.000000,-0.090000,-0.010000,0.030000,-0.057525,-0.000000,0.000000,0.000106,-0.000105,0.000159,0.000218
411280.000000,-0.130000,0.040000,0.000000,-0.035068,-0.000000,0.000000,0.000093,-0.000015,0.000120,0.000152
411292.000000,-0.140000,0.070000,0.020000,-0.021378,-0.000000,0.000000,0.000033,0.000156,0.000159,0.000225
411306.000000,-0.160000,0.050000,0.030000,-0.075494,-0.000000,0.000000,-0.000229,0.000206,0.000232,0.000386
411320.000000,-0.110000,0.020000,0.000000,-0.046022,-0.000000,0.000000,-0.000075,0.000101,0.000159,0.000202
411332.000000,-0.130000,0.010000,0.000000,-0.028056,-0.000000,0.000000,-0.000003,-0.000007,0.000105,0.000105
411349.000000,-0.140000,0.050000,-0.010000,-0.017103,-0.000000,0.000000,-0.000047,0.000076,0.000027,0.000094
411363.000000,-0.160000,0.050000,-0.010000,-0.072888,-0.000000,0.000000,-0.000314,0.000138,-0.000010,0.000344
411380.000000,-0.160000,0.050000,0.010000,-0.106896,-0.000000,0.000000,-0.000724,0.000170,0.000048,0.000745
411394.000000,-0.100000,0.040000,-0.020000,-0.065165,-0.000000,0.000000,-0.000494,0.000148,-0.000023,0.000516
411408.000000,-0.100000,0.060000,0.010000,-0.039725,-0.000000,0.000000,-0.000094,0.000204,0.000035,0.000228
411422.000000,-0.130000,0.010000,0.000000,-0.024217,-0.000000,0.000000,0.000063,0.000058,0.000044,0.000097
411438.000000,0.760000,-0.390000,0.000000,0.281932,-0.152251,0.000000,0.010128,-0.004633,0.000043,0.011137
411450.000000,1.660000,-0.790000,-0.060000,0.819914,-0.401221,0.000000,0.027460,-0.012553,-0.000167,0.030194
411462.000000,1.230000,-0.810000,0.030000,0.980006,-0.560803,0.000000,0.044115,-0.021962,-0.000003,0.049280
411478.000000,1.380000,1.200000,-0.130000,1.136159,0.126593,0.000000,0.067732,-0.012590,-0.000462,0.068894
411490.000000,-1.300000,0.390000,0.060000,0.185111,0.229424,0.000000,0.063250,-0.007434,-0.000085,0.063685
411503.000000,-3.400000,-0.420000,0.890000,-1.214474,-0.024103,0.347445,0.032070,-0.009828,0.008155,0.034519
411517.000000,-1.770000,1.490000,-0.300000,-1.431345,0.566985,0.094690,0.005962,0.003734,0.007937,0.010606
411532.000000,-1.130000,-1.230000,-0.100000,-1.313703,-0.134537,0.057724,-0.012890,-0.005107,0.006882,0.015479
411550.000000,9.820000,7.770000,-0.750000,3.032763,2.951301,-0.257602,0.105741,0.089269,-0.002870,0.138413
411564.000000,19.590000,12.490000,-15.670000,9.496513,6.675097,-6.274420,0.326714,0.233425,-0.158651,0.431740
411581.000000,17.420000,0.920000,-25.809999,12.589749,4.428375,-13.900880,0.616102,0.296563,-0.522465,0.860524
411597.000000,8.350000,-0.890000,-21.450001,10.934601,2.352144,-16.847968,0.792830,0.304118,-0.865360,1.212400
411701.000000,0.480000,14.300000,-0.560000,6.853248,7.016446,-10.489337,0.837749,0.425709,-0.947164,1.334231
411803.000000,-34.130001,-12.040000,-1.800000,-9.146129,-0.422966,-7.097122,0.565657,0.360822,-0.986773,1.193265
411829.000000,-47.779999,-33.599998,13.190000,-24.228336,-13.374888,0.822731,-0.478364,-0.293370,-0.772348,0.954683
411841.000000,-46.480000,-26.950001,7.340000,-32.915123,-18.674452,3.366996,-1.012229,-0.610559,-0.680951,1.364216
411941.000000,14.150000,27.830000,-7.850000,-14.541454,-0.519662,-1.011987,-1.052405,-0.472173,-0.719420,1.359437
411957.000000,-8.070000,10.020000,-9.320000,-12.015075,3.594898,-4.255337,-1.157360,-0.304899,-0.839122,1.461702
411972.000000,-40.590000,-17.219999,-0.040000,-23.170389,-4.530993,-2.594104,-1.611670,-0.438949,-0.873144,1.884817
411987.000000,-48.200001,-34.680000,16.889999,-32.941654,-16.300810,5.012260,-2.252658,-0.843590,-0.705941,2.506883
411999.000000,-48.330002,-33.610001,17.790001,-38.949083,-23.058114,10.000539,-2.811343,-1.223256,-0.516324,3.109115
412011.000000,-46.270000,-24.090000,12.630000,-41.807083,-23.460950,11.027050,-3.366493,-1.539741,-0.353295,3.718722
412027.000000,-26.260000,-4.140000,0.760000,-35.737685,-15.918279,7.018915,-3.881166,-1.713007,-0.279502,4.251584
412039.000000,-1.920000,13.350000,-7.550000,-22.535660,-4.492288,1.331382,-4.011972,-1.640081,-0.326267,4.346520
412051.000000,12.060000,21.750000,-12.040000,-9.029922,5.752392,-3.888648,-3.948786,-1.435732,-0.441381,4.224814
412065.000000,27.100000,29.209999,-18.799999,5.074773,14.909965,-9.709863,-3.659780,-1.078218,-0.665850,3.872970
412080.000000,29.820000,37.959999,-27.940001,14.735018,23.908426,-16.826694,-3.252370,-0.565009,-1.031306,3.458430
412094.000000,29.750000,40.099998,-21.790001,20.596690,30.229425,-18.764310,-2.845434,-0.028597,-1.347115,3.148338
412108.000000,25.510000,32.400002,-11.820000,22.514788,31.076793,-16.053333,-2.472044,0.449580,-1.557634,2.956239
412122.000000,2.850000,15.080000,-10.020000,14.837887,24.831833,-13.697991,-2.330786,0.740550,-1.718925,2.989261
412139.000000,-20.110001,-12.350000,-15.360000,1.194644,10.316484,-14.346820,-2.517045,0.699258,-1.960391,3.266131
412153.000000,-35.939999,-29.620001,-8.780000,-13.302283,-5.274248,-12.173599,-2.913963,0.398513,-2.106031,3.617369
412167.000000,-48.750000,-36.000000,20.340000,-27.140653,-17.269219,0.519327,-3.509477,-0.044777,-1.950331,4.015249
412181.000000,-48.889999,-35.509998,19.330000,-35.631341,-24.390204,7.862792,-4.165942,-0.526028,-1.714126,4.535417
412198.000000,-27.360001,-5.510000,3.500000,-32.402308,-17.019595,6.159609,-4.729075,-0.767234,-1.586357,5.046714
412210.000000,-16.920000,2.850000,-1.520000,-26.358197,-9.262740,3.161580,-4.989331,-0.794602,-1.572016,5.291129
412353.000000,-48.810001,-31.200001,16.620001,-35.123117,-17.826788,8.415589,-5.516867,-1.087664,-1.416057,5.798625
412728.000000,13.820000,23.090000,-14.040000,-16.016301,-1.853356,-0.350808,-5.552961,-0.946949,-1.509426,5.831849
412890.000000,12.360000,17.490000,-16.180000,-4.938528,5.698062,-6.530338,-5.456676,-0.766490,-1.667695,5.757085
412902.000000,28.639999,28.950001,-22.459999,8.170133,14.775344,-12.749090,-5.186091,-0.469401,-1.903788,5.544392
412914.000000,29.440001,36.000000,-25.680000,16.473638,23.061200,-17.797165,-4.856495,-0.078103,-2.190276,5.328129
412933.000000,29.420000,40.060001,-13.670000,21.527745,29.697331,-16.185968,-4.306872,0.640199,-2.508086,5.024888
413361.000000,-14.730000,-0.170000,4.530000,7.373149,18.037477,-8.098699,-4.325341,0.774642,-2.530199,5.070558
413380.000000,-18.430000,-4.890000,4.620000,-2.700096,9.086861,-3.133469,-4.577454,0.773104,-2.479175,5.262802
413396.000000,-14.780000,-7.150000,0.460000,-7.415948,2.748182,-1.730621,-4.805183,0.692330,-2.461063,5.442971
413408.000000,-9.100000,-10.470000,-6.450000,-8.073382,-2.412041,-3.573011,-4.931738,0.585980,-2.511116,5.565170
413420.000000,-6.780000,-8.380000,-6.640000,-7.568461,-4.741862,-4.770327,-5.025533,0.483454,-2.581856,5.670599
413435.000000,-4.840000,-1.010000,-6.760000,-6.503302,-3.284987,-5.547072,-5.110121,0.434116,-2.679299,5.786228
413448.000000,-5.850000,-0.230000,-4.600000,-6.248261,-2.092356,-5.177346,-5.184132,0.418947,-2.746438,5.881638
413462.000000,-6.090000,-0.590000,-3.650000,-6.186478,-1.505854,-4.581088,-5.266414,0.407998,-2.803839,5.980225
413480.000000,26.170000,-23.840000,16.049999,6.445110,-10.224841,3.473045,-4.966723,0.103048,-2.623671,5.618061
413495.000000,-16.549999,-15.150000,-2.510000,-2.531910,-12.147565,1.137335,-5.064171,-0.132551,-2.604919,5.696403
413507.000000,-6.580000,-4.740000,1.330000,-4.112236,-9.255739,1.212549,-5.141707,-0.229139,-2.589195,5.761387
413520.000000,-3.670000,-0.170000,0.750000,-3.939593,-5.708774,1.031975,-5.199085,-0.262325,-2.577204,5.808724
413536.000000,1.210000,-0.370000,-0.430000,-1.929252,-3.624579,0.461237,-5.205221,-0.279027,-2.577523,5.815136
413550.000000,-0.950000,-1.350000,0.500000,-1.546964,-2.736610,0.476370,-5.214830,-0.296908,-2.572646,5.822467
413564.000000,1.170000,-0.690000,-0.080000,-0.486293,-1.937638,0.290401,-5.204936,-0.309301,-2.571907,5.813925
413580.000000,2.440000,2.890000,0.090000,0.656097,-0.052985,0.177032,-5.172717,-0.281487,-2.570576,5.783087
413596.000000,0.730000,0.550000,0.070000,0.684948,0.182413,0.107921,-5.153377,-0.267287,-2.569324,5.764561
413610.000000,0.910000,0.630000,-0.360000,0.772806,0.357146,-0.074750,-5.138071,-0.257652,-2.572462,5.751845
413627.000000,-0.080000,0.000000,0.180000,0.471111,0.217720,-0.045569,-5.131856,-0.254467,-0.018611,5.138194
413641.000000,-0.120000,-0.050000,-0.290000,0.287195,0.132725,-0.027779,-5.130185,-0.254436,0.001986,5.136491
413653.000000,-0.110000,-0.090000,-0.300000,0.175078,0.080911,-0.134051,-5.129555,-0.255413,0.009126,5.135918
413667.000000,-0.170000,-0.070000,0.280000,0.040363,0.049324,-0.081719,-5.129690,-0.256708,0.014464,5.136130
413682.000000,-0.010000,-0.200000,-0.320000,0.024606,-0.048009,-0.174741,-5.128434,-0.259509,0.014379,5.135015
413700.000000,-0.060000,-0.050000,0.080000,0.015000,-0.029267,-0.106524,-0.022461,-0.261491,0.014440,0.262851
413714.000000,-0.010000,-0.010000,-0.090000,0.009144,-0.017841,-0.064938,0.009152,-0.262318,0.014417,0.262873
413730.000000,-0.050000,-0.010000,0.000000,0.005574,-0.010876,-0.039587,0.021971,-0.263019,0.014508,0.264333
413744.000000,0.040000,0.040000,0.120000,0.003398,-0.006630,-0.024133,0.026694,-0.263077,0.015062,0.264856
413756.000000,0.000000,-0.010000,-0.130000,0.002072,-0.004042,-0.014712,0.028796,-0.001313,0.014769,0.032390
413768.000000,-0.070000,0.010000,0.010000,0.001263,-0.002464,-0.008968,0.029735,0.000234,0.015082,0.033342
413780.000000,-0.060000,-0.040000,0.030000,0.000770,-0.001502,-0.005467,0.029904,0.000751,0.015281,0.033591
413793.000000,-0.070000,-0.040000,-0.090000,0.000469,-0.000916,-0.003333,0.029412,0.000932,0.014711,0.032899
413805.000000,-0.020000,-0.050000,-0.050000,0.000286,-0.000558,-0.002032,0.029016,0.000944,0.014336,0.032378
413817.000000,-0.060000,-0.040000,-0.080000,0.000174,-0.000340,-0.001239,0.028698,0.000968,0.014051,0.031967
413829.000000,-0.050000,-0.050000,-0.080000,0.000106,-0.000207,-0.000755,0.028327,0.000941,0.013784,0.031517
413841.000000,-0.060000,-0.040000,0.000000,0.000065,-0.000126,-0.000460,0.027863,0.000947,0.013820,0.031117
413853.000000,-0.090000,-0.040000,0.050000,0.000040,-0.000077,-0.000281,0.027273,0.000949,0.013970,0.030657
413869.000000,-0.040000,-0.050000,-0.030000,0.000024,-0.000047,-0.000171,0.025594,0.000859,0.013016,0.028726
413883.000000,-0.040000,-0.040000,-0.010000,0.000015,-0.000029,-0.000104,0.024662,0.000842,0.012499,0.027661
413900.000000,-0.060000,-0.050000,0.000000,0.000009,-0.000017,-0.000064,0.023257,0.000771,0.011845,0.026111
413914.000000,-0.080000,-0.050000,-0.010000,0.000005,-0.000011,-0.000039,0.022897,0.000747,0.011705,0.025727
413930.000000,-0.060000,-0.040000,0.010000,0.000003,-0.000006,-0.000024,0.022441,0.000761,0.011535,0.025244
413944.000000,-0.030000,-0.040000,-0.040000,0.000002,-0.000004,-0.000014,0.022427,0.000776,0.011324,0.025135
413959.000000,-0.030000,-0.030000,0.010000,0.000001,-0.000002,-0.000009,0.022265,0.000815,0.011285,0.024975
413973.000000,-0.060000,-0.070000,-0.020000,0.000001,-0.000001,-0.000005,0.021984,0.000689,0.011139,0.024655
413990.000000,-0.090000,-0.030000,0.040000,0.000000,-0.000001,-0.000003,0.020757,0.000720,0.010799,0.023410
414004.000000,-0.070000,-0.040000,0.010000,0.000000,-0.000001,-0.000002,0.020546,0.000730,0.010716,0.023184
414020.000000,-0.030000,-0.010000,-0.030000,0.000000,-0.000000,-0.000001,0.020297,0.000834,0.010347,0.022798
414034.000000,-0.010000,-0.040000,0.010000,0.000000,-0.000000,-0.000001,0.020346,0.000791,0.010331,0.022832
414050.000000,-0.070000,-0.050000,0.030000,0.000000,-0.000000,-0.000000,0.019724,0.000695,0.010205,0.022218
414066.000000,-0.050000,-0.020000,0.000000,0.000000,-0.000000,-0.000000,0.019079,0.000741,0.009847,0.021483
414080.000000,-0.030000,-0.040000,-0.030000,0.000000,-0.000000,-0.000000,0.019132,0.000717,0.009694,0.021460
414096.000000,-0.020000,-0.070000,0.000000,0.000000,-0.000000,-0.000000,0.018816,0.000565,0.009506,0.021088
414110.000000,-0.070000,-0.050000,0.030000,0.000000,-0.000000,-0.000000,0.018546,0.000552,0.009576,0.020880
414124.000000,-0.060000,-0.060000,0.000000,0.000000,-0.000000,-0.000000,0.018479,0.000522,0.009556,0.020810
414139.000000,-0.030000,-0.030000,0.000000,0.000000,-0.000000,-0.000000,0.018185,0.000605,0.009334,0.020450
414153.000000,-0.020000,-0.020000,-0.010000,0.000000,-0.000000,-0.000000,0.018022,0.000697,0.009147,0.020223
414169.000000,-0.050000,-0.050000,0.000000,0.000000,-0.000000,-0.000000,0.017344,0.000620,0.008835,0.019474
414183.000000,-0.050000,-0.040000,0.010000,0.000000,-0.000000,-0.000000,0.017079,0.000604,0.008769,0.019208
414200.000000,-0.060000,-0.030000,0.010000,0.000000,-0.000000,-0.000000,0.016288,0.000616,0.008429,0.018350
414503.000000,-0.020000,-0.040000,0.000000,0.000000,-0.000000,-0.000000,0.016462,0.000607,0.008444,0.018512
414689.000000,-0.030000,-0.040000,0.010000,0.000000,-0.000000,-0.000000,0.017029,0.000613,0.008729,0.019146
414868.000000,-0.050000,-0.020000,0.010000,0.000000,-0.000000,-0.000000,0.016629,0.000670,0.008569,0.018719
414895.000000,-0.050000,-0.030000,0.000000,0.000000,-0.000000,-0.000000,0.012431,0.000511,0.006400,0.013991
414910.000000,-0.020000,-0.030000,0.010000,0.000000,-0.000000,-0.000000,0.013469,0.000548,0.006907,0.015147
414928.000000,-0.050000,-0.020000,0.000000,0.000000,-0.000000,-0.000000,0.013766,0.000598,0.007064,0.015484
415311.000000,-0.010000,-0.040000,-0.010000,0.000000,-0.000000,-0.000000,0.014418,0.000572,0.007298,0.016170
415329.000000,-0.030000,-0.030000,0.000000,0.000000,-0.000000,-0.000000,0.014131,0.000558,0.007154,0.015849
415343.000000,-0.030000,-0.030000,0.010000,0.000000,-0.000000,-0.000000,0.014137,0.000562,0.007206,0.015877
415357.000000,-0.030000,-0.050000,0.000000,0.000000,-0.000000,-0.000000,0.014320,0.000499,0.007296,0.016080
415371.000000,-0.030000,-0.030000,-0.010000,0.000000,-0.000000,-0.000000,0.014282,0.000524,0.007232,0.016017
415388.000000,-0.020000,-0.030000,0.000000,0.000000,-0.000000,-0.000000,0.013575,0.000523,0.006863,0.015220
415402.000000,-0.030000,-0.020000,0.000000,0.000000,-0.000000,-0.000000,0.013409,0.000567,0.006796,0.015043
415419.000000,-0.020000,-0.020000,-0.010000,0.000000,-0.000000,-0.000000,0.012954,0.000579,0.006521,0.014515
415434.000000,0.000000,-0.060000,0.000000,0.000000,-0.000000,-0.000000,0.012870,0.000438,0.006450,0.014403
415449.000000,-0.040000,-0.020000,0.030000,0.000000,-0.000000,-0.000000,0.012717,0.000493,0.006546,0.014311
415464.000000,-0.020000,0.010000,0.030000,0.000000,-0.000000,-0.000000,0.012576,0.000652,0.006552,0.014196
415479.000000,0.000000,-0.040000,-0.040000,0.000000,-0.000000,-0.000000,0.012474,0.000557,0.006232,0.013955
415493.000000,0.000000,-0.030000,0.000000,0.000000,-0.000000,-0.000000,0.012459,0.000518,0.006192,0.013923
415509.000000,-0.040000,-0.010000,0.000000,0.000000,-0.000000,-0.000000,0.011959,0.000563,0.006025,0.013403
415525.000000,-0.020000,-0.020000,-0.010000,0.000000,-0.000000,-0.000000,0.011539,0.000549,0.005794,0.012924
415539.000000,-0.020000,0.000000,-0.010000,0.000000,-0.000000,-0.000000,0.011522,0.000618,0.005766,0.012899
415553.000000,-0.010000,-0.020000,0.000000,0.000000,-0.000000,-0.000000,0.011599,0.000593,0.005812,0.012987
415569.000000,-0.040000,-0.040000,-0.010000,0.000000,-0.000000,-0.000000,0.011133,0.000471,0.005605,0.012473
415583.000000,-0.030000,-0.020000,0.000000,0.000000,-0.000000,-0.000000,0.010970,0.000477,0.005557,0.012306
415599.000000,0.150000,-0.070000,0.000000,0.058558,-0.000000,-0.000000,0.011346,0.000293,0.005423,0.012579
415613.000000,-0.010000,0.040000,0.000000,0.035698,-0.000000,-0.000000,0.011079,0.000585,0.005381,0.012330
415629.000000,-0.040000,0.050000,0.000000,0.021762,-0.000000,-0.000000,0.010495,0.000832,0.005246,0.011762
415645.000000,0.130000,-0.090000,0.000000,0.013266,-0.000000,-0.000000,0.010625,0.000415,0.005080,0.011784
415659.000000,0.000000,0.030000,0.000000,0.008087,-0.000000,-0.000000,0.010461,0.000580,0.005075,0.011642
415673.000000,-0.110000,0.090000,-0.020000,0.004930,-0.000000,-0.000000,0.009938,0.000958,0.005019,0.011174
415689.000000,-0.090000,0.000000,0.010000,0.003005,-0.000000,-0.000000,0.009319,0.000826,0.004918,0.010570
415703.000000,0.000000,-0.020000,0.000000,0.001832,-0.000000,-0.000000,0.009409,0.000637,0.004867,0.010612
415717.000000,-0.070000,-0.060000,-0.010000,0.001117,-0.000000,-0.000000,0.009299,0.000376,0.004820,0.010481
415731.000000,0.020000,-0.060000,-0.010000,0.000681,-0.000000,-0.000000,0.009459,0.000215,0.004747,0.010586
415749.000000,0.140000,-0.080000,0.030000,0.000415,-0.000000,-0.000000,0.009425,0.000044,0.004546,0.010464
415763.000000,0.390000,0.000000,-0.010000,0.152504,-0.000000,-0.000000,0.028799,0.000258,0.004452,0.029143
415779.000000,-0.250000,0.150000,0.130000,-0.004629,0.058558,-0.000000,0.044757,0.000988,0.004870,0.045032
415793.000000,0.110000,-0.090000,-0.180000,-0.002822,0.035698,-0.000000,0.060625,0.000539,0.004022,0.060761
415807.000000,-0.120000,0.170000,0.000000,-0.001720,0.088128,-0.000000,0.074810,0.001124,0.004079,0.074930
415821.000000,-0.320000,0.070000,0.070000,-0.125973,0.053724,-0.000000,0.086531,0.001191,0.004435,0.086652
415838.000000,-0.110000,-0.170000,-0.170000,-0.076795,-0.033615,-0.000000,0.102364,0.000196,0.003544,0.102425
415852.000000,-0.390000,-0.120000,0.150000,-0.199066,-0.020492,-0.000000,0.113054,-0.000200,0.004226,0.113133
415866.000000,-0.570000,-0.430000,0.010000,-0.343874,-0.180359,-0.000000,0.121276,-0.004042,0.004287,0.121419
415880.000000,-1.220000,-0.400000,0.100000,-0.685904,-0.266104,-0.000000,0.122388,-0.008524,0.004540,0.122768
415897.000000,0.080000,0.410000,0.000000,-0.418135,-0.002161,-0.000000,0.136617,-0.004560,0.004106,0.136755
415911.000000,-0.240000,0.180000,-0.010000,-0.348593,0.068952,-0.000000,0.148382,-0.001227,0.003875,0.148437
415928.000000,-0.180000,-0.080000,0.010000,-0.282776,0.042034,-0.000000,0.163398,-0.000247,0.003702,0.163440
415942.000000,0.160000,-0.640000,0.020000,-0.109922,-0.224224,-0.000000,0.179277,-0.005686,0.003725,0.179405
415956.000000,0.350000,0.080000,0.000000,0.069626,-0.136690,-0.000000,0.198071,-0.005943,0.003707,0.198195
415970.000000,0.430000,0.030000,0.020000,0.210312,-0.083328,-0.000000,0.218524,-0.005136,0.003727,0.218616
415987.000000,0.340000,-0.180000,-0.080000,0.260941,-0.121067,-0.000000,0.242894,-0.006266,0.003180,0.242995
416001.000000,0.010000,0.170000,-0.030000,0.159072,-0.007438,-0.000000,0.259613,-0.004289,0.003109,0.259667
416015.000000,0.110000,0.840000,0.050000,0.096972,0.323392,-0.000000,0.276308,0.005127,0.003428,0.276377
416030.000000,-0.100000,-0.140000,-0.070000,0.059116,0.197143,-0.000000,0.291982,0.007316,0.003130,0.292090
416048.000000,-0.060000,-0.270000,-0.210000,0.036038,0.014776,-0.000000,0.310499,0.005462,0.002188,0.310554
416062.000000,-0.090000,0.150000,-0.010000,0.021969,0.067566,-0.000000,0.009186,0.007090,0.002501,0.011870
416078.000000,-0.290000,0.590000,0.050000,-0.099820,0.271518,-0.000000,0.017987,0.014931,0.002996,0.023567
416092.000000,-0.070000,0.220000,0.090000,-0.060851,0.251406,-0.000000,0.027223,0.019736,0.003422,0.033798
416105.000000,-0.050000,0.130000,-0.110000,-0.037096,0.153260,-0.000000,0.036408,0.022806,0.002971,0.043064
416119.000000,-0.060000,0.050000,0.010000,-0.022614,0.093429,-0.000000,0.046400,0.024878,0.003006,0.052734
416133.000000,-0.110000,0.180000,-0.090000,-0.013786,0.127225,-0.000000,0.055931,0.027855,0.002670,0.062540
416149.000000,0.040000,0.230000,-0.140000,-0.008404,0.167347,-0.000000,0.007453,0.032126,0.002160,0.033050
416161.000000,-0.170000,0.190000,0.100000,-0.071489,0.176191,-0.000000,0.005492,0.035189,0.002781,0.035724
416178.000000,0.130000,1.860000,0.000000,-0.043581,0.833530,-0.000000,0.005868,0.059343,0.002832,0.059699
416192.000000,-0.190000,1.080000,0.030000,-0.100741,0.929749,-0.000000,0.005127,0.076484,0.002907,0.076711
416324.000000,0.740000,1.630000,1.230000,0.227474,1.203119,0.480177,0.022497,0.099742,0.020838,0.104350
416463.000000,-0.080000,0.620000,-0.030000,0.138671,0.975476,0.292722,0.031664,0.111038,0.027637,0.118726
416488.000000,0.880000,-0.060000,-1.720000,0.428077,0.594662,-0.493021,0.064604,0.118103,0.007511,0.134827
416500.000000,0.400000,-0.850000,-1.640000,0.417116,0.030683,-0.940788,0.078377,0.112487,-0.006415,0.137249
416576.000000,0.150000,1.150000,0.260000,0.312837,0.467651,-0.573516,0.091282,0.122382,-0.005536,0.152775
416712.000000,1.310000,0.500000,0.330000,0.702118,0.480280,-0.220794,0.111274,0.129632,0.000210,0.170840
416900.000000,0.650000,0.060000,1.120000,0.681772,0.292784,0.302636,0.128401,0.132818,0.014090,0.185272
417289.000000,0.580000,-0.040000,0.000000,0.642041,0.178485,0.184491,0.145387,0.134037,0.021578,0.198920
417301.000000,0.830000,-0.260000,-0.040000,0.715418,0.007305,0.112468,0.162732,0.132697,0.026063,0.211589
417315.000000,0.530000,0.000000,-0.030000,0.643033,0.004453,0.068562,0.180612,0.132819,0.030545,0.226262
417329.000000,0.450000,0.100000,0.020000,0.567675,0.002715,0.041796,0.197000,0.134426,0.035291,0.241091
417346.000000,-0.080000,-0.010000,0.040000,0.346062,0.001655,0.025479,0.210050,0.135610,0.002337,0.250033
417361.000000,0.360000,0.180000,0.040000,0.351503,0.071279,0.015532,0.224371,0.138446,0.002310,0.263657
417379.000000,0.410000,0.290000,0.000000,0.374339,0.156665,0.009469,0.243197,0.143880,0.002260,0.282580
417393.000000,0.080000,0.200000,-0.010000,0.228202,0.173582,0.005772,0.254988,0.147699,0.002235,0.294684
417431.000000,-1.120000,0.340000,-0.080000,-0.298120,0.238550,0.003519,0.252751,0.161456,0.001151,0.299920
417446.000000,-0.770000,0.450000,-0.040000,-0.482337,0.321098,0.002145,0.251487,0.168443,0.001471,0.302690
417460.000000,-0.590000,0.390000,0.000000,-0.524367,0.347996,0.001308,0.251966,0.174812,0.001856,0.306675
417478.000000,-0.050000,0.180000,-0.030000,-0.319660,0.282412,0.000797,0.260025,0.180296,0.001849,0.316422
417493.000000,-0.260000,0.340000,-0.010000,-0.296370,0.304894,0.000486,0.266397,0.185870,0.001915,0.324836
417507.000000,0.300000,0.170000,0.470000,-0.063554,0.252233,0.183779,0.277735,0.189687,0.010000,0.336479
417521.000000,0.830000,0.030000,-0.400000,0.285279,0.153764,-0.044122,0.295885,0.191717,0.010983,0.352738
417538.000000,0.640000,0.660000,-0.020000,0.423758,0.351393,-0.026897,0.318145,0.201027,0.014113,0.376599
417552.000000,1.050000,1.260000,-0.020000,0.668235,0.706102,-0.016397,0.340548,0.216266,0.017168,0.403781
417566.000000,1.560000,1.300000,0.020000,1.016370,0.937953,-0.009996,0.369172,0.234169,0.020758,0.437669
417580.000000,1.180000,1.190000,-0.100000,1.080249,1.036349,-0.006093,0.395937,0.251792,0.002643,0.469226
417597.000000,-0.620000,0.830000,-0.010000,0.416492,0.955793,-0.003715,0.406342,0.268806,0.001789,0.487210
417611.000000,-1.080000,0.750000,0.180000,-0.167721,0.875454,-0.002264,0.404942,0.280950,0.002416,0.492866
417628.000000,-1.210000,0.850000,0.070000,-0.574614,0.865517,-0.001380,0.398065,0.296206,0.002423,0.496186
417643.000000,-1.140000,1.000000,0.040000,-0.795334,0.918018,-0.000842,0.391362,0.311378,0.002260,0.500125
417657.000000,-0.510000,0.910000,-0.080000,-0.683943,0.914888,-0.000513,0.391101,0.325134,0.001737,0.508602
417671.000000,-0.370000,0.500000,-0.040000,-0.561383,0.752920,-0.000313,0.394012,0.334752,0.001536,0.517017
417688.000000,-0.510000,0.150000,-0.030000,-0.541324,0.517547,-0.000191,0.397035,0.340758,0.001418,0.523215
417700.000000,-0.460000,-0.290000,0.020000,-0.509576,0.202290,-0.000116,0.399480,0.340100,0.001590,0.524647
417713.000000,-0.330000,-0.270000,-0.020000,-0.439472,0.017914,-0.000071,0.403414,0.337977,0.001613,0.526283
417726.000000,0.170000,-0.440000,-0.020000,-0.201541,-0.160850,-0.000043,0.412283,0.333885,0.001575,0.530527
417738.000000,1.990000,-3.370000,-0.100000,0.654011,-1.413664,-0.000026,0.437125,0.304950,0.001260,0.532986
417750.000000,0.900000,-4.200000,-0.140000,0.750042,-2.501417,-0.000016,0.457807,0.261496,0.000890,0.527226
417762.000000,-0.750000,-3.230000,0.030000,0.164443,-2.785847,-0.000010,0.463381,0.221834,0.001269,0.513745
417778.000000,-0.940000,-0.370000,-0.920000,-0.266718,-1.842729,-0.359163,0.462642,0.202500,-0.006161,0.505056
417794.000000,-0.820000,-0.480000,-0.780000,-0.482713,-1.310736,-0.523453,0.460795,0.191999,-0.015063,0.499422
417808.000000,0.040000,-0.020000,0.110000,-0.294268,-0.799040,-0.319103,0.467317,0.189637,-0.014517,0.504537
417822.000000,0.320000,0.080000,0.940000,-0.054465,-0.487104,0.172436,0.479024,0.190303,-0.003336,0.515451
417838.000000,-0.920000,0.900000,0.280000,-0.392359,0.054405,0.105119,0.480293,0.201286,0.005697,0.520798
417852.000000,-1.010000,0.870000,-0.080000,-0.633479,0.372804,0.064082,0.477343,0.213286,0.009089,0.522905
417866.000000,1.360000,-0.330000,0.430000,0.144752,0.098437,0.206932,0.496400,0.214243,0.016125,0.540900
417879.000000,1.230000,0.560000,0.350000,0.568420,0.278626,0.262784,0.519044,0.220154,0.022947,0.564270
417897.000000,0.750000,0.220000,-0.430000,0.639307,0.255739,-0.007671,0.546404,0.226140,0.022683,0.591786
417911.000000,0.010000,0.040000,0.080000,0.389729,0.155902,-0.004676,0.559500,0.228520,0.025210,0.604894
417928.000000,0.250000,0.090000,0.440000,0.335180,0.095039,0.168920,0.575278,0.231175,0.033559,0.620897
417944.000000,-0.060000,0.100000,-0.310000,0.204330,0.057937,-0.018045,0.586620,0.233720,0.034507,0.632407
417958.000000,-0.250000,0.080000,-0.820000,0.026965,0.035319,-0.331119,0.593762,0.235762,0.028525,0.639492
417975.000000,0.070000,0.070000,-0.050000,0.016438,0.021531,-0.201854,0.605228,0.000925,0.027943,0.605873
417989.000000,0.080000,0.090000,-0.010000,0.010021,0.013126,-0.123052,0.615459,0.000269,0.029506,0.616166
418003.000000,0.070000,0.100000,0.000000,0.006109,0.008001,-0.075014,0.625829,0.000109,0.031780,0.626636
418018.000000,0.010000,0.130000,0.000000,0.003724,0.004878,-0.045730,0.636354,0.000175,0.034445,0.637286
418035.000000,0.040000,0.110000,-0.010000,0.002270,0.002974,-0.027877,0.004098,0.000155,0.001242,0.004285
418049.000000,0.050000,0.110000,-0.010000,0.001384,0.001813,-0.016994,0.002553,0.000139,0.001066,0.002770
418066.000000,0.060000,0.100000,0.010000,0.000844,0.001105,-0.010360,0.002211,0.000088,0.001146,0.002492
418080.000000,0.070000,0.100000,0.010000,0.000514,0.000674,-0.006316,0.002197,0.000061,0.001213,0.002510
418098.000000,0.060000,0.120000,-0.010000,0.000314,0.000411,-0.003850,0.002067,0.000120,0.001113,0.002351
418112.000000,0.060000,0.110000,-0.020000,0.000191,0.000250,-0.002347,0.002057,0.000123,0.001047,0.002311
418128.000000,0.080000,0.100000,-0.020000,0.000117,0.000153,-0.001431,0.002106,0.000080,0.000993,0.002330
418142.000000,0.120000,0.140000,0.000000,0.000071,0.000093,-0.000872,0.002290,0.000200,0.001045,0.002526
418154.000000,0.130000,0.090000,0.000000,0.000043,0.000057,-0.000532,0.002477,0.000109,0.001101,0.002713
418167.000000,0.110000,0.130000,0.000000,0.000026,0.000035,-0.000324,0.002520,0.000174,0.001136,0.002770
418179.000000,-0.290000,0.020000,0.010000,-0.113196,0.000021,-0.000198,0.002506,-0.000166,0.001177,0.002773
418195.000000,0.110000,0.110000,-0.050000,-0.069006,0.000013,-0.000120,0.005609,-0.000084,0.000920,0.005685
418377.000000,0.070000,0.090000,0.010000,-0.042067,0.000008,-0.000073,0.008303,-0.000066,0.000988,0.008362
418550.000000,0.110000,0.140000,0.040000,-0.025644,0.000005,-0.000045,0.011444,0.000118,0.001192,0.011506
418738.000000,0.020000,0.010000,0.010000,-0.015633,0.000003,-0.000027,0.013962,-0.000220,0.001213,0.014016
418900.000000,-0.020000,0.060000,-0.130000,-0.009530,0.000002,-0.000017,0.002234,-0.000307,0.000686,0.002357
419396.000000,0.090000,0.050000,0.080000,-0.005810,0.000001,-0.000010,0.001824,-0.000361,0.001055,0.002138
419408.000000,0.110000,0.050000,0.140000,-0.003542,0.000001,-0.000006,0.001990,-0.000387,0.001602,0.002584
419420.000000,0.100000,0.060000,0.060000,-0.002159,0.000000,-0.000004,0.002092,-0.000360,0.001652,0.002690
419435.000000,0.040000,0.060000,-0.010000,-0.001316,0.000000,-0.000002,0.001832,-0.000321,0.001284,0.002260
419447.000000,0.030000,0.050000,-0.030000,-0.000802,0.000000,-0.000001,0.001633,-0.000337,0.000990,0.001939
419459.000000,0.050000,0.080000,-0.010000,-0.000489,0.000000,-0.000001,0.001612,-0.000251,0.000901,0.001863
419471.000000,0.030000,0.040000,-0.070000,-0.000298,0.000000,-0.000001,0.001534,-0.000327,0.000647,0.001697
419485.000000,0.060000,0.040000,0.030000,-0.000182,0.000000,-0.000000,0.001552,-0.000389,0.000828,0.001801
419497.000000,0.050000,0.050000,0.000000,-0.000111,0.000000,-0.000000,0.001531,-0.000381,0.000866,0.001800
419509.000000,0.040000,0.030000,-0.030000,-0.000068,0.000000,-0.000000,0.001493,-0.000445,0.000774,0.001739
419525.000000,0.010000,0.050000,-0.060000,-0.000041,0.000000,-0.000000,0.001267,-0.000393,0.000537,0.001431
419539.000000,0.030000,0.050000,-0.080000,-0.000025,0.000000,-0.000000,0.001209,-0.000354,0.000334,0.001303
419552.000000,0.030000,0.060000,-0.050000,-0.000015,0.000000,-0.000000,0.001210,-0.000302,0.000337,0.001291
419564.000000,0.080000,0.040000,0.030000,-0.000009,0.000000,-0.000000,0.001400,-0.000342,0.000648,0.001580
419576.000000,0.070000,0.060000,0.060000,-0.000006,0.000000,-0.000000,0.001503,-0.000306,0.000984,0.001822
419589.000000,0.070000,0.070000,0.020000,-0.000003,0.000000,-0.000000,0.001531,-0.000232,0.001032,0.001861
419603.000000,0.060000,0.060000,0.000000,-0.000002,0.000000,-0.000000,0.001463,-0.000215,0.000921,0.001742
419615.000000,0.040000,0.050000,-0.050000,-0.000001,0.000000,-0.000000,0.001350,-0.000250,0.000670,0.001528
419630.000000,0.050000,0.040000,0.050000,-0.000001,0.000000,-0.000000,0.001280,-0.000312,0.000857,0.001571
419645.000000,0.060000,0.050000,0.070000,-0.000000,0.000000,-0.000000,0.001255,-0.000301,0.001064,0.001673
419657.000000,0.050000,0.030000,0.010000,-0.000000,0.000000,-0.000000,0.001236,-0.000365,0.000981,0.001620
419669.000000,-0.010000,-0.020000,-0.050000,-0.000000,0.000000,-0.000000,0.001026,-0.000598,0.000696,0.001376
419685.000000,0.020000,-0.010000,-0.070000,-0.000000,0.000000,-0.000000,0.000920,-0.000700,0.000366,0.001213
419697.000000,0.000000,-0.030000,-0.050000,-0.000000,0.000000,-0.000000,0.000826,-0.000807,0.000287,0.001190
419726.000000,0.020000,-0.540000,0.310000,-0.000000,-0.210810,0.121020,0.000621,-0.014248,0.001425,0.014333
419738.000000,0.180000,0.750000,-0.270000,0.070270,0.164279,0.073775,0.001225,-0.010276,0.000300,0.010353
419750.000000,0.300000,0.370000,0.200000,0.159954,0.244590,0.044974,0.005157,-0.006636,0.001018,0.008466
419762.000000,0.200000,0.270000,0.020000,0.175587,0.254510,0.027417,0.008677,-0.003935,0.001039,0.009584
419776.000000,0.060000,0.070000,0.070000,0.107040,0.155152,0.016714,0.011266,-0.003073,0.001119,0.011732
419788.000000,0.080000,0.070000,0.070000,0.065253,0.094583,0.010189,0.013264,-0.002923,0.001163,0.013632
419802.000000,0.030000,0.050000,-0.090000,0.039779,0.057659,0.006211,0.015027,-0.003149,0.000574,0.015364
419815.000000,-0.180000,-0.100000,-0.140000,-0.046020,0.035149,0.003786,0.014595,-0.004837,-0.000009,0.015375
419828.000000,-0.280000,0.000000,-0.120000,-0.137363,0.021427,0.002308,0.012632,-0.000431,-0.000278,0.012642
419844.000000,-0.440000,0.390000,0.020000,-0.255509,0.165314,0.001407,0.007859,0.002696,0.000147,0.008309
419856.000000,-0.010000,0.300000,0.380000,-0.155761,0.217894,0.149205,0.007360,0.005306,0.001680,0.009228
419868.000000,0.260000,0.210000,0.280000,0.006547,0.214812,0.090957,0.010055,0.007241,0.002447,0.012630
419884.000000,0.610000,-0.080000,-0.060000,0.242128,0.130952,0.055449,0.018844,0.006301,0.001386,0.019918
419897.000000,0.040000,-0.060000,-0.430000,0.147604,0.079830,-0.134065,0.022065,0.004862,-0.000654,0.022604
419910.000000,-0.010000,0.090000,-0.110000,0.089981,0.048665,-0.081727,0.023655,0.004586,-0.000826,0.024110
419943.000000,-0.020000,0.110000,-0.280000,0.054854,0.029667,-0.049822,0.026218,0.005231,-0.000976,0.026753
419955.000000,0.090000,0.080000,0.120000,0.033439,0.018085,-0.030372,0.027914,0.000346,-0.000045,0.027916
419970.000000,0.140000,0.060000,0.190000,0.020385,0.011025,-0.018515,0.030844,0.000062,0.001049,0.030862
419987.000000,0.070000,0.050000,0.000000,0.012427,0.006721,-0.011287,0.001198,-0.000100,0.000878,0.001488
420001.000000,0.040000,0.000000,0.110000,0.007576,0.004097,-0.006881,0.000876,-0.000352,0.001086,0.001439
420015.000000,0.020000,0.030000,-0.100000,0.004618,0.002498,-0.004195,0.000725,-0.000401,0.000474,0.000954
420030.000000,0.040000,0.040000,-0.020000,0.002815,0.001523,-0.002557,0.000699,-0.000359,0.000317,0.000847
420045.000000,0.040000,0.050000,-0.080000,0.001716,0.000928,-0.001559,0.000689,-0.000284,0.000057,0.000748
420059.000000,0.040000,0.040000,-0.030000,0.001046,0.000566,-0.000950,0.000689,-0.000279,0.000091,0.000749
420074.000000,0.070000,0.020000,0.090000,0.000638,0.000345,-0.000579,0.000792,-0.000354,0.000593,0.001051
420088.000000,0.060000,0.090000,0.060000,0.000389,0.000210,-0.000353,0.000820,-0.000145,0.000799,0.001154
420100.000000,0.070000,0.110000,0.000000,0.000237,0.000128,-0.000215,0.000873,0.000068,0.000679,0.001108
420112.000000,0.070000,0.070000,-0.010000,0.000144,0.000078,-0.000131,0.000915,0.000057,0.000536,0.001062
420127.000000,0.050000,0.040000,-0.010000,0.000088,0.000048,-0.000080,0.000826,-0.000097,0.000419,0.000931
420141.000000,0.040000,0.010000,0.010000,0.000054,0.000029,-0.000049,0.000718,-0.000302,0.000434,0.000891
420155.000000,0.060000,0.040000,0.030000,0.000033,0.000018,-0.000030,0.000729,-0.000313,0.000530,0.000954
420169.000000,0.070000,0.080000,-0.010000,0.000020,0.000011,-0.000018,0.000780,-0.000146,0.000441,0.000908
420186.000000,0.050000,0.040000,-0.070000,0.000012,0.000007,-0.000011,0.000700,-0.000175,0.000118,0.000731
420200.000000,0.020000,0.060000,-0.080000,0.000007,0.000004,-0.000007,0.000554,-0.000140,-0.000093,0.000579
420214.000000,0.030000,0.050000,-0.010000,0.000005,0.000002,-0.000004,0.000502,-0.000152,0.000052,0.000527
420228.000000,0.050000,0.060000,-0.010000,0.000003,0.000001,-0.000003,0.000552,-0.000126,0.000174,0.000592
420244.000000,0.070000,0.040000,0.000000,0.000002,0.000001,-0.000002,0.000651,-0.000177,0.000274,0.000728
420258.000000,0.040000,0.060000,-0.010000,0.000001,0.000001,-0.000001,0.000600,-0.000140,0.000286,0.000680
420275.000000,0.060000,0.040000,0.010000,0.000001,0.000000,-0.000001,0.000609,-0.000180,0.000351,0.000726
420289.000000,0.050000,0.050000,0.010000,0.000000,0.000000,-0.000000,0.000594,-0.000174,0.000393,0.000733
420302.000000,0.050000,0.050000,0.030000,0.000000,0.000000,-0.000000,0.000592,-0.000169,0.000494,0.000790
420316.000000,0.040000,0.050000,-0.060000,0.000000,0.000000,-0.000000,0.000547,-0.000164,0.000219,0.000612
420330.000000,0.000000,0.040000,-0.120000,0.000000,0.000000,-0.000000,0.000360,-0.000195,-0.000205,0.000459
420347.000000,0.000000,0.020000,-0.130000,0.000000,0.000000,-0.000000,0.000219,-0.000285,-0.000495,0.000612
420361.000000,0.030000,0.000000,-0.010000,0.000000,0.000000,-0.000000,0.000272,-0.000412,-0.000189,0.000529
420377.000000,0.190000,0.150000,0.100000,0.074174,0.058558,-0.000000,0.000925,0.000084,0.000473,0.001042
420391.000000,0.160000,0.090000,0.180000,0.107679,0.035698,-0.000000,0.003249,0.000182,0.001139,0.003448
420405.000000,0.060000,0.050000,0.020000,0.065643,0.021762,-0.000000,0.004653,0.000052,0.000938,0.004747
420419.000000,0.090000,0.060000,0.020000,0.040016,0.013266,-0.000000,0.006075,-0.000011,0.000717,0.006117
420436.000000,0.070000,0.050000,0.040000,0.024395,0.008087,-0.000000,0.007571,-0.000077,0.000628,0.007597
420450.000000,0.060000,0.060000,0.030000,0.014871,0.004930,-0.000000,0.008647,-0.000074,0.000578,0.008667
420464.000000,0.060000,0.060000,0.000000,0.009066,0.003005,-0.000000,0.001098,-0.000066,0.000445,0.001186
420478.000000,0.070000,0.020000,0.050000,0.005527,0.001832,-0.000000,0.000714,-0.000208,0.000541,0.000919
420495.000000,0.030000,0.010000,-0.010000,0.003369,0.001117,-0.000000,0.000454,-0.000336,0.000367,0.000674
420509.000000,0.030000,0.000000,0.000000,0.002054,0.000681,-0.000000,0.000341,-0.000438,0.000301,0.000631
420526.000000,0.040000,0.050000,0.000000,0.001252,0.000415,-0.000000,0.000312,-0.000292,0.000261,0.000501
420542.000000,0.060000,0.040000,0.010000,0.000763,0.000253,-0.000000,0.000381,-0.000229,0.000280,0.000525
420556.000000,0.030000,0.050000,0.000000,0.000465,0.000154,-0.000000,0.000324,-0.000172,0.000265,0.000452
420570.000000,0.030000,0.020000,-0.040000,0.000284,0.000094,-0.000000,0.000277,-0.000250,0.000104,0.000388
420587.000000,-0.040000,0.010000,-0.240000,0.000173,0.000057,-0.000000,-0.000029,-0.000337,-0.000775,0.000846
420601.000000,0.120000,0.020000,0.170000,0.000105,0.000035,-0.000000,0.000379,-0.000348,0.000210,0.000556
420615.000000,0.080000,0.070000,0.000000,0.000064,0.000021,-0.000000,0.000543,-0.000165,0.000339,0.000661
420629.000000,0.070000,0.040000,-0.020000,0.000039,0.000013,-0.000000,0.000565,-0.000149,0.000237,0.000631
420647.000000,0.040000,0.030000,0.000000,0.000024,0.000008,-0.000000,0.000410,-0.000187,0.000212,0.000498
420663.000000,0.060000,0.030000,0.000000,0.000015,0.000005,-0.000000,0.000399,-0.000214,0.000213,0.000500
420677.000000,0.050000,0.050000,0.000000,0.000009,0.000003,-0.000000,0.000378,-0.000158,0.000220,0.000465
420693.000000,0.060000,0.040000,-0.020000,0.000005,0.000002,-0.000000,0.000393,-0.000150,0.000143,0.000444
420707.000000,0.070000,0.020000,-0.010000,0.000003,0.000001,-0.000000,0.000443,-0.000226,0.000133,0.000515
420723.000000,0.030000,0.030000,-0.020000,0.000002,0.000001,-0.000000,0.000315,-0.000236,0.000093,0.000404
420737.000000,0.040000,0.060000,0.010000,0.000001,0.000000,-0.000000,0.000270,-0.000126,0.000180,0.000348
420750.000000,0.080000,0.020000,-0.020000,0.000001,0.000000,-0.000000,0.000400,-0.000198,0.000135,0.000467
420766.000000,0.060000,0.020000,-0.020000,0.000000,0.000000,-0.000000,0.000410,-0.000256,0.000086,0.000491
420780.000000,0.040000,0.040000,0.000000,0.000000,0.000000,-0.000000,0.000328,-0.000210,0.000136,0.000413
420797.000000,0.010000,-0.020000,0.000000,0.000000,0.000000,-0.000000,0.000144,-0.000393,0.000170,0.000452
420812.000000,-0.030000,-0.090000,0.000000,0.000000,0.000000,-0.000000,-0.000102,-0.000768,0.000187,0.000797
420827.000000,0.130000,0.110000,-0.010000,0.000000,0.000000,-0.000000,0.000350,-0.000252,0.000157,0.000459
420841.000000,0.080000,0.060000,-0.030000,0.000000,0.000000,-0.000000,0.000485,-0.000063,0.000063,0.000493
420854.000000,0.060000,0.070000,-0.030000,0.000000,0.000000,-0.000000,0.000458,0.000045,0.000003,0.000460
420868.000000,0.070000,0.080000,-0.010000,0.000000,0.000000,-0.000000,0.000455,0.000139,0.000046,0.000478
420885.000000,0.060000,0.050000,-0.030000,0.000000,0.000000,-0.000000,0.000393,0.000068,0.000004,0.000399
420899.000000,0.050000,0.040000,-0.010000,0.000000,0.000000,-0.000000,0.000330,-0.000018,0.000048,0.000334
420913.000000,0.040000,0.010000,-0.030000,0.000000,0.000000,-0.000000,0.000257,-0.000182,0.000008,0.000315
420927.000000,0.050000,0.060000,-0.020000,0.000000,0.000000,-0.000000,0.000250,-0.000096,0.000013,0.000268
420943.000000,0.080000,0.040000,0.000000,0.000000,0.000000,-0.000000,0.000359,-0.000091,0.000097,0.000382
420956.000000,0.070000,0.020000,-0.020000,0.000000,0.000000,-0.000000,0.000394,-0.000170,0.000076,0.000436
420970.000000,0.060000,0.010000,0.000000,0.000000,0.000000,-0.000000,0.000372,-0.000265,0.000127,0.000474
420986.000000,0.040000,0.040000,0.010000,0.000000,0.000000,-0.000000,0.000260,-0.000197,0.000198,0.000381
421000.000000,0.050000,0.050000,0.000000,0.000000,0.000000,-0.000000,0.000234,-0.000110,0.000200,0.000327
421016.000000,0.060000,0.030000,-0.020000,0.000000,0.000000,-0.000000,0.000261,-0.000130,0.000114,0.000313
421030.000000,0.040000,0.050000,0.000000,0.000000,0.000000,-0.000000,0.000208,-0.000079,0.000136,0.000260
421047.000000,0.060000,0.040000,0.010000,0.000000,0.000000,-0.000000,0.000237,-0.000077,0.000192,0.000315
421064.000000,0.040000,0.050000,0.000000,0.000000,0.000000,-0.000000,0.000181,-0.000042,0.000183,0.000261
421078.000000,0.050000,0.060000,0.000000,0.000000,0.000000,-0.000000,0.000187,0.000013,0.000178,0.000259
421095.000000,0.070000,0.040000,-0.020000,0.000000,0.000000,-0.000000,0.000267,-0.000028,0.000093,0.000284
421109.000000,0.070000,0.030000,-0.020000,0.000000,0.000000,-0.000000,0.000317,-0.000095,0.000045,0.000333
421126.000000,0.050000,0.060000,0.000000,0.000000,0.000000,-0.000000,0.000257,-0.000021,0.000094,0.000275
421140.000000,0.040000,0.030000,0.000000,0.000000,0.000000,-0.000000,0.000185,-0.000079,0.000130,0.000240
421156.000000,0.070000,0.050000,0.020000,0.000000,0.000000,-0.000000,0.000251,-0.000050,0.000223,0.000339
421170.000000,0.070000,0.040000,0.000000,0.000000,0.000000,-0.000000,0.000300,-0.000063,0.000205,0.000369
421186.000000,0.050000,0.060000,-0.010000,0.000000,0.000000,-0.000000,0.000245,0.000003,0.000140,0.000282
421200.000000,0.040000,0.070000,0.000000,0.000000,0.000000,-0.000000,0.000171,0.000081,0.000140,0.000235
421321.000000,0.080000,0.050000,0.000000,0.000000,0.000000,-0.000000,0.000275,0.000053,0.000146,0.000316
421437.000000,0.040000,0.040000,0.000000,0.000000,0.000000,-0.000000,0.000210,-0.000008,0.000151,0.000259
421449.000000,0.060000,0.040000,0.020000,0.000000,0.000000,-0.000000,0.000224,-0.000050,0.000228,0.000324
421462.000000,0.060000,0.040000,0.000000,0.000000,0.000000,-0.000000,0.000240,-0.000073,0.000206,0.000325
421487.000000,0.040000,0.040000,0.010000,0.000000,0.000000,-0.000000,0.000124,-0.000067,0.000173,0.000223
421499.000000,0.050000,0.020000,0.020000,0.000000,0.000000,-0.000000,0.000129,-0.000139,0.000223,0.000293
421538.000000,0.060000,0.030000,-0.020000,0.000000,0.000000,-0.000000,0.000116,-0.000102,0.000052,0.000163
421550.000000,0.040000,0.060000,0.000000,0.000000,0.000000,-0.000000,0.000101,-0.000032,0.000079,0.000132
421565.000000,0.050000,0.050000,-0.010000,0.000000,0.000000,-0.000000,0.000121,-0.000007,0.000070,0.000140
421662.000000,0.050000,0.030000,0.000000,0.000000,0.000000,-0.000000,0.000132,-0.000073,0.000095,0.000178
421726.000000,0.040000,0.040000,-0.010000,0.000000,0.000000,-0.000000,0.000104,-0.000082,0.000078,0.000153
421764.000000,0.040000,0.040000,-0.010000,0.000000,0.000000,-0.000000,0.000043,-0.000048,0.000033,0.000073
421776.000000,0.070000,0.040000,0.000000,0.000000,0.000000,-0.000000,0.000143,-0.000059,0.000068,0.000169
421814.000000,0.060000,0.040000,0.000000,0.000000,0.000000,-0.000000,0.000128,-0.000043,0.000067,0.000151
421826.000000,0.060000,0.060000,0.000000,0.000000,0.000000,-0.000000,0.000166,0.000009,0.000091,0.000189
421838.000000,0.060000,0.050000,-0.010000,0.000000,0.000000,-0.000000,0.000199,0.000018,0.000076,0.000214
421850.000000,0.050000,0.030000,0.020000,0.000000,0.000000,-0.000000,0.000179,-0.000055,0.000167,0.000251
421864.000000,0.040000,0.070000,0.000000,0.000000,0.000000,-0.000000,0.000116,0.000041,0.000159,0.000201
421876.000000,0.050000,0.060000,-0.010000,0.000000,0.000000,-0.000000,0.000113,0.000075,0.000107,0.000173
421888.000000,0.080000,0.040000,0.000000,0.000000,0.000000,-0.000000,0.000227,0.000019,0.000106,0.000251
421900.000000,0.050000,0.050000,-0.030000,0.000000,0.000000,-0.000000,0.000201,0.000009,0.000003,0.000201
421914.000000,0.060000,0.030000,0.010000,0.000000,0.000000,-0.000000,0.000198,-0.000067,0.000076,0.000222
421926.000000,0.060000,0.030000,0.010000,0.000000,0.000000,-0.000000,0.000199,-0.000114,0.000135,0.000265
422326.000000,0.090000,0.080000,0.000000,0.000000,0.000000,-0.000000,0.000308,0.000055,0.000129,0.000338
422340.000000,0.050000,0.050000,0.020000,0.000000,0.000000,-0.000000,0.000226,0.000053,0.000190,0.000300
422356.000000,0.070000,0.030000,-0.010000,0.000000,0.000000,-0.000000,0.000229,-0.000042,0.000116,0.000261
422370.000000,0.050000,0.020000,0.010000,0.000000,0.000000,-0.000000,0.000169,-0.000137,0.000138,0.000258
422388.000000,0.070000,0.040000,0.000000,0.000000,0.000000,-0.000000,0.000193,-0.000110,0.000115,0.000251
422403.000000,0.060000,0.030000,0.000000,0.000000,0.000000,-0.000000,0.000182,-0.000124,0.000102,0.000242
422427.000000,0.040000,0.080000,0.020000,0.000000,0.000000,-0.000000,0.000072,0.000066,0.000153,0.000182
422442.000000,0.050000,0.050000,0.010000,0.000000,0.000000,-0.000000,0.000068,0.000057,0.000163,0.000186
422455.000000,0.060000,0.010000,-0.010000,0.000000,0.000000,-0.000000,0.000109,-0.000103,0.000099,0.000180
422469.000000,0.060000,0.020000,-0.020000,0.000000,0.000000,-0.000000,0.000139,-0.000182,0.000011,0.000229
422487.000000,0.060000,0.030000,0.020000,0.000000,0.000000,-0.000000,0.000144,-0.000165,0.000110,0.000245
422501.000000,0.080000,0.040000,-0.010000,0.000000,0.000000,-0.000000,0.000220,-0.000116,0.000070,0.000259
422515.000000,0.080000,0.060000,0.000000,0.000000,0.000000,-0.000000,0.000275,-0.000012,0.000071,0.000284
422529.000000,0.000000,0.110000,-0.010000,0.000000,0.000000,-0.000000,0.000003,0.000240,0.000038,0.000243
422546.000000,-0.010000,0.080000,0.000000,0.000000,0.000000,-0.000000,-0.000230,0.000276,0.000052,0.000363
422560.000000,0.050000,0.040000,0.000000,0.000000,0.000000,-0.000000,-0.000121,0.000130,0.000064,0.000189
422576.000000,0.050000,0.060000,0.000000,0.000000,0.000000,-0.000000,-0.000020,0.000097,0.000071,0.000122
422591.000000,0.080000,0.030000,-0.010000,0.000000,0.000000,-0.000000,0.000141,-0.000019,0.000036,0.000147
422606.000000,0.080000,0.010000,0.010000,0.000000,0.000000,-0.000000,0.000237,-0.000165,0.000087,0.000301
422620.000000,0.100000,0.050000,0.000000,0.000000,0.000000,-0.000000,0.000355,-0.000101,0.000087,0.000379
422636.000000,0.090000,0.040000,-0.020000,0.000000,0.000000,-0.000000,0.000379,-0.000075,0.000003,0.000387
422650.000000,0.120000,0.040000,-0.020000,0.000000,0.000000,-0.000000,0.000493,-0.000068,-0.000048,0.000500
422666.000000,0.020000,0.060000,0.000000,0.000000,0.000000,-0.000000,0.000180,0.000013,0.000002,0.000180
422680.000000,-0.040000,0.000000,0.010000,0.000000,0.000000,-0.000000,-0.000242,-0.000159,0.000074,0.000299
422696.000000,0.050000,0.030000,0.010000,0.000000,0.000000,-0.000000,-0.000158,-0.000169,0.000118,0.000260
422710.000000,0.060000,0.040000,0.000000,0.000000,0.000000,-0.000000,-0.000024,-0.000121,0.000101,0.000159
422726.000000,0.060000,0.050000,-0.030000,0.000000,0.000000,-0.000000,0.000062,-0.000045,-0.000031,0.000083
422741.000000,0.060000,0.050000,0.000000,0.000000,0.000000,-0.000000,0.000099,-0.000004,0.000000,0.000099
422756.000000,0.060000,0.070000,-0.020000,0.000000,0.000000,-0.000000,0.000115,0.000090,-0.000041,0.000152
422771.000000,0.060000,0.040000,-0.020000,0.000000,0.000000,-0.000000,0.000120,0.000034,-0.000070,0.000143
422786.000000,0.070000,0.040000,0.000000,0.000000,0.000000,-0.000000,0.000158,-0.000012,-0.000010,0.000159
422800.000000,0.060000,0.040000,0.000000,0.000000,0.000000,-0.000000,0.000146,-0.000036,0.000032,0.000154
422816.000000,0.060000,0.060000,-0.030000,0.000000,0.000000,-0.000000,0.000129,0.000029,-0.000060,0.000145
422831.000000,0.040000,0.040000,0.000000,0.000000,0.000000,-0.000000,0.000045,-0.000003,-0.000010,0.000047
422846.000000,0.050000,0.060000,-0.010000,0.000000,0.000000,-0.000000,0.000030,0.000045,-0.000006,0.000054
422860.000000,0.090000,0.060000,0.000000,0.000000,0.000000,-0.000000,0.000175,0.000079,0.000029,0.000195
422876.000000,0.060000,0.040000,-0.020000,0.000000,0.000000,-0.000000,0.000160,0.000020,-0.000025,0.000163
422891.000000,0.070000,0.050000,0.000000,0.000000,0.000000,-0.000000,0.000171,0.000016,0.000013,0.000172
422903.000000,0.050000,0.040000,-0.010000,0.000000,0.000000,-0.000000,0.000112,-0.000015,0.000006,0.000113
422915.000000,0.050000,0.040000,0.000000,0.000000,0.000000,-0.000000,0.000069,-0.000038,0.000034,0.000085
422929.000000,0.070000,0.050000,-0.010000,0.000000,0.000000,-0.000000,0.000117,-0.000013,0.000017,0.000119
422944.000000,0.060000,0.050000,0.000000,0.000000,0.000000,-0.000000,0.000114,0.000008,0.000039,0.000121
422958.000000,0.060000,0.050000,0.000000,0.000000,0.000000,-0.000000,0.000107,0.000018,0.000055,0.000121
422975.000000,0.060000,0.050000,0.000000,0.000000,0.000000,-0.000000,0.000098,0.000022,0.000061,0.000117
422989.000000,0.060000,0.040000,-0.010000,0.000000,0.000000,-0.000000,0.000095,-0.000013,0.000028,0.000100
423003.000000,0.050000,0.030000,0.010000,0.000000,0.000000,-0.000000,0.000058,-0.000074,0.000079,0.000122
423017.000000,0.080000,0.050000,-0.010000,0.000000,0.000000,-0.000000,0.000143,-0.000037,0.000042,0.000154
423034.000000,0.090000,0.030000,-0.010000,0.000000,0.000000,-0.000000,0.000238,-0.000078,0.000009,0.000251
423048.000000,0.090000,0.050000,0.000000,0.000000,0.000000,-0.000000,0.000289,-0.000035,0.000030,0.000292
423062.000000,0.050000,0.040000,-0.020000,0.000000,0.000000,-0.000000,0.000168,-0.000039,-0.000026,0.000174
423076.000000,0.060000,0.020000,-0.020000,0.000000,0.000000,-0.000000,0.000115,-0.000120,-0.000067,0.000179
423090.000000,0.060000,0.010000,-0.010000,0.000000,0.000000,-0.000000,0.000092,-0.000211,-0.000050,0.000236
423104.000000,0.060000,0.000000,0.010000,0.000000,0.000000,-0.000000,0.000082,-0.000299,0.000041,0.000313
423118.000000,0.130000,0.010000,-0.030000,0.000000,0.000000,-0.000000,0.000337,-0.000308,-0.000049,0.000460
423135.000000,0.050000,0.040000,-0.010000,0.000000,0.000000,-0.000000,0.000194,-0.000175,-0.000043,0.000265
423149.000000,0.050000,0.010000,-0.010000,0.000000,0.000000,-0.000000,0.000087,-0.000210,-0.000031,0.000230
423165.000000,0.090000,0.020000,-0.020000,0.000000,0.000000,-0.000000,0.000176,-0.000206,-0.000060,0.000277
423179.000000,0.100000,0.040000,0.000000,0.000000,0.000000,-0.000000,0.000279,-0.000127,-0.000006,0.000307
423196.000000,0.090000,0.120000,-0.040000,0.000000,0.000000,-0.000000,0.000295,0.000237,-0.000118,0.000396
423211.000000,0.070000,0.070000,-0.070000,0.000000,0.000000,-0.000000,0.000220,0.000261,-0.000301,0.000455
423236.000000,0.080000,0.020000,0.050000,0.000000,0.000000,-0.000000,0.000170,0.000018,0.000076,0.000187
423248.000000,0.080000,0.040000,0.000000,0.000000,0.000000,-0.000000,0.000183,-0.000017,0.000097,0.000208
423265.000000,0.080000,0.090000,0.000000,0.000000,0.000000,-0.000000,0.000193,0.000163,0.000088,0.000268
423279.000000,0.070000,0.070000,0.000000,0.000000,0.000000,-0.000000,0.000161,0.000200,0.000080,0.000269
423296.000000,0.060000,0.040000,0.010000,0.000000,0.000000,-0.000000,0.000094,0.000089,0.000110,0.000170
423313.000000,0.060000,0.070000,-0.030000,0.000000,0.000000,-0.000000,0.000055,0.000128,-0.000022,0.000142
423327.000000,0.080000,0.040000,0.000000,0.000000,0.000000,-0.000000,0.000113,0.000057,0.000005,0.000127
423344.000000,0.080000,0.020000,-0.010000,0.000000,0.000000,-0.000000,0.000154,-0.000076,-0.000001,0.000171
423358.000000,0.070000,0.060000,-0.010000,0.000000,0.000000,-0.000000,0.000137,-0.000001,-0.000007,0.000137
423375.000000,0.050000,0.070000,0.010000,0.000000,0.000000,-0.000000,0.000041,0.000102,0.000065,0.000128
423389.000000,0.060000,0.070000,0.000000,0.000000,0.000000,-0.000000,0.000023,0.000156,0.000072,0.000173
423406.000000,0.060000,0.030000,0.000000,0.000000,0.000000,-0.000000,0.000020,0.000026,0.000069,0.000076
423422.000000,0.070000,0.020000,-0.010000,0.000000,0.000000,-0.000000,0.000057,-0.000095,0.000028,0.000114
423436.000000,0.070000,0.050000,-0.020000,0.000000,0.000000,-0.000000,0.000081,-0.000050,-0.000033,0.000100
423450.000000,0.070000,0.070000,0.000000,0.000000,0.000000,-0.000000,0.000094,0.000067,0.000003,0.000115
423465.000000,0.060000,0.070000,-0.010000,0.000000,0.000000,-0.000000,0.000060,0.000142,-0.000002,0.000154
423479.000000,0.080000,0.040000,-0.020000,0.000000,0.000000,-0.000000,0.000111,0.000065,-0.000047,0.000137
423496.000000,0.080000,0.040000,-0.020000,0.000000,0.000000,-0.000000,0.000145,0.000001,-0.000075,0.000164
423513.000000,0.060000,0.000000,-0.010000,0.000000,0.000000,-0.000000,0.000083,-0.000179,-0.000048,0.000203
423527.000000,0.070000,0.000000,0.000000,0.000000,0.000000,-0.000000,0.000081,-0.000283,0.000005,0.000295
423544.000000,0.070000,0.080000,0.010000,0.000000,0.000000,-0.000000,0.000084,-0.000026,0.000078,0.000117
423558.000000,0.060000,0.070000,0.000000,0.000000,0.000000,-0.000000,0.000050,0.000100,0.000079,0.000137
423575.000000,0.080000,0.040000,-0.030000,0.000000,0.000000,-0.000000,0.000101,0.000045,-0.000043,0.000119
423589.000000,0.080000,0.030000,-0.020000,0.000000,0.000000,-0.000000,0.000136,-0.000035,-0.000079,0.000161
423605.000000,0.050000,0.040000,-0.020000,0.000000,0.000000,-0.000000,0.000039,-0.000049,-0.000092,0.000111
423619.000000,0.060000,0.050000,-0.020000,0.000000,0.000000,-0.000000,0.000013,-0.000011,-0.000095,0.000097
423635.000000,0.080000,0.040000,-0.040000,0.000000,0.000000,-0.000000,0.000080,-0.000021,-0.000171,0.000190
423649.000000,0.070000,0.020000,-0.010000,0.000000,0.000000,-0.000000,0.000088,-0.000105,-0.000107,0.000174
423665.000000,0.060000,0.040000,-0.020000,0.000000,0.000000,-0.000000,0.000047,-0.000084,-0.000091,0.000133
423677.000000,0.070000,0.050000,0.000000,0.000000,0.000000,-0.000000,0.000057,-0.000030,-0.000020,0.000068
423694.000000,0.070000,0.040000,-0.010000,0.000000,0.000000,-0.000000,0.000068,-0.000026,-0.000003,0.000073
423708.000000,0.070000,0.040000,0.000000,0.000000,0.000000,-0.000000,0.000073,-0.000031,0.000034,0.000086
423724.000000,0.080000,0.040000,-0.020000,0.000000,0.000000,-0.000000,0.000112,-0.000035,-0.000019,0.000119
423738.000000,0.080000,0.030000,0.030000,0.000000,0.000000,-0.000000,0.000137,-0.000073,0.000128,0.000201
423752.000000,0.080000,0.060000,-0.010000,0.000000,0.000000,-0.000000,0.000149,0.000012,0.000085,0.000173
423766.000000,0.070000,0.040000,0.000000,0.000000,0.000000,-0.000000,0.000117,0.000000,0.000076,0.000139
423783.000000,0.060000,0.040000,0.000000,0.000000,0.000000,-0.000000,0.000049,-0.000018,0.000071,0.000088
423797.000000,0.080000,0.040000,0.000000,0.000000,0.000000,-0.000000,0.000087,-0.000028,0.000070,0.000115
423814.000000,0.090000,0.050000,-0.010000,0.000000,0.000000,-0.000000,0.000156,0.000006,0.000030,0.000159
423827.000000,0.080000,0.040000,0.000000,0.000000,0.000000,-0.000000,0.000159,-0.000009,0.000043,0.000165
423844.000000,0.070000,0.050000,0.000000,0.000000,0.000000,-0.000000,0.000110,0.000015,0.000056,0.000124
423858.000000,0.080000,0.070000,0.000000,0.000000,0.000000,-0.000000,0.000119,0.000104,0.000062,0.000170
423874.000000,0.090000,0.030000,0.010000,0.000000,0.000000,-0.000000,0.000166,0.000010,0.000102,0.000195
423886.000000,0.060000,0.040000,0.000000,0.000000,0.000000,-0.000000,0.000091,-0.000019,0.000091,0.000130
423900.000000,0.050000,0.050000,-0.010000,0.000000,0.000000,-0.000000,-0.000010,0.000006,0.000042,0.000043
423915.000000,0.060000,0.050000,0.000000,0.000000,0.000000,-0.000000,-0.000031,0.000027,0.000045,0.000061
423927.000000,0.070000,0.050000,0.000000,0.000000,0.000000,-0.000000,0.000002,0.000037,0.000053,0.000065
423944.000000,0.070000,0.050000,-0.010000,0.000000,0.000000,-0.000000,0.000030,0.000041,0.000018,0.000054
423958.000000,0.090000,0.060000,0.000000,0.000000,0.000000,-0.000000,0.000115,0.000079,0.000034,0.000143
423975.000000,0.080000,0.080000,-0.010000,0.000000,0.000000,-0.000000,0.000130,0.000178,0.000009,0.000221
423987.000000,0.060000,0.040000,0.020000,0.000000,0.000000,-0.000000,0.000064,0.000096,0.000097,0.000151
424001.000000,0.070000,0.040000,0.030000,0.000000,0.000000,-0.000000,0.000049,0.000023,0.000207,0.000214
424016.000000,0.080000,0.030000,-0.010000,0.000000,0.000000,-0.000000,0.000084,-0.000054,0.000112,0.000150
424034.000000,0.070000,0.030000,0.010000,0.000000,0.000000,-0.000000,0.000065,-0.000094,0.000107,0.000157
424048.000000,0.060000,0.030000,0.000000,0.000000,0.000000,-0.000000,0.000018,-0.000111,0.000082,0.000139
424065.000000,0.060000,0.060000,-0.010000,0.000000,0.000000,-0.000000,-0.000014,-0.000002,0.000024,0.000028
424079.000000,0.070000,0.050000,0.000000,0.000000,0.000000,-0.000000,0.000008,0.000027,0.000030,0.000041
424094.000000,0.080000,0.030000,-0.010000,0.000000,0.000000,-0.000000,0.000064,-0.000038,0.000002,0.000075
424108.000000,0.060000,0.040000,0.000000,0.000000,0.000000,-0.000000,0.000024,-0.000047,0.000020,0.000056
424127.000000,0.070000,0.050000,-0.010000,0.000000,0.000000,-0.000000,0.000026,-0.000004,-0.000004,0.000026
424144.000000,0.070000,0.060000,0.000000,0.000000,0.000000,-0.000000,0.000032,0.000058,0.000017,0.000068
424158.000000,0.050000,0.050000,-0.020000,0.000000,0.000000,-0.000000,-0.000036,0.000057,-0.000039,0.000078
424175.000000,0.090000,0.060000,0.000000,0.000000,0.000000,-0.000000,0.000069,0.000086,-0.000005,0.000110
424189.000000,0.070000,0.080000,0.000000,0.000000,0.000000,-0.000000,0.000066,0.000177,0.000022,0.000190
424205.000000,0.080000,0.040000,-0.020000,0.000000,0.000000,-0.000000,0.000090,0.000083,-0.000039,0.000129
424219.000000,0.050000,0.010000,-0.030000,0.000000,0.000000,-0.000000,-0.000004,-0.000093,-0.000116,0.000149
424325.000000,0.060000,0.050000,0.000000,0.000000,0.000000,-0.000000,-0.000032,-0.000060,-0.000056,0.000088
424339.000000,0.080000,0.050000,0.010000,0.000000,0.000000,-0.000000,0.000033,-0.000012,0.000038,0.000052
424351.000000,0.090000,0.040000,-0.010000,0.000000,0.000000,-0.000000,0.000114,-0.000022,0.000019,0.000117
424365.000000,0.070000,0.040000,-0.010000,0.000000,0.000000,-0.000000,0.000091,-0.000034,-0.000006,0.000098
424379.000000,0.060000,0.040000,0.000000,0.000000,0.000000,-0.000000,0.000027,-0.000041,0.000017,0.000051
424395.000000,0.060000,0.040000,0.000000,0.000000,0.000000,-0.000000,-0.000016,-0.000042,0.000035,0.000057
424409.000000,0.070000,0.040000,-0.010000,0.000000,0.000000,-0.000000,0.000002,-0.000043,0.000007,0.000044
424425.000000,0.080000,0.020000,-0.010000,0.000000,0.000000,-0.000000,0.000056,-0.000118,-0.000015,0.000132
424437.000000,0.070000,0.040000,0.000000,0.000000,0.000000,-0.000000,0.000052,-0.000094,0.000011,0.000108
424451.000000,0.060000,0.050000,0.010000,0.000000,0.000000,-0.000000,0.000006,-0.000031,0.000070,0.000077
424466.000000,0.060000,0.040000,-0.020000,0.000000,0.000000,-0.000000,-0.000025,-0.000027,-0.000008,0.000038
424483.000000,0.050000,0.030000,0.000000,0.000000,0.000000,-0.000000,-0.000077,-0.000069,0.000010,0.000104
424497.000000,0.070000,0.040000,0.020000,0.000000,0.000000,-0.000000,-0.000033,-0.000059,0.000101,0.000122
424514.000000,0.060000,0.020000,-0.010000,0.000000,0.000000,-0.000000,-0.000034,-0.000122,0.000047,0.000135
424528.000000,0.080000,0.050000,0.000000,0.000000,0.000000,-0.000000,0.000032,-0.000053,0.000042,0.000074
424545.000000,0.080000,0.050000,0.000000,0.000000,0.000000,-0.000000,0.000078,0.000004,0.000042,0.000089
424559.000000,0.060000,0.040000,0.000000,0.000000,0.000000,-0.000000,0.000026,-0.000007,0.000043,0.000051
424575.000000,0.080000,0.030000,-0.020000,0.000000,0.000000,-0.000000,0.000061,-0.000058,-0.000032,0.000090
424589.000000,0.070000,0.030000,-0.010000,0.000000,0.000000,-0.000000,0.000051,-0.000088,-0.000042,0.000110
424605.000000,0.060000,0.040000,0.000000,0.000000,0.000000,-0.000000,0.000002,-0.000064,-0.000003,0.000064
424619.000000,0.060000,0.040000,-0.010000,0.000000,0.000000,-0.000000,-0.000027,-0.000047,-0.000014,0.000055
424635.000000,0.060000,0.050000,0.000000,0.000000,0.000000,-0.000000,-0.000041,0.000002,0.000012,0.000043
424649.000000,0.060000,0.050000,0.030000,0.000000,0.000000,-0.000000,-0.000047,0.000030,0.000139,0.000150
424665.000000,0.090000,0.050000,-0.010000,0.000000,0.000000,-0.000000,0.000065,0.000044,0.000071,0.000106
424679.000000,0.050000,0.060000,-0.010000,0.000000,0.000000,-0.000000,-0.000012,0.000086,0.000015,0.000088
424694.000000,0.080000,0.020000,-0.010000,0.000000,0.000000,-0.000000,0.000037,-0.000037,-0.000017,0.000055
424707.000000,0.100000,0.020000,0.010000,0.000000,0.000000,-0.000000,0.000148,-0.000120,0.000042,0.000195
424724.000000,0.070000,0.040000,0.000000,0.000000,0.000000,-0.000000,0.000103,-0.000085,0.000048,0.000142
424740.000000,0.070000,0.030000,-0.020000,0.000000,0.000000,-0.000000,0.000062,-0.000091,-0.000030,0.000114
424755.000000,0.070000,0.060000,0.000000,0.000000,0.000000,-0.000000,0.000041,0.000012,-0.000006,0.000044
424769.000000,0.060000,0.060000,-0.010000,0.000000,0.000000,-0.000000,-0.000004,0.000080,-0.000019,0.000082
424785.000000,0.080000,0.060000,0.000000,0.000000,0.000000,-0.000000,0.000042,0.000114,0.000007,0.000121
424799.000000,0.070000,0.020000,0.010000,0.000000,0.000000,-0.000000,0.000039,-0.000019,0.000062,0.000075
424815.000000,0.090000,0.060000,0.000000,0.000000,0.000000,-0.000000,0.000107,0.000037,0.000058,0.000127
424894.000000,0.060000,0.050000,-0.010000,0.000000,0.000000,-0.000000,0.000044,0.000050,0.000016,0.000068
425063.000000,0.060000,0.040000,-0.040000,0.000000,0.000000,-0.000000,-0.000013,0.000015,-0.000132,0.000133
425288.000000,0.070000,0.040000,0.000000,0.000000,0.000000,-0.000000,-0.000004,-0.000008,-0.000073,0.000073
425497.000000,0.080000,0.070000,0.000000,0.000000,0.000000,-0.000000,0.000044,0.000087,-0.000018,0.000099
425524.000000,0.100000,0.040000,-0.010000,0.000000,0.000000,-0.000000,0.000137,0.000029,-0.000017,0.000141
425536.000000,0.080000,0.050000,0.000000,0.000000,0.000000,-0.000000,0.000128,0.000035,0.000007,0.000133
425552.000000,0.080000,0.080000,0.000000,0.000000,0.000000,-0.000000,0.000115,0.000158,0.000027,0.000197
426336.000000,0.110000,0.010000,-0.020000,0.000000,0.000000,-0.000000,0.000212,-0.000015,-0.000034,0.000215
426349.000000,0.070000,0.030000,-0.010000,0.000000,0.000000,-0.000000,0.000142,-0.000084,-0.000046,0.000171
426363.000000,0.070000,0.060000,0.000000,0.000000,0.000000,-0.000000,0.000075,0.000004,-0.000007,0.000075
426379.000000,0.100000,0.040000,0.030000,0.000000,0.000000,-0.000000,0.000149,-0.000003,0.000135,0.000201
426395.000000,0.110000,0.030000,-0.010000,0.000000,0.000000,-0.000000,0.000238,-0.000055,0.000067,0.000253
426409.000000,0.060000,0.060000,0.000000,0.000000,0.000000,-0.000000,0.000106,0.000022,0.000049,0.000119
426424.000000,0.080000,0.030000,-0.010000,0.000000,0.000000,-0.000000,0.000080,-0.000032,0.000005,0.000086
426438.000000,0.120000,0.010000,0.000000,0.000000,0.000000,-0.000000,0.000225,-0.000148,0.000016,0.000270
426452.000000,0.070000,0.050000,0.000000,0.000000,0.000000,-0.000000,0.000140,-0.000073,0.000028,0.000161
426466.000000,0.060000,0.090000,0.000000,0.000000,0.000000,-0.000000,0.000028,0.000140,0.000034,0.000147
426484.000000,0.090000,0.040000,-0.010000,0.000000,0.000000,-0.000000,0.000073,0.000079,-0.000003,0.000108
426498.000000,0.070000,0.020000,-0.040000,0.000000,0.000000,-0.000000,0.000040,-0.000047,-0.000132,0.000146
426512.000000,0.080000,0.060000,0.000000,0.000000,0.000000,-0.000000,0.000051,0.000018,-0.000072,0.000090
426526.000000,0.080000,0.060000,0.010000,0.000000,0.000000,-0.000000,0.000061,0.000078,0.000022,0.000101
426543.000000,0.090000,0.010000,0.000000,0.000000,0.000000,-0.000000,0.000103,-0.000084,0.000041,0.000139
426556.000000,0.100000,0.020000,-0.010000,0.000000,0.000000,-0.000000,0.000163,-0.000148,0.000007,0.000220
426573.000000,0.060000,0.030000,-0.010000,0.000000,0.000000,-0.000000,0.000045,-0.000137,-0.000020,0.000145
426587.000000,0.100000,0.050000,0.000000,0.000000,0.000000,-0.000000,0.000115,-0.000051,0.000004,0.000126
426601.000000,0.070000,0.050000,0.000000,0.000000,0.000000,-0.000000,0.000064,0.000006,0.000023,0.000068
426615.000000,0.060000,0.040000,-0.010000,0.000000,0.000000,-0.000000,-0.000017,-0.000002,-0.000004,0.000017
426632.000000,0.110000,0.060000,0.000000,0.000000,0.000000,-0.000000,0.000125,0.000062,0.000014,0.000140
426646.000000,0.100000,0.060000,0.000000,0.000000,0.000000,-0.000000,0.000182,0.000101,0.000027,0.000210
426663.000000,0.080000,0.040000,-0.010000,0.000000,0.000000,-0.000000,0.000126,0.000043,-0.000004,0.000133
426677.000000,0.060000,0.040000,0.020000,0.000000,0.000000,-0.000000,0.000017,0.000006,0.000085,0.000087
426694.000000,0.080000,0.060000,0.010000,0.000000,0.000000,-0.000000,0.000020,0.000061,0.000110,0.000127
426708.000000,0.080000,0.050000,0.000000,0.000000,0.000000,-0.000000,0.000035,0.000062,0.000080,0.000107
426724.000000,0.050000,0.020000,-0.010000,0.000000,0.000000,-0.000000,-0.000069,-0.000058,0.000017,0.000092
426738.000000,0.100000,0.030000,0.000000,0.000000,0.000000,-0.000000,0.000048,-0.000095,0.000019,0.000108
426754.000000,0.090000,0.040000,0.000000,0.000000,0.000000,-0.000000,0.000101,-0.000068,0.000026,0.000125
426766.000000,0.090000,0.080000,0.000000,0.000000,0.000000,-0.000000,0.000121,0.000089,0.000030,0.000154
426782.000000,0.100000,0.040000,0.000000,0.000000,0.000000,-0.000000,0.000168,0.000055,0.000032,0.000179
426796.000000,0.100000,0.040000,-0.020000,0.000000,0.000000,-0.000000,0.000192,0.000014,-0.000040,0.000197
426813.000000,0.070000,0.030000,0.000000,0.000000,0.000000,-0.000000,0.000083,-0.000050,-0.000014,0.000098
426827.000000,0.040000,0.020000,0.010000,0.000000,0.000000,-0.000000,-0.000090,-0.000120,0.000046,0.000157
426844.000000,0.080000,0.050000,-0.020000,0.000000,0.000000,-0.000000,-0.000047,-0.000045,-0.000030,0.000072
426858.000000,0.070000,0.060000,0.010000,0.000000,0.000000,-0.000000,-0.000039,0.000042,0.000027,0.000064
426874.000000,0.080000,0.020000,-0.010000,0.000000,0.000000,-0.000000,0.000000,-0.000056,-0.000002,0.000056
426888.000000,0.090000,0.030000,-0.010000,0.000000,0.000000,-0.000000,0.000060,-0.000090,-0.000026,0.000111
426904.000000,0.080000,0.060000,0.000000,0.000000,0.000000,-0.000000,0.000059,0.000013,-0.000001,0.000060
426918.000000,0.090000,0.060000,0.000000,0.000000,0.000000,-0.000000,0.000088,0.000079,0.000017,0.000120
426934.000000,0.070000,0.040000,-0.020000,0.000000,0.000000,-0.000000,0.000031,0.000037,-0.000050,0.000069
426948.000000,0.060000,0.020000,0.010000,0.000000,0.000000,-0.000000,-0.000043,-0.000069,0.000017,0.000083
426964.000000,0.080000,0.030000,0.000000,0.000000,0.000000,-0.000000,-0.000013,-0.000099,0.000033,0.000105
426978.000000,0.080000,0.050000,0.000000,0.000000,0.000000,-0.000000,0.000014,-0.000033,0.000035,0.000050
426995.000000,0.080000,0.050000,0.010000,0.000000,0.000000,-0.000000,0.000030,0.000018,0.000071,0.000079
427012.000000,0.070000,0.020000,-0.020000,0.000000,0.000000,-0.000000,-0.000002,-0.000072,-0.000021,0.000075
427026.000000,0.070000,0.030000,-0.010000,0.000000,0.000000,-0.000000,-0.000023,-0.000096,-0.000042,0.000107
427043.000000,0.070000,0.040000,0.010000,0.000000,0.000000,-0.000000,-0.000033,-0.000062,0.000029,0.000076
427057.000000,0.090000,0.040000,0.000000,0.000000,0.000000,-0.000000,0.000035,-0.000041,0.000037,0.000065
427074.000000,0.070000,0.010000,-0.010000,0.000000,0.000000,-0.000000,0.000007,-0.000142,-0.000004,0.000142
427089.000000,0.060000,0.020000,0.010000,0.000000,0.000000,-0.000000,-0.000054,-0.000168,0.000045,0.000183
427104.000000,0.100000,0.060000,-0.010000,0.000000,0.000000,-0.000000,0.000057,-0.000027,0.000007,0.000064
427118.000000,0.090000,0.050000,0.000000,0.000000,0.000000,-0.000000,0.000099,0.000030,0.000013,0.000104
427133.000000,0.100000,0.020000,-0.010000,0.000000,0.000000,-0.000000,0.000152,-0.000059,-0.000016,0.000164
427147.000000,0.090000,0.040000,-0.040000,0.000000,0.000000,-0.000000,0.000144,-0.000048,-0.000146,0.000211
427164.000000,0.090000,0.040000,-0.020000,0.000000,0.000000,-0.000000,0.000127,-0.000029,-0.000151,0.000199
427178.000000,0.080000,0.040000,0.000000,0.000000,0.000000,-0.000000,0.000084,-0.000020,-0.000069,0.000110
427194.000000,0.090000,0.040000,0.000000,0.000000,0.000000,-0.000000,0.000092,-0.000015,-0.000010,0.000093
427208.000000,0.110000,0.070000,-0.020000,0.000000,0.000000,-0.000000,0.000175,0.000097,-0.000057,0.000208
427225.000000,0.070000,0.030000,0.010000,0.000000,0.000000,-0.000000,0.000073,0.000018,0.000021,0.000079
427345.000000,0.070000,0.040000,0.010000,0.000000,0.000000,-0.000000,0.000010,-0.000002,0.000070,0.000071
427362.000000,0.090000,0.040000,-0.020000,0.000000,0.000000,-0.000000,0.000047,-0.000010,-0.000017,0.000051
427376.000000,0.090000,0.050000,-0.010000,0.000000,0.000000,-0.000000,0.000076,0.000024,-0.000038,0.000089
427393.000000,0.070000,0.040000,0.000000,0.000000,0.000000,-0.000000,0.000015,0.000010,-0.000004,0.000019
427408.000000,0.090000,0.020000,0.000000,0.000000,0.000000,-0.000000,0.000049,-0.000076,0.000018,0.000092
427425.000000,0.090000,0.030000,-0.010000,0.000000,0.000000,-0.000000,0.000077,-0.000092,-0.000009,0.000120
427453.000000,0.090000,0.040000,-0.020000,0.000000,0.000000,-0.000000,0.000072,-0.000039,-0.000059,0.000101
427465.000000,0.090000,0.020000,-0.020000,0.000000,0.000000,-0.000000,0.000085,-0.000091,-0.000089,0.000152
427483.000000,0.080000,0.020000,-0.020000,0.000000,0.000000,-0.000000,0.000053,-0.000135,-0.000108,0.000181
427497.000000,0.110000,0.030000,0.000000,0.000000,0.000000,-0.000000,0.000143,-0.000118,-0.000044,0.000190
427514.000000,0.110000,0.010000,-0.040000,0.000000,0.000000,-0.000000,0.000204,-0.000175,-0.000147,0.000307
427528.000000,0.100000,0.040000,-0.030000,0.000000,0.000000,-0.000000,0.000198,-0.000104,-0.000181,0.000288
427544.000000,0.060000,0.040000,0.030000,0.000000,0.000000,-0.000000,0.000032,-0.000047,0.000036,0.000067
427558.000000,0.100000,0.050000,0.000000,0.000000,0.000000,-0.000000,0.000077,0.000017,0.000063,0.000101
427572.000000,0.110000,0.040000,-0.040000,0.000000,0.000000,-0.000000,0.000162,0.000017,-0.000089,0.000186
427586.000000,0.080000,0.040000,0.000000,0.000000,0.000000,-0.000000,0.000102,0.000010,-0.000045,0.000112
427600.000000,0.080000,0.020000,0.000000,0.000000,0.000000,-0.000000,0.000051,-0.000069,0.000002,0.000085
427615.000000,0.090000,0.030000,0.000000,0.000000,0.000000,-0.000000,0.000059,-0.000083,0.000029,0.000106
427633.000000,0.070000,0.040000,0.000000,0.000000,0.000000,-0.000000,-0.000009,-0.000041,0.000040,0.000058
427647.000000,0.090000,0.020000,0.000000,0.000000,0.000000,-0.000000,0.000025,-0.000090,0.000044,0.000103
427661.000000,0.080000,0.010000,-0.030000,0.000000,0.000000,-0.000000,0.000017,-0.000165,-0.000064,0.000178
427673.000000,0.050000,0.060000,0.000000,0.000000,0.000000,-0.000000,-0.000098,-0.000032,-0.000029,0.000107
427687.000000,0.080000,0.060000,0.010000,0.000000,0.000000,-0.000000,-0.000071,0.000079,0.000048,0.000117
427701.000000,0.110000,0.070000,0.000000,0.000000,0.000000,-0.000000,0.000075,0.000172,0.000057,0.000196
427715.000000,0.100000,0.050000,-0.030000,0.000000,0.000000,-0.000000,0.000133,0.000146,-0.000057,0.000206
427732.000000,0.090000,0.060000,0.000000,0.000000,0.000000,-0.000000,0.000111,0.000149,-0.000020,0.000187
427746.000000,0.090000,0.050000,0.010000,0.000000,0.000000,-0.000000,0.000095,0.000120,0.000050,0.000161
427760.000000,0.080000,0.040000,-0.010000,0.000000,0.000000,-0.000000,0.000049,0.000064,0.000020,0.000083
427774.000000,0.080000,0.050000,-0.020000,0.000000,0.000000,-0.000000,0.000019,0.000065,-0.000045,0.000081
427789.000000,0.110000,0.070000,0.000000,0.000000,0.000000,-0.000000,0.000116,0.000146,-0.000010,0.000187
427803.000000,0.070000,0.010000,0.040000,0.000000,0.000000,-0.000000,0.000034,-0.000023,0.000167,0.000172
427817.000000,0.080000,0.040000,0.000000,0.000000,0.000000,-0.000000,0.000006,-0.000035,0.000135,0.000139
427834.000000,0.080000,0.070000,0.000000,0.000000,0.000000,-0.000000,-0.000005,0.000092,0.000085,0.000125
427848.000000,0.100000,0.030000,0.000000,0.000000,0.000000,-0.000000,0.000064,0.000024,0.000061,0.000092
427864.000000,0.080000,0.020000,-0.010000,0.000000,0.000000,-0.000000,0.000037,-0.000075,0.000011,0.000084
427878.000000,0.080000,0.070000,0.000000,0.000000,0.000000,-0.000000,0.000013,0.000055,0.000019,0.000059
427894.000000,0.100000,0.080000,0.030000,0.000000,0.000000,-0.000000,0.000074,0.000192,0.000143,0.000251
427908.000000,0.080000,0.060000,0.000000,0.000000,0.000000,-0.000000,0.000042,0.000190,0.000109,0.000223
427924.000000,0.100000,0.020000,-0.030000,0.000000,0.000000,-0.000000,0.000088,0.000018,-0.000043,0.000100
427938.000000,0.070000,0.030000,0.030000,0.000000,0.000000,-0.000000,0.000010,-0.000050,0.000087,0.000101
427954.000000,0.080000,0.050000,0.020000,0.000000,0.000000,-0.000000,-0.000011,-0.000003,0.000153,0.000153
427968.000000,0.110000,0.050000,-0.010000,0.000000,0.000000,-0.000000,0.000095,0.000034,0.000070,0.000123
427984.000000,0.100000,0.050000,0.030000,0.000000,0.000000,-0.000000,0.000130,0.000053,0.000156,0.000210
427998.000000,0.080000,0.040000,-0.010000,0.000000,0.000000,-0.000000,0.000068,0.000025,0.000072,0.000102
428014.000000,0.080000,0.050000,0.000000,0.000000,0.000000,-0.000000,0.000019,0.000041,0.000041,0.000061
428027.000000,0.110000,0.060000,0.000000,0.000000,0.000000,-0.000000,0.000105,0.000090,0.000032,0.000142
428044.000000,0.100000,0.060000,-0.020000,0.000000,0.000000,-0.000000,0.000131,0.000121,-0.000049,0.000185
428059.000000,0.060000,0.010000,0.000000,0.000000,0.000000,-0.000000,-0.000011,-0.000051,-0.000022,0.000057
428074.000000,0.070000,0.040000,-0.020000,0.000000,0.000000,-0.000000,-0.000070,-0.000055,-0.000072,0.000114
428088.000000,0.090000,0.060000,0.000000,0.000000,0.000000,-0.000000,-0.000019,0.000034,-0.000033,0.000051
428104.000000,0.110000,0.030000,-0.020000,0.000000,0.000000,-0.000000,0.000099,-0.000018,-0.000075,0.000126
428122.000000,0.080000,0.040000,0.000000,0.000000,0.000000,-0.000000,0.000049,-0.000023,-0.000028,0.000061
428136.000000,0.090000,0.050000,0.010000,0.000000,0.000000,-0.000000,0.000048,0.000015,0.000038,0.000063
428150.000000,0.090000,0.050000,-0.010000,0.000000,0.000000,-0.000000,0.000052,0.000042,0.000006,0.000067
428164.000000,0.110000,0.050000,-0.020000,0.000000,0.000000,-0.000000,0.000129,0.000055,-0.000061,0.000153
428178.000000,0.080000,0.060000,-0.010000,0.000000,0.000000,-0.000000,0.000068,0.000098,-0.000065,0.000136
428194.000000,0.080000,0.030000,0.000000,0.000000,0.000000,-0.000000,0.000014,0.000009,-0.000020,0.000026
428209.000000,0.090000,0.020000,0.010000,0.000000,0.000000,-0.000000,0.000026,-0.000088,0.000046,0.000103
428224.000000,0.100000,0.060000,-0.010000,0.000000,0.000000,-0.000000,0.000076,0.000007,0.000009,0.000077
428239.000000,0.100000,0.060000,-0.010000,0.000000,0.000000,-0.000000,0.000106,0.000080,-0.000022,0.000135
428254.000000,0.080000,0.040000,-0.040000,0.000000,0.000000,-0.000000,0.000046,0.000041,-0.000150,0.000162
428269.000000,0.090000,0.040000,0.000000,0.000000,0.000000,-0.000000,0.000040,0.000008,-0.000080,0.000090
428284.000000,0.090000,0.040000,-0.010000,0.000000,0.000000,-0.000000,0.000042,-0.000009,-0.000057,0.000072
428298.000000,0.090000,0.050000,0.000000,0.000000,0.000000,-0.000000,0.000044,0.000020,-0.000013,0.000050
428314.000000,0.070000,0.060000,-0.010000,0.000000,0.000000,-0.000000,-0.000031,0.000079,-0.000023,0.000088
428329.000000,0.090000,0.020000,-0.010000,0.000000,0.000000,-0.000000,-0.000004,-0.000036,-0.000033,0.000049
428344.000000,0.090000,0.030000,-0.010000,0.000000,0.000000,-0.000000,0.000021,-0.000080,-0.000040,0.000092
428360.000000,0.100000,0.030000,-0.010000,0.000000,0.000000,-0.000000,0.000072,-0.000095,-0.000041,0.000126
428372.000000,0.080000,0.040000,0.000000,0.000000,0.000000,-0.000000,0.000032,-0.000066,-0.000008,0.000074
428386.000000,0.090000,0.050000,0.000000,0.000000,0.000000,-0.000000,0.000032,-0.000005,0.000018,0.000037
428400.000000,0.090000,0.070000,0.010000,0.000000,0.000000,-0.000000,0.000038,0.000107,0.000068,0.000132
428414.000000,0.100000,0.060000,-0.020000,0.000000,0.000000,-0.000000,0.000078,0.000138,-0.000013,0.000159
428430.000000,0.080000,0.030000,-0.020000,0.000000,0.000000,-0.000000,0.000027,0.000027,-0.000075,0.000084
428444.000000,0.070000,0.040000,-0.020000,0.000000,0.000000,-0.000000,-0.000045,-0.000006,-0.000103,0.000113
428460.000000,0.100000,0.030000,0.020000,0.000000,0.000000,-0.000000,0.000025,-0.000056,0.000037,0.000071
428472.000000,0.100000,0.030000,0.000000,0.000000,0.000000,-0.000000,0.000073,-0.000082,0.000052,0.000122
428484.000000,0.090000,0.050000,-0.020000,0.000000,0.000000,-0.000000,0.000068,-0.000027,-0.000021,0.000076
428496.000000,0.270000,-0.030000,-0.010000,0.105405,0.000000,-0.000000,0.001645,-0.000271,-0.000040,0.001668
428513.000000,0.070000,0.090000,0.000000,0.064256,0.000000,-0.000000,0.002133,0.000015,-0.000004,0.002133
428528.000000,0.000000,-0.020000,-0.010000,0.039171,0.000000,-0.000000,0.001367,-0.000195,-0.000017,0.001381
428544.000000,-0.040000,0.000000,-0.020000,0.023879,0.000000,-0.000000,-0.000282,-0.000283,-0.000067,0.000405
428558.000000,0.120000,0.050000,-0.010000,0.014557,0.000000,-0.000000,-0.000374,-0.000135,-0.000060,0.000403
428574.000000,0.080000,0.020000,-0.020000,0.008874,0.000000,-0.000000,-0.000050,-0.000134,-0.000087,0.000167
428588.000000,0.080000,0.040000,0.010000,0.005410,0.000000,-0.000000,-0.000041,-0.000077,0.000005,0.000087
428604.000000,0.090000,0.060000,0.010000,0.003298,0.000000,-0.000000,-0.000002,0.000040,0.000072,0.000082
428618.000000,0.110000,0.070000,-0.050000,0.002010,0.000000,-0.000000,0.000095,0.000142,-0.000117,0.000207
428634.000000,0.050000,0.040000,0.000000,0.001226,0.000000,-0.000000,-0.000071,0.000084,-0.000063,0.000127
428648.000000,0.080000,0.050000,0.030000,0.000747,0.000000,-0.000000,-0.000073,0.000075,0.000101,0.000145
428664.000000,0.070000,0.050000,0.000000,0.000455,0.000000,-0.000000,-0.000095,0.000072,0.000093,0.000151
428679.000000,0.090000,0.050000,-0.010000,0.000278,0.000000,-0.000000,-0.000033,0.000072,0.000032,0.000085
428694.000000,0.080000,0.010000,0.010000,0.000169,0.000000,-0.000000,-0.000028,-0.000078,0.000068,0.000107
428708.000000,0.070000,0.020000,-0.010000,0.000103,0.000000,-0.000000,-0.000068,-0.000138,0.000024,0.000155
428724.000000,0.070000,0.060000,0.000000,0.000063,0.000000,-0.000000,-0.000094,-0.000008,0.000027,0.000098
428738.000000,0.090000,0.080000,0.000000,0.000038,0.000000,-0.000000,-0.000033,0.000151,0.000033,0.000159
428753.000000,0.070000,0.020000,0.000000,0.000023,0.000000,-0.000000,-0.000064,0.000021,0.000037,0.000077
428767.000000,0.080000,0.020000,-0.010000,0.000014,0.000000,-0.000000,-0.000053,-0.000080,0.000002,0.000096
428784.000000,0.090000,0.050000,0.010000,0.000009,0.000000,-0.000000,-0.000002,-0.000019,0.000054,0.000057
428798.000000,0.070000,0.030000,0.000000,0.000005,0.000000,-0.000000,-0.000046,-0.000045,0.000052,0.000083
428814.000000,0.100000,0.020000,0.000000,0.000003,0.000000,-0.000000,0.000033,-0.000107,0.000045,0.000120
428829.000000,0.070000,0.030000,0.020000,0.000002,0.000000,-0.000000,-0.000025,-0.000104,0.000115,0.000157
428845.000000,0.070000,0.050000,0.000000,0.000001,0.000000,-0.000000,-0.000071,-0.000019,0.000084,0.000112
428862.000000,0.070000,0.030000,0.010000,0.000001,0.000000,-0.000000,-0.000092,-0.000041,0.000093,0.000137
428876.000000,0.070000,0.030000,0.000000,0.000000,0.000000,-0.000000,-0.000102,-0.000063,0.000067,0.000137
428893.000000,0.060000,0.040000,0.000000,0.000000,0.000000,-0.000000,-0.000141,-0.000036,0.000046,0.000153
428905.000000,0.060000,0.060000,0.000000,0.000000,0.000000,-0.000000,-0.000166,0.000049,0.000038,0.000177
428922.000000,0.100000,0.010000,-0.030000,0.000000,0.000000,-0.000000,-0.000022,-0.000080,-0.000083,0.000117
428936.000000,0.090000,0.000000,-0.030000,0.000000,0.000000,-0.000000,0.000029,-0.000202,-0.000153,0.000255
428951.000000,0.070000,0.030000,0.000000,0.000000,0.000000,-0.000000,-0.000025,-0.000162,-0.000077,0.000181
428965.000000,0.060000,0.060000,0.020000,0.000000,0.000000,-0.000000,-0.000102,-0.000011,0.000054,0.000116
428982.000000,0.080000,0.050000,-0.020000,0.000000,0.000000,-0.000000,-0.000070,0.000053,-0.000018,0.000089
428996.000000,0.090000,0.050000,-0.020000,0.000000,0.000000,-0.000000,-0.000007,0.000074,-0.000074,0.000105
429013.000000,0.060000,0.020000,0.010000,0.000000,0.000000,-0.000000,-0.000080,-0.000035,0.000010,0.000088
429027.000000,0.060000,0.000000,0.000000,0.000000,0.000000,-0.000000,-0.000131,-0.000173,0.000029,0.000219
429044.000000,0.060000,0.040000,0.010000,0.000000,0.000000,-0.000000,-0.000156,-0.000102,0.000071,0.000199
429058.000000,0.080000,0.030000,-0.010000,0.000000,0.000000,-0.000000,-0.000094,-0.000084,0.000022,0.000128
429072.000000,0.080000,0.030000,0.000000,0.000000,0.000000,-0.000000,-0.000050,-0.000078,0.000022,0.000095
429084.000000,0.070000,0.040000,-0.010000,0.000000,0.000000,-0.000000,-0.000064,-0.000041,-0.000008,0.000077
429096.000000,0.080000,0.050000,0.010000,0.000000,0.000000,-0.000000,-0.000044,0.000021,0.000042,0.000064
429111.000000,0.100000,0.030000,-0.050000,0.000000,0.000000,-0.000000,0.000053,-0.000013,-0.000147,0.000157
429125.000000,0.070000,0.030000,-0.010000,0.000000,0.000000,-0.000000,-0.000001,-0.000043,-0.000123,0.000130
429142.000000,0.070000,0.050000,0.000000,0.000000,0.000000,-0.000000,-0.000048,0.000018,-0.000043,0.000067
429155.000000,0.060000,0.070000,0.000000,0.000000,0.000000,-0.000000,-0.000106,0.000128,-0.000001,0.000166
429173.000000,0.070000,0.030000,-0.020000,0.000000,0.000000,-0.000000,-0.000101,0.000044,-0.000055,0.000123
429187.000000,0.050000,0.000000,-0.010000,0.000000,0.000000,-0.000000,-0.000166,-0.000123,-0.000054,0.000214
429203.000000,0.070000,0.020000,0.020000,0.000000,0.000000,-0.000000,-0.000134,-0.000156,0.000065,0.000216
429217.000000,0.060000,0.070000,0.000000,0.000000,0.000000,-0.000000,-0.000144,0.000025,0.000065,0.000160
429244.000000,0.070000,0.030000,-0.040000,0.000000,0.000000,-0.000000,-0.000087,-0.000001,-0.000101,0.000133
429258.000000,0.070000,0.050000,-0.010000,0.000000,0.000000,-0.000000,-0.000080,0.000038,-0.000087,0.000124
429272.000000,0.050000,0.010000,0.000000,0.000000,0.000000,-0.000000,-0.000152,-0.000078,-0.000030,0.000174
429284.000000,0.070000,0.000000,0.000000,0.000000,0.000000,-0.000000,-0.000130,-0.000195,0.000006,0.000234
429297.000000,0.080000,0.040000,0.000000,0.000000,0.000000,-0.000000,-0.000068,-0.000122,0.000027,0.000142
429313.000000,0.070000,0.070000,0.000000,0.000000,0.000000,-0.000000,-0.000060,0.000069,0.000036,0.000098
429327.000000,0.110000,0.040000,-0.020000,0.000000,0.000000,-0.000000,0.000084,0.000065,-0.000034,0.000111
429343.000000,0.080000,0.040000,-0.040000,0.000000,0.000000,-0.000000,0.000067,0.000042,-0.000159,0.000178
429356.000000,0.080000,0.030000,0.030000,0.000000,0.000000,-0.000000,0.000042,-0.000007,0.000023,0.000048
429373.000000,0.070000,0.020000,0.010000,0.000000,0.000000,-0.000000,-0.000015,-0.000079,0.000093,0.000123
429387.000000,0.060000,0.030000,0.000000,0.000000,0.000000,-0.000000,-0.000081,-0.000080,0.000077,0.000137
429402.000000,0.060000,0.040000,0.000000,0.000000,0.000000,-0.000000,-0.000121,-0.000035,0.000059,0.000140
429414.000000,0.080000,0.010000,-0.030000,0.000000,0.000000,-0.000000,-0.000070,-0.000114,-0.000055,0.000145
429429.000000,0.070000,0.000000,-0.010000,0.000000,0.000000,-0.000000,-0.000062,-0.000216,-0.000065,0.000235
429444.000000,0.070000,0.070000,0.010000,0.000000,0.000000,-0.000000,-0.000063,-0.000005,0.000020,0.000066
429461.000000,0.080000,0.020000,-0.030000,0.000000,0.000000,-0.000000,-0.000024,-0.000044,-0.000075,0.000090
429475.000000,0.080000,0.000000,0.000000,0.000000,0.000000,-0.000000,-0.000002,-0.000162,-0.000032,0.000166
429492.000000,0.070000,0.050000,0.000000,0.000000,0.000000,-0.000000,-0.000028,-0.000046,0.000008,0.000055
429506.000000,0.040000,0.050000,0.030000,0.000000,0.000000,-0.000000,-0.000155,0.000034,0.000136,0.000209
429521.000000,0.070000,0.030000,-0.010000,0.000000,0.000000,-0.000000,-0.000128,0.000003,0.000071,0.000146
429533.000000,0.090000,0.020000,-0.040000,0.000000,0.000000,-0.000000,-0.000028,-0.000059,-0.000088,0.000110
429548.000000,0.070000,0.030000,-0.010000,0.000000,0.000000,-0.000000,-0.000029,-0.000066,-0.000089,0.000115
429564.000000,0.050000,0.010000,-0.020000,0.000000,0.000000,-0.000000,-0.000117,-0.000135,-0.000103,0.000206
429581.000000,0.060000,0.040000,0.000000,0.000000,0.000000,-0.000000,-0.000132,-0.000061,-0.000034,0.000149
429595.000000,0.060000,0.010000,-0.010000,0.000000,0.000000,-0.000000,-0.000136,-0.000122,-0.000029,0.000184
429612.000000,0.050000,0.040000,-0.030000,0.000000,0.000000,-0.000000,-0.000170,-0.000053,-0.000108,0.000208
429624.000000,0.060000,0.020000,0.000000,0.000000,0.000000,-0.000000,-0.000159,-0.000079,-0.000051,0.000185
429641.000000,0.070000,0.010000,0.000000,0.000000,0.000000,-0.000000,-0.000102,-0.000143,0.000004,0.000176
429657.000000,0.080000,0.010000,0.000000,0.000000,0.000000,-0.000000,-0.000031,-0.000175,0.000029,0.000180
429673.000000,0.050000,0.030000,0.000000,0.000000,0.000000,-0.000000,-0.000104,-0.000114,0.000039,0.000159
429687.000000,0.060000,0.050000,0.020000,0.000000,0.000000,-0.000000,-0.000121,-0.000001,0.000117,0.000168
429702.000000,0.050000,0.030000,-0.020000,0.000000,0.000000,-0.000000,-0.000161,-0.000005,0.000018,0.000162
429716.000000,0.070000,0.000000,-0.040000,0.000000,0.000000,-0.000000,-0.000111,-0.000130,-0.000127,0.000213
429733.000000,0.050000,0.030000,0.000000,0.000000,0.000000,-0.000000,-0.000144,-0.000097,-0.000061,0.000183
429747.000000,0.060000,0.020000,0.010000,0.000000,0.000000,-0.000000,-0.000134,-0.000102,0.000030,0.000171
429763.000000,0.090000,0.030000,-0.010000,0.000000,0.000000,-0.000000,-0.000008,-0.000069,0.000010,0.000071
429777.000000,0.060000,0.020000,-0.030000,0.000000,0.000000,-0.000000,-0.000042,-0.000086,-0.000085,0.000128
429793.000000,0.060000,0.010000,0.010000,0.000000,0.000000,-0.000000,-0.000078,-0.000136,0.000004,0.000157
429807.000000,0.080000,0.040000,0.000000,0.000000,0.000000,-0.000000,-0.000023,-0.000056,0.000033,0.000069
429823.000000,0.060000,0.020000,-0.010000,0.000000,0.000000,-0.000000,-0.000056,-0.000070,0.000005,0.000090
429837.000000,0.080000,0.010000,-0.010000,0.000000,0.000000,-0.000000,-0.000010,-0.000125,-0.000015,0.000126
429854.000000,0.070000,0.040000,0.000000,0.000000,0.000000,-0.000000,-0.000012,-0.000042,0.000012,0.000046
429872.000000,0.070000,0.050000,0.010000,0.000000,0.000000,-0.000000,-0.000018,0.000052,0.000068,0.000088
429886.000000,0.050000,0.050000,0.000000,0.000000,0.000000,-0.000000,-0.000094,0.000100,0.000064,0.000152
429901.000000,0.060000,0.010000,-0.020000,0.000000,0.000000,-0.000000,-0.000109,-0.000025,-0.000020,0.000114
429916.000000,0.080000,0.030000,-0.010000,0.000000,0.000000,-0.000000,-0.000034,-0.000038,-0.000036,0.000062
429934.000000,0.030000,0.040000,0.010000,0.000000,0.000000,-0.000000,-0.000171,0.000008,0.000040,0.000175
429963.000000,0.080000,0.000000,-0.040000,0.000000,0.000000,-0.000000,-0.000044,-0.000104,-0.000096,0.000149
429975.000000,0.060000,0.030000,0.000000,0.000000,0.000000,-0.000000,-0.000061,-0.000078,-0.000048,0.000110
429991.000000,0.070000,0.050000,0.000000,0.000000,0.000000,-0.000000,-0.000044,0.000028,0.000003,0.000052
430004.000000,0.070000,0.030000,0.000000,0.000000,0.000000,-0.000000,-0.000030,0.000018,0.000028,0.000045
430020.000000,0.060000,0.020000,0.000000,0.000000,0.000000,-0.000000,-0.000060,-0.000039,0.000040,0.000082
430033.000000,0.060000,0.010000,0.000000,0.000000,0.000000,-0.000000,-0.000079,-0.000108,0.000045,0.000141
430047.000000,0.060000,0.000000,-0.020000,0.000000,0.000000,-0.000000,-0.000091,-0.000190,-0.000027,0.000212
430065.000000,0.050000,0.060000,-0.010000,0.000000,0.000000,-0.000000,-0.000128,0.000006,-0.000038,0.000133
430083.000000,0.060000,0.000000,0.000000,0.000000,0.000000,-0.000000,-0.000108,-0.000098,0.000002,0.000146
430097.000000,0.080000,0.020000,-0.010000,0.000000,0.000000,-0.000000,-0.000027,-0.000106,-0.000010,0.000110
430113.000000,0.030000,0.060000,0.020000,0.000000,0.000000,-0.000000,-0.000159,0.000051,0.000091,0.000190
430127.000000,0.060000,0.060000,0.010000,0.000000,0.000000,-0.000000,-0.000141,0.000149,0.000118,0.000236
430143.000000,0.100000,0.000000,-0.030000,0.000000,0.000000,-0.000000,0.000041,-0.000030,-0.000027,0.000057
430157.000000,0.060000,0.010000,-0.020000,0.000000,0.000000,-0.000000,0.000003,-0.000113,-0.000083,0.000140
430173.000000,0.080000,0.010000,0.030000,0.000000,0.000000,-0.000000,0.000034,-0.000151,0.000085,0.000177
430187.000000,0.070000,0.010000,0.000000,0.000000,0.000000,-0.000000,0.000021,-0.000165,0.000084,0.000187
430203.000000,0.070000,0.060000,-0.020000,0.000000,0.000000,-0.000000,0.000008,0.000022,-0.000011,0.000026
430217.000000,0.060000,0.040000,-0.010000,0.000000,0.000000,-0.000000,-0.000035,0.000064,-0.000033,0.000080
430283.000000,0.050000,0.020000,0.000000,0.000000,0.000000,-0.000000,-0.000097,0.000004,-0.000003,0.000097
430297.000000,0.050000,0.050000,-0.010000,0.000000,0.000000,-0.000000,-0.000140,0.000066,-0.000015,0.000155
430313.000000,0.080000,0.050000,0.000000,0.000000,0.000000,-0.000000,-0.000039,0.000114,0.000011,0.000121
430327.000000,0.070000,0.000000,-0.030000,0.000000,0.000000,-0.000000,-0.000011,-0.000046,-0.000081,0.000094
430343.000000,0.020000,0.020000,0.030000,0.000000,0.000000,-0.000000,-0.000191,-0.000085,0.000081,0.000225
430357.000000,0.030000,0.020000,0.000000,0.000000,0.000000,-0.000000,-0.000269,-0.000092,0.000081,0.000296
430375.000000,0.070000,0.020000,0.000000,0.000000,0.000000,-0.000000,-0.000138,-0.000088,0.000060,0.000174
430393.000000,0.060000,0.020000,-0.010000,0.000000,0.000000,-0.000000,-0.000089,-0.000083,0.000010,0.000122
430407.000000,0.070000,0.030000,0.000000,0.000000,0.000000,-0.000000,-0.000040,-0.000048,0.000019,0.000066
430423.000000,0.050000,0.020000,0.000000,0.000000,0.000000,-0.000000,-0.000085,-0.000061,0.000031,0.000109
430438.000000,0.060000,0.040000,-0.010000,0.000000,0.000000,-0.000000,-0.000080,0.000002,-0.000001,0.000080
430453.000000,0.040000,0.060000,0.000000,0.000000,0.000000,-0.000000,-0.000147,0.000119,0.000015,0.000190
430469.000000,0.060000,0.050000,0.000000,0.000000,0.000000,-0.000000,-0.000114,0.000149,0.000028,0.000189
430484.000000,0.070000,0.030000,-0.030000,0.000000,0.000000,-0.000000,-0.000049,0.000081,-0.000077,0.000122
430498.000000,0.050000,0.020000,-0.020000,0.000000,0.000000,-0.000000,-0.000084,-0.000002,-0.000109,0.000138
430511.000000,0.050000,0.040000,0.010000,0.000000,0.000000,-0.000000,-0.000115,0.000023,-0.000012,0.000117
430525.000000,0.070000,0.020000,0.000000,0.000000,0.000000,-0.000000,-0.000056,-0.000025,0.000025,0.000067
430543.000000,0.060000,0.070000,-0.050000,0.000000,0.000000,-0.000000,-0.000046,0.000131,-0.000155,0.000208
430558.000000,0.050000,0.040000,0.000000,0.000000,0.000000,-0.000000,-0.000085,0.000117,-0.000080,0.000165
430573.000000,0.050000,0.000000,-0.010000,0.000000,0.000000,-0.000000,-0.000112,-0.000054,-0.000052,0.000135
430589.000000,0.040000,0.000000,0.000000,0.000000,0.000000,-0.000000,-0.000161,-0.000166,-0.000002,0.000231
430613.000000,0.060000,0.040000,-0.020000,0.000000,0.000000,-0.000000,-0.000091,-0.000045,-0.000047,0.000112
430626.000000,0.080000,0.010000,-0.010000,0.000000,0.000000,-0.000000,-0.000000,-0.000091,-0.000045,0.000101
430641.000000,0.060000,0.040000,0.000000,0.000000,0.000000,-0.000000,-0.000010,-0.000022,-0.000002,0.000024
430655.000000,0.040000,0.060000,0.010000,0.000000,0.000000,-0.000000,-0.000101,0.000103,0.000063,0.000157
430673.000000,0.060000,0.010000,-0.040000,0.000000,0.000000,-0.000000,-0.000081,-0.000014,-0.000091,0.000123
430689.000000,0.070000,0.010000,0.010000,0.000000,0.000000,-0.000000,-0.000023,-0.000095,-0.000002,0.000098
430702.000000,0.060000,0.030000,0.000000,0.000000,0.000000,-0.000000,-0.000026,-0.000066,0.000029,0.000077
430716.000000,0.050000,0.030000,-0.010000,0.000000,0.000000,-0.000000,-0.000071,-0.000036,0.000006,0.000080
430731.000000,0.070000,0.040000,-0.020000,0.000000,0.000000,-0.000000,-0.000025,0.000020,-0.000052,0.000061
430743.000000,0.060000,0.030000,-0.050000,0.000000,0.000000,-0.000000,-0.000027,0.000016,-0.000190,0.000193
430759.000000,0.070000,0.020000,0.010000,0.000000,0.000000,-0.000000,0.000005,-0.000033,-0.000056,0.000066
430773.000000,0.060000,0.050000,0.000000,0.000000,0.000000,-0.000000,-0.000012,0.000048,0.000006,0.000050
430788.000000,0.070000,0.050000,0.030000,0.000000,0.000000,-0.000000,0.000011,0.000109,0.000148,0.000184
430803.000000,0.080000,0.020000,-0.040000,0.000000,0.000000,-0.000000,0.000065,0.000025,-0.000030,0.000076
430819.000000,0.060000,0.040000,0.000000,0.000000,0.000000,-0.000000,0.000022,0.000039,-0.000011,0.000046
430833.000000,0.070000,0.010000,0.020000,0.000000,0.000000,-0.000000,0.000026,-0.000053,0.000093,0.000110
430847.000000,0.070000,0.020000,0.000000,0.000000,0.000000,-0.000000,0.000034,-0.000081,0.000087,0.000124
430863.000000,0.080000,0.070000,0.000000,0.000000,0.000000,-0.000000,0.000075,0.000104,0.000069,0.000145
430879.000000,0.070000,0.060000,-0.030000,0.000000,0.000000,-0.000000,0.000061,0.000182,-0.000056,0.000200
430894.000000,0.080000,0.030000,0.000000,0.000000,0.000000,-0.000000,0.000086,0.000103,-0.000020,0.000136
430911.000000,0.050000,0.060000,-0.010000,0.000000,0.000000,-0.000000,-0.000012,0.000152,-0.000021,0.000154
430923.000000,0.050000,0.070000,-0.010000,0.000000,0.000000,-0.000000,-0.000070,0.000226,-0.000026,0.000238
430939.000000,0.050000,0.020000,0.000000,0.000000,0.000000,-0.000000,-0.000105,0.000085,0.000009,0.000135
430953.000000,0.070000,0.000000,0.000000,0.000000,0.000000,-0.000000,-0.000044,-0.000085,0.000031,0.000101
430969.000000,0.070000,0.020000,-0.010000,0.000000,0.000000,-0.000000,0.000002,-0.000112,0.000004,0.000112
430983.000000,0.080000,0.040000,0.000000,0.000000,0.000000,-0.000000,0.000060,-0.000036,0.000022,0.000073
430996.000000,0.080000,0.030000,0.000000,0.000000,0.000000,-0.000000,0.000095,-0.000020,0.000037,0.000104
431013.000000,0.070000,0.010000,-0.040000,0.000000,0.000000,-0.000000,0.000070,-0.000092,-0.000110,0.000160
431027.000000,0.060000,0.050000,0.000000,0.000000,0.000000,-0.000000,0.000017,0.000008,-0.000052,0.000055
431043.000000,0.060000,0.020000,0.000000,0.000000,0.000000,-0.000000,-0.000019,-0.000028,0.000003,0.000034
431059.000000,0.070000,0.040000,-0.020000,0.000000,0.000000,-0.000000,0.000003,0.000013,-0.000044,0.000046
431073.000000,0.040000,0.020000,-0.010000,0.000000,0.000000,-0.000000,-0.000090,-0.000032,-0.000042,0.000104
431090.000000,0.060000,0.020000,0.000000,0.000000,0.000000,-0.000000,-0.000077,-0.000066,0.000003,0.000102
431104.000000,0.050000,0.040000,0.010000,0.000000,0.000000,-0.000000,-0.000098,-0.000009,0.000066,0.000118
431122.000000,0.080000,0.070000,-0.040000,0.000000,0.000000,-0.000000,0.000006,0.000149,-0.000088,0.000173
431136.000000,0.080000,0.050000,-0.010000,0.000000,0.000000,-0.000000,0.000066,0.000163,-0.000075,0.000191
431150.000000,0.060000,0.020000,0.010000,0.000000,0.000000,-0.000000,0.000025,0.000050,0.000021,0.000059
431164.000000,0.060000,0.010000,0.010000,0.000000,0.000000,-0.000000,-0.000010,-0.000067,0.000085,0.000109
431181.000000,0.070000,0.010000,-0.010000,0.000000,0.000000,-0.000000,0.000009,-0.000132,0.000037,0.000138
431195.000000,0.080000,0.040000,-0.020000,0.000000,0.000000,-0.000000,0.000060,-0.000050,-0.000033,0.000085
431212.000000,0.060000,0.050000,0.000000,0.000000,0.000000,-0.000000,0.000017,0.000053,-0.000000,0.000056
431226.000000,0.060000,0.030000,-0.020000,0.000000,0.000000,-0.000000,-0.000014,0.000033,-0.000046,0.000058
431268.000000,0.080000,0.020000,-0.010000,0.000000,0.000000,-0.000000,0.000034,-0.000027,-0.000024,0.000050
431281.000000,0.050000,0.030000,0.000000,0.000000,0.000000,-0.000000,-0.000026,-0.000026,0.000006,0.000037
431295.000000,0.060000,0.030000,0.000000,0.000000,0.000000,-0.000000,-0.000043,-0.000021,0.000032,0.000058
431312.000000,0.070000,0.020000,-0.010000,0.000000,0.000000,-0.000000,-0.000006,-0.000055,0.000007,0.000056
431326.000000,0.060000,0.020000,0.000000,0.000000,0.000000,-0.000000,-0.000020,-0.000076,0.000025,0.000082
431343.000000,0.050000,0.040000,0.000000,0.000000,0.000000,-0.000000,-0.000070,-0.000009,0.000040,0.000081
431360.000000,0.090000,0.040000,-0.030000,0.000000,0.000000,-0.000000,0.000052,0.000034,-0.000066,0.000091
431374.000000,0.080000,0.010000,-0.010000,0.000000,0.000000,-0.000000,0.000094,-0.000054,-0.000059,0.000124
431392.000000,0.040000,0.010000,0.000000,0.000000,0.000000,-0.000000,-0.000046,-0.000119,-0.000003,0.000127
431406.000000,0.070000,0.020000,0.010000,0.000000,0.000000,-0.000000,-0.000021,-0.000112,0.000064,0.000131
431422.000000,0.060000,0.040000,0.010000,0.000000,0.000000,-0.000000,-0.000029,-0.000024,0.000105,0.000111
431436.000000,0.070000,0.020000,0.000000,0.000000,0.000000,-0.000000,0.000000,-0.000045,0.000086,0.000097
431450.000000,0.160000,0.160000,0.010000,0.062462,0.062462,-0.000000,0.000354,0.000451,0.000107,0.000584
431464.000000,0.010000,-0.050000,0.050000,0.038078,0.038078,-0.000000,0.000032,0.000007,0.000270,0.000272
431481.000000,0.060000,-0.010000,0.000000,0.023213,0.023213,-0.000000,-0.000045,-0.000207,0.000177,0.000276
431495.000000,0.090000,0.040000,-0.060000,0.014151,0.014151,-0.000000,0.000055,-0.000104,-0.000109,0.000160
431507.000000,0.070000,0.030000,-0.020000,0.008626,0.008626,-0.000000,0.000058,-0.000054,-0.000148,0.000168
431521.000000,-0.040000,-0.150000,0.020000,0.005259,-0.053299,-0.000000,-0.000367,-0.000706,0.000007,0.000796
431534.000000,0.070000,0.020000,0.030000,0.003206,-0.032492,-0.000000,-0.000242,-0.000514,0.000151,0.000587
431547.000000,0.220000,0.240000,-0.030000,0.087840,0.073886,-0.000000,0.001099,0.001243,0.000014,0.001660
431559.000000,0.060000,0.030000,0.000000,0.053548,0.045042,-0.000000,0.001429,0.001744,0.000011,0.002254
431573.000000,0.000000,-0.070000,-0.040000,0.032644,0.027458,-0.000000,0.000908,0.000954,-0.000126,0.001323
431588.000000,0.040000,-0.050000,-0.030000,0.019900,0.016739,-0.000000,0.000478,-0.000122,-0.000176,0.000524
431603.000000,0.070000,0.110000,0.020000,0.012131,0.010204,-0.000000,0.000402,0.000412,-0.000005,0.000576
431618.000000,0.070000,0.100000,0.010000,0.007395,0.006221,-0.000000,0.000052,0.000159,0.000075,0.000184
431633.000000,0.040000,-0.090000,-0.050000,0.004508,0.003792,-0.000000,-0.000068,-0.000272,-0.000116,0.000303
431647.000000,0.000000,-0.050000,0.000000,0.002748,0.002312,-0.000000,-0.000290,-0.000491,-0.000064,0.000573
431661.000000,0.110000,0.090000,0.040000,0.001675,0.001409,-0.000000,-0.000021,-0.000074,0.000141,0.000160
431675.000000,0.060000,0.040000,-0.080000,0.001021,0.000859,-0.000000,0.000001,0.000051,-0.000173,0.000180
431692.000000,0.080000,0.030000,-0.050000,0.000623,0.000524,-0.000000,0.000062,0.000048,-0.000292,0.000303
431706.000000,0.120000,0.070000,0.040000,0.000380,0.000319,-0.000000,0.000241,0.000178,-0.000005,0.000300
431722.000000,0.090000,0.030000,0.000000,0.000231,0.000195,-0.000000,0.000243,0.000116,0.000056,0.000275
431736.000000,0.070000,-0.020000,0.030000,0.000141,0.000119,-0.000000,0.000152,-0.000120,0.000172,0.000259
431750.000000,0.030000,0.020000,0.000000,0.000086,0.000072,-0.000000,-0.000058,-0.000126,0.000134,0.000193
431764.000000,0.090000,0.050000,-0.020000,0.000052,0.000044,-0.000000,0.000033,0.000009,0.000019,0.000039
431782.000000,0.030000,-0.030000,-0.050000,0.000032,0.000027,-0.000000,-0.000111,-0.000203,-0.000172,0.000288
431796.000000,-0.040000,-0.080000,-0.040000,0.000019,0.000016,-0.000000,-0.000457,-0.000521,-0.000234,0.000732
431811.000000,0.100000,0.080000,0.000000,0.000012,0.000010,-0.000000,-0.000159,-0.000124,-0.000111,0.000231
431825.000000,0.110000,0.070000,-0.010000,0.000007,0.000006,-0.000000,0.000109,0.000132,-0.000060,0.000181
431842.000000,0.110000,0.030000,0.020000,0.000004,0.000004,-0.000000,0.000260,0.000109,0.000079,0.000293
431856.000000,0.070000,0.000000,0.000000,0.000003,0.000002,-0.000000,0.000177,-0.000039,0.000083,0.000199
431871.000000,0.240000,-0.020000,0.000000,0.093695,0.000001,-0.000000,0.002075,-0.000215,0.000072,0.002087
431883.000000,0.220000,0.120000,-0.020000,0.143003,0.000001,-0.000000,0.003827,0.000183,-0.000005,0.003831
432106.000000,0.050000,0.030000,-0.030000,0.087176,0.000001,-0.000000,0.004221,0.000173,-0.000097,0.004225
432132.000000,0.060000,0.030000,0.000000,0.053144,0.000000,-0.000000,0.004373,0.000072,-0.000022,0.004374
432144.000000,0.020000,0.000000,-0.010000,0.032397,0.000000,-0.000000,0.004011,-0.000052,-0.000019,0.004011
432194.000000,0.000000,-0.060000,0.020000,0.019750,0.000000,-0.000000,0.001259,-0.000234,0.000062,0.001282
432206.000000,0.060000,0.040000,0.000000,0.012040,0.000000,-0.000000,0.000043,-0.000131,0.000068,0.000154
432220.000000,0.160000,0.110000,0.000000,0.069802,0.000000,-0.000000,0.000294,0.000247,0.000066,0.000389
432345.000000,0.120000,0.090000,0.000000,0.042552,0.000000,-0.000000,0.000394,0.000414,0.000062,0.000575
432357.000000,0.130000,0.160000,0.000000,0.025940,0.062462,-0.000000,0.000477,0.000750,0.000060,0.000891
432371.000000,0.040000,-0.040000,-0.050000,0.015813,0.038078,-0.000000,0.000172,0.000208,-0.000132,0.000300
432383.000000,0.130000,0.070000,-0.030000,0.009640,0.023213,-0.000000,0.000286,0.000210,-0.000182,0.000399
432395.000000,0.130000,0.110000,0.040000,0.005877,0.014151,-0.000000,0.000405,0.000417,0.000053,0.000584
432407.000000,0.090000,0.050000,0.010000,0.003582,0.008626,-0.000000,0.000330,0.000348,0.000123,0.000495
432421.000000,0.090000,-0.010000,-0.040000,0.002184,0.005259,-0.000000,0.000248,0.000032,-0.000048,0.000254
432433.000000,0.060000,-0.030000,-0.050000,0.001331,0.003206,-0.000000,0.000098,-0.000232,-0.000201,0.000322
432445.000000,0.040000,0.000000,0.010000,0.000812,0.001954,-0.000000,-0.000074,-0.000283,-0.000079,0.000304
432523.000000,0.120000,0.040000,0.000000,0.000495,0.001191,-0.000000,0.000109,-0.000140,-0.000006,0.000178
432537.000000,0.100000,0.020000,0.050000,0.000302,0.000726,-0.000000,0.000194,-0.000096,0.000223,0.000311
432549.000000,0.150000,0.090000,0.040000,0.058742,0.000443,-0.000000,0.000401,0.000163,0.000323,0.000540
432561.000000,0.080000,0.020000,-0.050000,0.035810,0.000270,-0.000000,0.000294,0.000096,0.000049,0.000313
432573.000000,0.030000,0.020000,-0.070000,0.021830,0.000165,-0.000000,0.000006,0.000013,-0.000237,0.000238
432587.000000,0.060000,0.010000,-0.060000,0.013308,0.000100,-0.000000,-0.000086,-0.000080,-0.000375,0.000393
432600.000000,0.060000,0.000000,-0.010000,0.008113,0.000061,-0.000000,-0.000108,-0.000165,-0.000241,0.000311
432614.000000,0.040000,0.030000,-0.070000,0.004946,0.000037,-0.000000,-0.000186,-0.000102,-0.000352,0.000411
432630.000000,0.190000,0.070000,0.030000,0.077189,0.000023,-0.000000,0.000340,0.000109,-0.000052,0.000360
432642.000000,0.110000,0.030000,0.050000,0.047055,0.000014,-0.000000,0.000378,0.000086,0.000201,0.000437
432656.000000,0.060000,0.000000,0.000000,0.028685,0.000008,-0.000000,0.000169,-0.000066,0.000180,0.000255
432670.000000,0.060000,0.010000,0.020000,0.017487,0.000005,-0.000000,0.000017,-0.000127,0.000201,0.000239
432682.000000,0.080000,0.020000,0.070000,0.010660,0.000003,-0.000000,0.000014,-0.000115,0.000397,0.000413
432694.000000,0.130000,0.040000,0.070000,0.006499,0.000002,-0.000000,0.000208,-0.000029,0.000541,0.000580
432706.000000,0.110000,0.040000,0.010000,0.003962,0.000001,-0.000000,0.000278,0.000034,0.000400,0.000488
432720.000000,0.050000,0.010000,-0.080000,0.002415,0.000001,-0.000000,0.000070,-0.000045,-0.000078,0.000114
432732.000000,0.080000,0.000000,0.010000,0.001472,0.000000,-0.000000,0.000035,-0.000138,-0.000045,0.000150
432744.000000,0.100000,0.000000,0.080000,0.000897,0.000000,-0.000000,0.000105,-0.000199,0.000285,0.000363
432756.000000,0.130000,0.070000,0.070000,0.000547,0.000000,-0.000000,0.000269,0.000023,0.000484,0.000554
432770.000000,0.030000,-0.020000,-0.040000,0.000334,0.000000,-0.000000,-0.000002,-0.000140,0.000162,0.000214
432784.000000,0.040000,0.010000,-0.100000,0.000203,0.000000,-0.000000,-0.000166,-0.000165,-0.000306,0.000385
432796.000000,0.080000,0.010000,0.010000,0.000124,0.000000,-0.000000,-0.000102,-0.000164,-0.000183,0.000266
432808.000000,0.100000,0.020000,0.030000,0.000076,0.000000,-0.000000,0.000035,-0.000126,0.000030,0.000134
432823.000000,0.100000,0.010000,0.000000,0.000046,0.000000,-0.000000,0.000131,-0.000130,0.000062,0.000194
432839.000000,0.080000,0.020000,-0.030000,0.000028,0.000000,-0.000000,0.000094,-0.000095,-0.000061,0.000147
432851.000000,0.080000,0.020000,0.000000,0.000017,0.000000,-0.000000,0.000066,-0.000077,-0.000033,0.000106
432863.000000,0.060000,0.020000,0.000000,0.000010,0.000000,-0.000000,-0.000022,-0.000069,-0.000000,0.000072
432878.000000,0.030000,0.020000,-0.050000,0.000006,0.000000,-0.000000,-0.000202,-0.000062,-0.000170,0.000271
432891.000000,0.070000,0.010000,-0.040000,0.000004,0.000000,-0.000000,-0.000155,-0.000094,-0.000243,0.000303
432903.000000,0.020000,-0.020000,-0.020000,0.000002,0.000000,-0.000000,-0.000286,-0.000226,-0.000207,0.000419
432917.000000,0.030000,-0.010000,-0.020000,0.000001,0.000000,-0.000000,-0.000350,-0.000281,-0.000167,0.000479
432932.000000,0.150000,0.100000,0.030000,0.058559,0.000000,-0.000000,0.000089,0.000123,0.000050,0.000160
432944.000000,0.070000,0.010000,-0.050000,0.035698,0.000000,-0.000000,0.000081,0.000059,-0.000104,0.000144
432956.000000,0.090000,0.010000,-0.010000,0.021762,0.000000,-0.000000,0.000103,-0.000029,-0.000097,0.000145
432970.000000,0.080000,0.010000,0.000000,0.013266,0.000000,-0.000000,0.000081,-0.000088,-0.000030,0.000123
432982.000000,0.070000,0.000000,-0.040000,0.008087,0.000000,-0.000000,0.000027,-0.000149,-0.000131,0.000200
432994.000000,0.080000,0.020000,-0.040000,0.004930,0.000000,-0.000000,0.000028,-0.000117,-0.000213,0.000244
433010.000000,0.060000,0.000000,-0.020000,0.003005,0.000000,-0.000000,-0.000044,-0.000154,-0.000174,0.000236
433022.000000,0.020000,-0.060000,-0.050000,0.001832,0.000000,-0.000000,-0.000225,-0.000390,-0.000249,0.000514
433034.000000,0.040000,-0.040000,0.000000,0.001117,0.000000,-0.000000,-0.000284,-0.000497,-0.000133,0.000588
433047.000000,0.080000,0.030000,0.060000,0.000681,0.000000,-0.000000,-0.000152,-0.000278,0.000190,0.000370
433059.000000,0.070000,0.010000,0.000000,0.000415,0.000000,-0.000000,-0.000088,-0.000185,0.000178,0.000272
433071.000000,0.080000,0.020000,0.000000,0.000253,0.000000,-0.000000,-0.000022,-0.000108,0.000132,0.000172
433083.000000,0.070000,0.020000,0.010000,0.000154,0.000000,-0.000000,-0.000018,-0.000062,0.000134,0.000149
433095.000000,0.080000,0.000000,0.040000,0.000094,0.000000,-0.000000,0.000013,-0.000111,0.000250,0.000274
433110.000000,0.060000,0.020000,-0.070000,0.000057,0.000000,-0.000000,-0.000041,-0.000074,-0.000093,0.000125
433122.000000,0.060000,0.020000,-0.020000,0.000035,0.000000,-0.000000,-0.000077,-0.000046,-0.000137,0.000164
433134.000000,0.070000,0.030000,-0.030000,0.000021,0.000000,-0.000000,-0.000064,0.000006,-0.000172,0.000184
433149.000000,0.080000,0.010000,0.010000,0.000013,0.000000,-0.000000,-0.000007,-0.000034,-0.000033,0.000048
433161.000000,0.090000,0.000000,0.000000,0.000008,0.000000,-0.000000,0.000060,-0.000100,0.000019,0.000118
433173.000000,0.080000,0.030000,0.020000,0.000005,0.000000,-0.000000,0.000069,-0.000038,0.000116,0.000140
433189.000000,0.090000,0.000000,0.040000,0.000003,0.000000,-0.000000,0.000101,-0.000094,0.000256,0.000290
433201.000000,0.100000,0.020000,0.040000,0.000002,0.000000,-0.000000,0.000155,-0.000064,0.000326,0.000366
433215.000000,0.050000,0.030000,-0.070000,0.000001,0.000000,-0.000000,0.000005,0.000001,-0.000047,0.000047
433230.000000,0.080000,0.010000,0.020000,0.000001,0.000000,-0.000000,0.000008,-0.000033,0.000029,0.000045
433242.000000,0.080000,0.040000,0.000000,0.000000,0.000000,-0.000000,0.000026,0.000044,0.000045,0.000068
433254.000000,0.070000,0.020000,0.000000,0.000000,0.000000,-0.000000,0.000003,0.000033,0.000050,0.000060
433270.000000,0.090000,0.020000,-0.040000,0.000000,0.000000,-0.000000,0.000060,0.000012,-0.000106,0.000122
433284.000000,0.090000,0.010000,0.010000,0.000000,0.000000,-0.000000,0.000097,-0.000036,-0.000016,0.000105
433298.000000,0.060000,0.010000,0.000000,0.000000,0.000000,-0.000000,0.000006,-0.000067,0.000023,0.000071
433310.000000,0.070000,0.010000,-0.040000,0.000000,0.000000,-0.000000,-0.000022,-0.000082,-0.000103,0.000133
433322.000000,0.090000,0.010000,0.020000,0.000000,0.000000,-0.000000,0.000040,-0.000090,0.000015,0.000099
433336.000000,0.100000,0.030000,0.060000,0.000000,0.000000,-0.000000,0.000127,-0.000016,0.000275,0.000303
433348.000000,0.090000,0.020000,-0.010000,0.000000,0.000000,-0.000000,0.000140,-0.000003,0.000175,0.000224
433360.000000,0.060000,0.020000,-0.080000,0.000000,0.000000,-0.000000,0.000032,-0.000002,-0.000178,0.000180
433372.000000,0.060000,0.020000,-0.060000,0.000000,0.000000,-0.000000,-0.000049,-0.000003,-0.000350,0.000353
433386.000000,0.060000,0.020000,-0.020000,0.000000,0.000000,-0.000000,-0.000095,-0.000004,-0.000273,0.000289
433398.000000,0.080000,0.010000,0.020000,0.000000,0.000000,-0.000000,-0.000042,-0.000040,-0.000059,0.000083
433410.000000,0.100000,0.020000,0.030000,0.000000,0.000000,-0.000000,0.000073,-0.000030,0.000125,0.000148
433422.000000,0.080000,0.040000,0.000000,0.000000,0.000000,-0.000000,0.000078,0.000054,0.000122,0.000154
433434.000000,0.070000,0.010000,0.000000,0.000000,0.000000,-0.000000,0.000029,0.000005,0.000096,0.000100
433446.000000,0.060000,-0.010000,0.000000,0.000000,0.000000,-0.000000,-0.000043,-0.000114,0.000076,0.000143
433458.000000,0.070000,0.020000,0.000000,0.000000,0.000000,-0.000000,-0.000053,-0.000085,0.000065,0.000119
433470.000000,0.090000,0.030000,0.020000,0.000000,0.000000,-0.000000,0.000022,-0.000011,0.000131,0.000133
433482.000000,0.080000,0.050000,-0.030000,0.000000,0.000000,-0.000000,0.000042,0.000111,-0.000001,0.000119
433495.000000,0.080000,0.020000,-0.010000,0.000000,0.000000,-0.000000,0.000046,0.000079,-0.000035,0.000098
433509.000000,0.060000,0.010000,-0.020000,0.000000,0.000000,-0.000000,-0.000030,0.000001,-0.000077,0.000083
433523.000000,0.060000,0.020000,-0.010000,0.000000,0.000000,-0.000000,-0.000081,-0.000010,-0.000064,0.000103
433539.000000,0.070000,0.010000,-0.010000,0.000000,0.000000,-0.000000,-0.000067,-0.000046,-0.000047,0.000094
433551.000000,0.070000,0.040000,0.000000,0.000000,0.000000,-0.000000,-0.000054,0.000038,-0.000005,0.000066
433563.000000,0.060000,0.000000,-0.070000,0.000000,0.000000,-0.000000,-0.000084,-0.000040,-0.000228,0.000246
433579.000000,0.000000,-0.100000,0.010000,0.000000,0.000000,-0.000000,-0.000336,-0.000497,-0.000087,0.000606
433591.000000,0.110000,0.090000,0.020000,0.000000,0.000000,-0.000000,-0.000095,-0.000089,0.000055,0.000142
433604.000000,0.100000,0.080000,0.020000,0.000000,0.000000,-0.000000,0.000074,0.000226,0.000149,0.000281
433620.000000,0.110000,0.030000,0.010000,0.000000,0.000000,-0.000000,0.000199,0.000198,0.000153,0.000320
433632.000000,0.040000,0.000000,0.010000,0.000000,0.000000,-0.000000,0.000011,0.000045,0.000146,0.000154
433644.000000,0.050000,0.000000,-0.020000,0.000000,0.000000,-0.000000,-0.000104,-0.000065,0.000037,0.000128
433661.000000,0.080000,0.030000,-0.020000,0.000000,0.000000,-0.000000,-0.000045,-0.000009,-0.000052,0.000070
433673.000000,0.090000,0.050000,-0.010000,0.000000,0.000000,-0.000000,0.000034,0.000104,-0.000053,0.000122
433689.000000,0.060000,0.010000,-0.020000,0.000000,0.000000,-0.000000,-0.000024,0.000032,-0.000083,0.000092
433701.000000,0.070000,0.000000,-0.020000,0.000000,0.000000,-0.000000,-0.000033,-0.000058,-0.000101,0.000121
433713.000000,0.100000,0.020000,0.010000,0.000000,0.000000,-0.000000,0.000073,-0.000047,-0.000005,0.000087
433729.000000,0.100000,0.010000,0.020000,0.000000,0.000000,-0.000000,0.000154,-0.000062,0.000112,0.000200
433741.000000,0.100000,0.040000,0.040000,0.000000,0.000000,-0.000000,0.000189,0.000032,0.000238,0.000305
433753.000000,0.080000,0.000000,0.000000,0.000000,0.000000,-0.000000,0.000138,-0.000040,0.000180,0.000231
433769.000000,0.080000,0.020000,0.010000,0.000000,0.000000,-0.000000,0.000086,-0.000031,0.000146,0.000172
433781.000000,0.060000,0.000000,-0.030000,0.000000,0.000000,-0.000000,-0.000006,-0.000086,-0.000005,0.000087
433793.000000,0.060000,0.030000,-0.030000,0.000000,0.000000,-0.000000,-0.000070,-0.000022,-0.000112,0.000134
433810.000000,0.090000,0.030000,0.000000,0.000000,0.000000,-0.000000,0.000015,0.000038,-0.000052,0.000066
433824.000000,0.080000,0.020000,-0.020000,0.000000,0.000000,-0.000000,0.000035,0.000028,-0.000077,0.000089
433841.000000,0.070000,0.030000,-0.020000,0.000000,0.000000,-0.000000,0.000001,0.000052,-0.000098,0.000111
433857.000000,0.100000,0.010000,0.000000,0.000000,0.000000,-0.000000,0.000091,-0.000007,-0.000033,0.000097
433872.000000,0.060000,0.040000,-0.010000,0.000000,0.000000,-0.000000,0.000003,0.000065,-0.000028,0.000071
433889.000000,0.080000,0.020000,0.010000,0.000000,0.000000,-0.000000,0.000010,0.000041,0.000046,0.000063
433903.000000,0.080000,0.010000,0.000000,0.000000,0.000000,-0.000000,0.000024,-0.000015,0.000053,0.000060
433919.000000,0.110000,0.020000,0.010000,0.000000,0.000000,-0.000000,0.000147,-0.000015,0.000088,0.000172
433931.000000,0.060000,0.020000,0.000000,0.000000,0.000000,-0.000000,0.000044,-0.000009,0.000074,0.000087
433943.000000,0.080000,0.010000,-0.030000,0.000000,0.000000,-0.000000,0.000030,-0.000041,-0.000046,0.000068
433959.000000,0.000000,-0.090000,0.000000,0.000000,0.000000,-0.000000,-0.000279,-0.000451,-0.000020,0.000530
433971.000000,0.040000,-0.020000,0.000000,0.000000,0.000000,-0.000000,-0.000316,-0.000441,0.000009,0.000542
433983.000000,0.140000,0.080000,0.040000,0.000000,0.000000,-0.000000,0.000040,-0.000043,0.000173,0.000182
433997.000000,0.130000,0.050000,0.020000,0.000000,0.000000,-0.000000,0.000280,0.000150,0.000214,0.000383
434012.000000,0.060000,0.040000,-0.030000,0.000000,0.000000,-0.000000,0.000122,0.000185,0.000025,0.000223
434027.000000,0.080000,0.020000,-0.010000,0.000000,0.000000,-0.000000,0.000067,0.000109,-0.000027,0.000131
434041.000000,0.090000,0.010000,0.020000,0.000000,0.000000,-0.000000,0.000085,0.000020,0.000070,0.000112
434055.000000,0.080000,0.010000,0.020000,0.000000,0.000000,-0.000000,0.000066,-0.000032,0.000141,0.000160
434072.000000,0.100000,0.030000,0.010000,0.000000,0.000000,-0.000000,0.000124,0.000019,0.000135,0.000184
434088.000000,0.070000,0.020000,-0.020000,0.000000,0.000000,-0.000000,0.000049,0.000019,0.000011,0.000053
434100.000000,0.100000,0.010000,0.020000,0.000000,0.000000,-0.000000,0.000105,-0.000020,0.000078,0.000132
434112.000000,0.080000,0.010000,-0.020000,0.000000,0.000000,-0.000000,0.000084,-0.000050,-0.000002,0.000098
434127.000000,0.080000,0.020000,0.000000,0.000000,0.000000,-0.000000,0.000057,-0.000027,0.000002,0.000063
434142.000000,0.090000,0.020000,-0.010000,0.000000,0.000000,-0.000000,0.000078,-0.000008,-0.000022,0.000081
434161.000000,0.100000,0.020000,0.000000,0.000000,0.000000,-0.000000,0.000128,0.000002,0.000002,0.000128
434175.000000,0.080000,0.010000,-0.020000,0.000000,0.000000,-0.000000,0.000087,-0.000030,-0.000055,0.000107
434190.000000,0.100000,0.000000,0.050000,0.000000,0.000000,-0.000000,0.000129,-0.000091,0.000165,0.000228
434202.000000,0.090000,0.030000,-0.010000,0.000000,0.000000,-0.000000,0.000125,-0.000020,0.000098,0.000160
434293.000000,0.100000,0.020000,0.000000,0.000000,0.000000,-0.000000,0.000156,0.000002,0.000063,0.000168
434309.000000,0.090000,0.010000,0.000000,0.000000,0.000000,-0.000000,0.000133,-0.000029,0.000041,0.000142
434321.000000,0.070000,0.030000,0.000000,0.000000,0.000000,-0.000000,0.000048,0.000020,0.000034,0.000061
434334.000000,0.070000,0.030000,-0.030000,0.000000,0.000000,-0.000000,-0.000014,0.000060,-0.000080,0.000101
434346.000000,0.080000,0.000000,-0.010000,0.000000,0.000000,-0.000000,-0.000009,-0.000026,-0.000085,0.000090
434360.000000,0.090000,0.020000,-0.010000,0.000000,0.000000,-0.000000,0.000040,-0.000021,-0.000074,0.000086
434375.000000,0.070000,0.030000,0.010000,0.000000,0.000000,-0.000000,-0.000004,0.000032,0.000013,0.000035
434390.000000,0.070000,0.010000,-0.030000,0.000000,0.000000,-0.000000,-0.000038,-0.000009,-0.000082,0.000091
434402.000000,0.100000,0.000000,0.020000,0.000000,0.000000,-0.000000,0.000050,-0.000075,0.000025,0.000094
434417.000000,0.090000,0.000000,-0.010000,0.000000,0.000000,-0.000000,0.000084,-0.000121,0.000004,0.000148
434430.000000,0.100000,0.010000,0.020000,0.000000,0.000000,-0.000000,0.000130,-0.000104,0.000086,0.000188
434442.000000,0.080000,0.040000,0.000000,0.000000,0.000000,-0.000000,0.000088,0.000017,0.000074,0.000116
434454.000000,0.070000,0.030000,-0.020000,0.000000,0.000000,-0.000000,0.000015,0.000069,-0.000017,0.000073
434469.000000,0.080000,0.030000,-0.030000,0.000000,0.000000,-0.000000,0.000002,0.000090,-0.000124,0.000153
434481.000000,0.070000,0.020000,-0.010000,0.000000,0.000000,-0.000000,-0.000031,0.000061,-0.000106,0.000126
434493.000000,0.100000,0.000000,0.000000,0.000000,0.000000,-0.000000,0.000053,-0.000034,-0.000048,0.000079
434505.000000,0.100000,0.020000,0.030000,0.000000,0.000000,-0.000000,0.000119,-0.000027,0.000102,0.000159
434521.000000,0.120000,0.020000,0.040000,0.000000,0.000000,-0.000000,0.000229,-0.000007,0.000243,0.000335
434533.000000,0.110000,0.010000,0.020000,0.000000,0.000000,-0.000000,0.000252,-0.000032,0.000238,0.000348
434545.000000,0.120000,0.030000,0.020000,0.000000,0.000000,-0.000000,0.000299,0.000020,0.000226,0.000375
434559.000000,0.090000,0.010000,-0.050000,0.000000,0.000000,-0.000000,0.000210,-0.000014,-0.000054,0.000218
434571.000000,0.090000,0.030000,0.000000,0.000000,0.000000,-0.000000,0.000147,0.000030,-0.000053,0.000159
434583.000000,0.080000,0.020000,0.020000,0.000000,0.000000,-0.000000,0.000076,0.000029,0.000050,0.000095
434595.000000,0.090000,0.030000,0.020000,0.000000,0.000000,-0.000000,0.000067,0.000059,0.000125,0.000154
434607.000000,0.110000,0.020000,0.000000,0.000000,0.000000,-0.000000,0.000142,0.000045,0.000093,0.000176
434620.000000,0.100000,0.030000,-0.010000,0.000000,0.000000,-0.000000,0.000160,0.000066,0.000021,0.000175
434644.000000,0.080000,0.020000,-0.030000,0.000000,0.000000,-0.000000,0.000057,0.000033,-0.000103,0.000123
434656.000000,0.080000,0.000000,-0.030000,0.000000,0.000000,-0.000000,0.000021,-0.000045,-0.000161,0.000169
434670.000000,0.100000,0.030000,0.010000,0.000000,0.000000,-0.000000,0.000074,0.000005,-0.000054,0.000092
434684.000000,0.070000,0.030000,-0.010000,0.000000,0.000000,-0.000000,0.000001,0.000050,-0.000045,0.000068
434697.000000,0.090000,0.030000,-0.020000,0.000000,0.000000,-0.000000,0.000020,0.000075,-0.000087,0.000117
434710.000000,0.080000,0.010000,-0.030000,0.000000,0.000000,-0.000000,0.000005,0.000013,-0.000155,0.000156
434723.000000,0.090000,0.020000,0.000000,0.000000,0.000000,-0.000000,0.000029,0.000004,-0.000086,0.000091
434739.000000,0.120000,0.010000,0.040000,0.000000,0.000000,-0.000000,0.000162,-0.000034,0.000130,0.000210
434751.000000,0.080000,0.010000,-0.050000,0.000000,0.000000,-0.000000,0.000098,-0.000055,-0.000066,0.000130
434763.000000,0.080000,0.010000,-0.030000,0.000000,0.000000,-0.000000,0.000040,-0.000068,-0.000161,0.000180
434779.000000,0.080000,0.020000,0.000000,0.000000,0.000000,-0.000000,0.000001,-0.000033,-0.000084,0.000090
434791.000000,0.070000,0.010000,-0.010000,0.000000,0.000000,-0.000000,-0.000049,-0.000047,-0.000064,0.000093
434804.000000,0.100000,0.020000,0.000000,0.000000,0.000000,-0.000000,0.000028,-0.000024,-0.000021,0.000042
434819.000000,0.100000,0.010000,0.000000,0.000000,0.000000,-0.000000,0.000089,-0.000043,0.000009,0.000099
434833.000000,0.090000,0.020000,0.020000,0.000000,0.000000,-0.000000,0.000081,-0.000020,0.000097,0.000128
434845.000000,0.070000,0.020000,0.000000,0.000000,0.000000,-0.000000,0.000000,-0.000004,0.000080,0.000080
434861.000000,0.090000,0.000000,0.000000,0.000000,0.000000,-0.000000,0.000014,-0.000071,0.000054,0.000091
434875.000000,0.110000,0.030000,0.000000,0.000000,0.000000,-0.000000,0.000107,-0.000003,0.000040,0.000114
434891.000000,0.100000,0.030000,0.010000,0.000000,0.000000,-0.000000,0.000130,0.000051,0.000071,0.000156
434905.000000,0.110000,0.040000,-0.020000,0.000000,0.000000,-0.000000,0.000170,0.000113,-0.000019,0.000205
434921.000000,0.120000,0.000000,-0.020000,0.000000,0.000000,-0.000000,0.000231,-0.000004,-0.000084,0.000246
434936.000000,0.110000,0.040000,0.000000,0.000000,0.000000,-0.000000,0.000226,0.000066,-0.000039,0.000238
434951.000000,0.090000,0.030000,-0.040000,0.000000,0.000000,-0.000000,0.000141,0.000086,-0.000153,0.000225
434992.000000,0.110000,0.010000,0.010000,0.000000,0.000000,-0.000000,0.000096,-0.000003,-0.000007,0.000096
435004.000000,0.070000,0.020000,-0.020000,0.000000,0.000000,-0.000000,0.000013,-0.000001,-0.000051,0.000053
435022.000000,0.120000,0.040000,0.000000,0.000000,0.000000,-0.000000,0.000127,0.000080,-0.000018,0.000151
435037.000000,0.090000,0.010000,-0.010000,0.000000,0.000000,-0.000000,0.000093,0.000018,-0.000029,0.000099
435050.000000,0.090000,0.020000,-0.040000,0.000000,0.000000,-0.000000,0.000064,0.000007,-0.000147,0.000161
435062.000000,0.110000,0.020000,-0.020000,0.000000,0.000000,-0.000000,0.000119,0.000006,-0.000159,0.000199
435078.000000,0.110000,0.020000,0.010000,0.000000,0.000000,-0.000000,0.000161,0.000007,-0.000029,0.000164
435090.000000,0.110000,0.020000,0.010000,0.000000,0.000000,-0.000000,0.000179,0.000007,0.000046,0.000185
435117.000000,0.090000,0.020000,-0.040000,0.000000,0.000000,-0.000000,0.000077,0.000006,-0.000099,0.000126
435129.000000,0.100000,0.010000,-0.030000,0.000000,0.000000,-0.000000,0.000082,-0.000027,-0.000151,0.000174
435141.000000,0.080000,0.010000,-0.010000,0.000000,0.000000,-0.000000,0.000024,-0.000053,-0.000117,0.000131
435154.000000,0.110000,0.000000,0.010000,0.000000,0.000000,-0.000000,0.000089,-0.000105,-0.000007,0.000138
435170.000000,0.090000,0.000000,0.000000,0.000000,0.000000,-0.000000,0.000063,-0.000134,0.000031,0.000151
435182.000000,0.100000,0.010000,0.020000,0.000000,0.000000,-0.000000,0.000076,-0.000112,0.000110,0.000174
435197.000000,0.090000,0.010000,-0.030000,0.000000,0.000000,-0.000000,0.000051,-0.000090,-0.000024,0.000106
435210.000000,0.100000,0.030000,-0.020000,0.000000,0.000000,-0.000000,0.000069,-0.000007,-0.000081,0.000107
435223.000000,0.090000,0.010000,-0.020000,0.000000,0.000000,-0.000000,0.000048,-0.000024,-0.000108,0.000121
435240.000000,0.100000,0.010000,-0.010000,0.000000,0.000000,-0.000000,0.000066,-0.000045,-0.000076,0.000110
435252.000000,0.140000,0.090000,0.000000,0.000000,0.000000,-0.000000,0.000218,0.000221,-0.000022,0.000311
435269.000000,0.220000,0.110000,0.120000,0.085885,0.000000,-0.000000,0.001972,0.000504,0.000481,0.002091
435283.000000,0.110000,-0.010000,0.030000,0.052357,0.000000,-0.000000,0.002610,0.000201,0.000441,0.002655
435296.000000,0.000000,-0.070000,-0.070000,0.031917,0.000000,-0.000000,0.001978,-0.000243,0.000013,0.001992
435309.000000,0.070000,-0.010000,-0.050000,0.019457,0.000000,-0.000000,0.001614,-0.000303,-0.000214,0.001656
435321.000000,0.100000,0.040000,-0.050000,0.011861,0.000000,-0.000000,0.001606,-0.000113,-0.000319,0.001641
435334.000000,0.120000,0.040000,0.010000,0.007231,0.000000,-0.000000,0.000236,0.000039,-0.000145,0.000279
435346.000000,0.120000,0.000000,0.020000,0.004408,0.000000,-0.000000,0.000209,-0.000026,0.000024,0.000212
435358.000000,0.130000,0.030000,0.000000,0.002687,0.000000,-0.000000,0.000264,0.000017,0.000054,0.000270
435371.000000,0.100000,0.000000,0.000000,0.001638,0.000000,-0.000000,0.000191,-0.000054,0.000053,0.000206
435383.000000,0.100000,0.020000,0.000000,0.000999,0.000000,-0.000000,0.000133,-0.000036,0.000049,0.000146
435395.000000,0.120000,0.040000,0.020000,0.000609,0.000000,-0.000000,0.000172,0.000058,0.000118,0.000216
435407.000000,0.140000,0.050000,0.010000,0.000371,0.000000,-0.000000,0.000279,0.000161,0.000132,0.000348
435420.000000,0.060000,-0.020000,-0.090000,0.000226,0.000000,-0.000000,0.000052,-0.000038,-0.000240,0.000249
435432.000000,0.040000,-0.030000,-0.090000,0.000138,0.000000,-0.000000,-0.000187,-0.000221,-0.000493,0.000572
435444.000000,0.080000,0.000000,-0.020000,0.000084,0.000000,-0.000000,-0.000191,-0.000223,-0.000381,0.000481
435456.000000,0.090000,0.030000,0.000000,0.000051,0.000000,-0.000000,-0.000125,-0.000091,-0.000191,0.000246
435469.000000,0.120000,0.030000,0.000000,0.000031,0.000000,-0.000000,0.000038,0.000010,-0.000061,0.000073
435494.000000,0.110000,0.000000,0.040000,0.000019,0.000000,-0.000000,0.000097,-0.000050,0.000162,0.000196
435506.000000,0.100000,0.020000,0.000000,0.000012,0.000000,-0.000000,0.000086,-0.000026,0.000132,0.000159
435520.000000,0.090000,0.030000,0.000000,0.000007,0.000000,-0.000000,0.000037,0.000034,0.000095,0.000108
435532.000000,0.100000,0.010000,-0.020000,0.000004,0.000000,-0.000000,0.000041,-0.000001,0.000003,0.000041
435546.000000,0.130000,0.010000,0.010000,0.000003,0.000000,-0.000000,0.000163,-0.000035,0.000049,0.000174
435558.000000,0.060000,0.000000,-0.060000,0.000002,0.000000,-0.000000,-0.000009,-0.000087,-0.000159,0.000181
435570.000000,0.060000,0.000000,-0.050000,0.000001,0.000000,-0.000000,-0.000148,-0.000123,-0.000281,0.000341
435596.000000,0.110000,0.020000,0.000000,0.000001,0.000000,-0.000000,-0.000012,-0.000040,-0.000095,0.000104
435608.000000,0.130000,0.000000,0.000000,0.000000,0.000000,-0.000000,0.000122,-0.000077,-0.000025,0.000146
435620.000000,0.090000,0.010000,-0.040000,0.000000,0.000000,-0.000000,0.000080,-0.000078,-0.000125,0.000167
435632.000000,0.090000,0.020000,0.020000,0.000000,0.000000,-0.000000,0.000030,-0.000036,0.000010,0.000048
435644.000000,0.140000,0.020000,0.050000,0.000000,0.000000,-0.000000,0.000180,-0.000005,0.000230,0.000292
435671.000000,0.120000,0.030000,-0.030000,0.000000,0.000000,-0.000000,0.000175,0.000049,0.000026,0.000184
435684.000000,0.100000,0.010000,0.000000,0.000000,0.000000,-0.000000,0.000124,0.000008,0.000027,0.000127
435697.000000,0.090000,0.020000,-0.010000,0.000000,0.000000,-0.000000,0.000051,0.000011,0.000004,0.000052
435710.000000,0.090000,0.020000,-0.010000,0.000000,0.000000,-0.000000,0.000004,0.000017,-0.000014,0.000022
435722.000000,0.090000,0.000000,-0.020000,0.000000,0.000000,-0.000000,-0.000020,-0.000050,-0.000058,0.000080
435751.000000,0.120000,0.020000,0.000000,0.000000,0.000000,-0.000000,0.000077,-0.000015,-0.000002,0.000079
435765.000000,0.100000,0.020000,0.020000,0.000000,0.000000,-0.000000,0.000068,0.000003,0.000093,0.000116
435779.000000,0.100000,0.010000,-0.010000,0.000000,0.000000,-0.000000,0.000057,-0.000022,0.000052,0.000080
435791.000000,0.110000,0.040000,-0.010000,0.000000,0.000000,-0.000000,0.000085,0.000066,0.000014,0.000108
435803.000000,0.100000,0.020000,0.000000,0.000000,0.000000,-0.000000,0.000072,0.000062,0.000026,0.000098
435819.000000,0.110000,0.010000,-0.010000,0.000000,0.000000,-0.000000,0.000092,0.000004,0.000001,0.000092
435831.000000,0.090000,0.020000,-0.040000,0.000000,0.000000,-0.000000,0.000036,0.000007,-0.000119,0.000125
435845.000000,0.100000,0.000000,-0.030000,0.000000,0.000000,-0.000000,0.000029,-0.000061,-0.000173,0.000185
435869.000000,0.120000,0.000000,0.000000,0.000000,0.000000,-0.000000,0.000099,-0.000094,-0.000049,0.000145
435881.000000,0.100000,0.010000,-0.020000,0.000000,0.000000,-0.000000,0.000077,-0.000081,-0.000065,0.000130
435893.000000,0.120000,-0.010000,-0.010000,0.000000,0.000000,-0.000000,0.000130,-0.000144,-0.000053,0.000201
435909.000000,0.140000,0.010000,0.000000,0.000000,0.000000,-0.000000,0.000244,-0.000109,0.000002,0.000267
435921.000000,0.130000,0.010000,-0.020000,0.000000,0.000000,-0.000000,0.000270,-0.000083,-0.000039,0.000285
435934.000000,0.100000,0.020000,-0.060000,0.000000,0.000000,-0.000000,0.000172,-0.000031,-0.000223,0.000283
435946.000000,0.090000,0.000000,0.000000,0.000000,0.000000,-0.000000,0.000063,-0.000069,-0.000127,0.000158
435961.000000,0.120000,0.000000,0.010000,0.000000,0.000000,-0.000000,0.000104,-0.000104,0.000012,0.000148
435975.000000,0.130000,0.000000,0.020000,0.000000,0.000000,-0.000000,0.000180,-0.000119,0.000125,0.000249
435992.000000,0.090000,0.010000,0.010000,0.000000,0.000000,-0.000000,0.000068,-0.000083,0.000144,0.000180
436008.000000,0.120000,0.010000,0.000000,0.000000,0.000000,-0.000000,0.000105,-0.000060,0.000105,0.000161
436020.000000,0.090000,0.020000,-0.050000,0.000000,0.000000,-0.000000,0.000036,-0.000017,-0.000090,0.000098
436034.000000,0.120000,0.020000,0.000000,0.000000,0.000000,-0.000000,0.000090,0.000015,-0.000050,0.000104
436047.000000,0.100000,0.010000,-0.010000,0.000000,0.000000,-0.000000,0.000061,-0.000006,-0.000034,0.000071
436059.000000,0.100000,0.010000,-0.050000,0.000000,0.000000,-0.000000,0.000036,-0.000024,-0.000171,0.000176
436071.000000,0.110000,0.000000,0.030000,0.000000,0.000000,-0.000000,0.000057,-0.000071,0.000016,0.000093
436087.000000,0.130000,0.020000,0.000000,0.000000,0.000000,-0.000000,0.000151,-0.000024,0.000064,0.000166
436101.000000,0.120000,0.010000,0.000000,0.000000,0.000000,-0.000000,0.000168,-0.000027,0.000068,0.000183
436115.000000,0.100000,0.020000,-0.010000,0.000000,0.000000,-0.000000,0.000097,0.000004,0.000029,0.000101
436131.000000,0.100000,0.010000,0.000000,0.000000,0.000000,-0.000000,0.000042,-0.000013,0.000039,0.000059
436145.000000,0.090000,0.020000,-0.020000,0.000000,0.000000,-0.000000,-0.000020,0.000010,-0.000024,0.000033
436159.000000,0.090000,0.010000,-0.030000,0.000000,0.000000,-0.000000,-0.000056,-0.000009,-0.000104,0.000119
436171.000000,0.110000,0.020000,-0.010000,0.000000,0.000000,-0.000000,-0.000003,0.000011,-0.000080,0.000081
436186.000000,0.110000,0.020000,-0.010000,0.000000,0.000000,-0.000000,0.000043,0.000029,-0.000049,0.000072
436266.000000,0.110000,0.020000,-0.030000,0.000000,0.000000,-0.000000,0.000065,0.000037,-0.000107,0.000130
436469.000000,0.110000,0.010000,0.000000,0.000000,0.000000,-0.000000,0.000074,0.000004,-0.000039,0.000084
436558.000000,0.120000,0.020000,-0.010000,0.000000,0.000000,-0.000000,0.000116,0.000017,-0.000020,0.000119
436681.000000,0.120000,0.010000,-0.010000,0.000000,0.000000,-0.000000,0.000140,-0.000006,-0.000017,0.000142
436693.000000,0.120000,0.020000,-0.020000,0.000000,0.000000,-0.000000,0.000157,0.000012,-0.000052,0.000165
436708.000000,0.120000,0.000000,-0.020000,0.000000,0.000000,-0.000000,0.000159,-0.000049,-0.000078,0.000184
436744.000000,0.130000,0.010000,0.000000,0.000000,0.000000,-0.000000,0.000129,-0.000033,0.000002,0.000134
436758.000000,0.100000,0.000000,0.000000,0.000000,0.000000,-0.000000,0.000074,-0.000070,0.000033,0.000107
436794.000000,0.120000,0.010000,-0.010000,0.000000,0.000000,-0.000000,0.000070,-0.000038,0.000008,0.000081
436808.000000,0.140000,0.020000,-0.020000,0.000000,0.000000,-0.000000,0.000172,-0.000004,-0.000036,0.000175
436894.000000,0.110000,0.000000,-0.010000,0.000000,0.000000,-0.000000,0.000142,-0.000050,-0.000032,0.000154
436906.000000,0.130000,0.000000,-0.010000,0.000000,0.000000,-0.000000,0.000179,-0.000088,-0.000025,0.000201
437329.000000,0.130000,0.000000,0.000000,0.000000,0.000000,-0.000000,0.000208,-0.000109,0.000018,0.000235
437341.000000,0.140000,0.020000,-0.020000,0.000000,0.000000,-0.000000,0.000257,-0.000046,-0.000026,0.000262
437358.000000,0.110000,0.010000,0.000000,0.000000,0.000000,-0.000000,0.000160,-0.000030,0.000014,0.000163
437372.000000,0.120000,0.000000,0.000000,0.000000,0.000000,-0.000000,0.000136,-0.000066,0.000042,0.000157
437389.000000,0.110000,0.000000,-0.010000,0.000000,0.000000,-0.000000,0.000086,-0.000090,0.000019,0.000126
437403.000000,0.090000,0.000000,0.000000,0.000000,0.000000,-0.000000,-0.000011,-0.000102,0.000039,0.000110
437420.000000,0.120000,0.010000,-0.030000,0.000000,0.000000,-0.000000,0.000040,-0.000067,-0.000061,0.000098
437434.000000,0.110000,0.010000,0.000000,0.000000,0.000000,-0.000000,0.000045,-0.000046,-0.000013,0.000065
437451.000000,0.120000,0.010000,-0.020000,0.000000,0.000000,-0.000000,0.000080,-0.000033,-0.000045,0.000097
437469.000000,0.110000,0.000000,-0.020000,0.000000,0.000000,-0.000000,0.000060,-0.000064,-0.000069,0.000111
437493.000000,0.130000,0.000000,0.000000,0.000000,0.000000,-0.000000,0.000111,-0.000075,0.000001,0.000134
437508.000000,0.100000,0.020000,-0.020000,0.000000,0.000000,-0.000000,0.000045,-0.000017,-0.000035,0.000060
437522.000000,0.140000,0.000000,0.000000,0.000000,0.000000,-0.000000,0.000144,-0.000050,0.000008,0.000152
437539.000000,0.130000,0.020000,0.000000,0.000000,0.000000,-0.000000,0.000175,-0.000001,0.000042,0.000181
437551.000000,0.120000,0.000000,0.000000,0.000000,0.000000,-0.000000,0.000153,-0.000040,0.000058,0.000168
437568.000000,0.100000,0.010000,-0.020000,0.000000,0.000000,-0.000000,0.000049,-0.000035,-0.000012,0.000062
437582.000000,0.130000,0.010000,0.000000,0.000000,0.000000,-0.000000,0.000101,-0.000028,0.000018,0.000107
437596.000000,0.140000,0.000000,0.000000,0.000000,0.000000,-0.000000,0.000185,-0.000060,0.000045,0.000199
437610.000000,0.150000,0.000000,-0.020000,0.058558,0.000000,-0.000000,0.000270,-0.000083,-0.000014,0.000283
437624.000000,0.120000,0.000000,0.000000,0.035698,0.000000,-0.000000,0.000205,-0.000094,0.000016,0.000226
437642.000000,0.150000,-0.010000,0.000000,0.080320,0.000000,-0.000000,0.000252,-0.000131,0.000044,0.000287
437658.000000,0.110000,0.000000,-0.030000,0.048964,0.000000,-0.000000,0.000140,-0.000115,-0.000055,0.000189
437672.000000,0.110000,0.010000,0.000000,0.029849,0.000000,-0.000000,0.000070,-0.000068,-0.000010,0.000098
437688.000000,0.130000,0.010000,-0.010000,0.018196,0.000000,-0.000000,0.000106,-0.000035,-0.000006,0.000112
437702.000000,0.130000,0.000000,0.000000,0.011093,0.000000,-0.000000,0.000137,-0.000057,0.000028,0.000151
437719.000000,0.120000,0.000000,0.000000,0.006762,0.000000,-0.000000,0.000111,-0.000073,0.000050,0.000142
437733.000000,0.140000,0.000000,0.000000,0.004122,0.000000,-0.000000,0.000168,-0.000082,0.000060,0.000196
437747.000000,0.110000,0.020000,0.000000,0.002513,0.000000,-0.000000,0.000099,-0.000013,0.000066,0.000119
437761.000000,0.130000,0.000000,0.000000,0.001532,0.000000,-0.000000,0.000118,-0.000038,0.000067,0.000141
437778.000000,0.150000,0.010000,0.000000,0.059492,0.000000,-0.000000,0.000211,-0.000025,0.000065,0.000222
437792.000000,0.140000,0.010000,0.000000,0.036267,0.000000,-0.000000,0.000230,-0.000014,0.000064,0.000239
437809.000000,0.130000,-0.010000,-0.010000,0.022109,0.000000,-0.000000,0.000188,-0.000084,0.000024,0.000208
437823.000000,0.140000,0.000000,-0.010000,0.013478,0.000000,-0.000000,0.000202,-0.000091,0.000001,0.000221
437840.000000,0.140000,0.020000,0.010000,0.008216,0.000000,-0.000000,0.000208,-0.000010,0.000065,0.000218
437853.000000,0.130000,0.010000,0.000000,0.005009,0.000000,-0.000000,0.000180,0.000002,0.000070,0.000193
437870.000000,0.120000,-0.010000,-0.010000,0.003053,0.000000,-0.000000,0.000113,-0.000074,0.000026,0.000138
437884.000000,0.110000,0.000000,0.000000,0.001861,0.000000,-0.000000,0.000043,-0.000085,0.000037,0.000102
437900.000000,0.140000,0.010000,-0.020000,0.001135,0.000000,-0.000000,0.000113,-0.000045,-0.000028,0.000124
437914.000000,0.140000,0.000000,0.000000,0.000692,0.000000,-0.000000,0.000164,-0.000056,0.000005,0.000173
437930.000000,0.140000,0.000000,0.000000,0.000422,0.000000,-0.000000,0.000189,-0.000067,0.000034,0.000203
437944.000000,0.140000,0.010000,0.020000,0.000257,0.000000,-0.000000,0.000199,-0.000036,0.000121,0.000236
437960.000000,0.160000,0.040000,0.000000,0.062619,0.000000,-0.000000,0.000815,0.000101,0.000100,0.000827
437975.000000,0.100000,0.020000,-0.020000,0.038173,0.000000,-0.000000,0.000825,0.000108,0.000003,0.000832
437990.000000,0.140000,-0.020000,0.000000,0.023271,0.000000,-0.000000,0.001085,-0.000051,0.000016,0.001087
438004.000000,0.130000,-0.010000,0.020000,0.014186,0.000000,-0.000000,0.001300,-0.000118,0.000109,0.001310
438020.000000,0.140000,0.020000,0.000000,0.008648,0.000000,-0.000000,0.001649,-0.000030,0.000093,0.001652
438034.000000,0.140000,0.040000,0.000000,0.005272,0.000000,-0.000000,0.000213,0.000104,0.000073,0.000249
438051.000000,0.150000,0.000000,-0.010000,0.061772,0.000000,-0.000000,0.000210,0.000033,0.000020,0.000213
438069.000000,0.150000,0.020000,0.020000,0.096215,0.000000,-0.000000,0.000227,0.000049,0.000103,0.000254
438083.000000,0.160000,0.040000,-0.020000,0.121116,0.000000,-0.000000,0.000762,0.000138,0.000014,0.000775
438097.000000,0.280000,0.080000,-0.020000,0.183142,0.000000,-0.000000,0.002505,0.000348,-0.000055,0.002530
438111.000000,0.150000,0.010000,0.000000,0.170204,0.000000,-0.000000,0.003337,0.000217,-0.000017,0.003344
438128.000000,0.190000,0.010000,0.000000,0.177932,0.000000,-0.000000,0.004490,0.000091,0.000018,0.004491
438142.000000,0.170000,0.000000,0.000000,0.174836,0.000000,-0.000000,0.005280,-0.000001,0.000035,0.005280
438156.000000,0.160000,0.010000,0.000000,0.169044,0.000000,-0.000000,0.005924,-0.000016,0.000043,0.005924
438170.000000,0.120000,0.010000,-0.020000,0.103051,0.000000,-0.000000,0.006131,-0.000015,-0.000028,0.006132
438184.000000,0.020000,-0.030000,0.000000,0.062821,0.000000,-0.000000,0.005228,-0.000162,-0.000002,0.005231
438198.000000,0.150000,0.030000,0.000000,0.096855,0.000000,-0.000000,0.005266,-0.000037,0.000023,0.005266
438212.000000,0.140000,0.070000,-0.030000,0.059044,0.000000,-0.000000,0.005488,0.000213,-0.000074,0.005493
438292.000000,0.020000,-0.070000,0.000000,0.035994,0.000000,-0.000000,0.000311,-0.000133,-0.000034,0.000340
438306.000000,0.120000,-0.080000,0.010000,0.021942,0.000000,-0.000000,-0.000004,-0.000466,0.000046,0.000468
438320.000000,0.180000,0.050000,0.000000,0.083646,0.000000,-0.000000,0.000454,-0.000149,0.000057,0.000481
438334.000000,0.080000,-0.030000,0.000000,0.050992,0.000000,-0.000000,0.000166,-0.000196,0.000054,0.000262
438348.000000,0.000000,-0.080000,-0.020000,0.031085,0.000000,-0.000000,-0.001129,-0.000447,-0.000023,0.001215
438362.000000,0.070000,-0.010000,0.000000,0.018950,0.000000,-0.000000,-0.002041,-0.000348,-0.000001,0.002070
438379.000000,0.120000,0.000000,0.000000,0.011552,0.000000,-0.000000,-0.002413,-0.000196,0.000024,0.002421
438393.000000,0.060000,0.000000,0.000000,0.007042,0.000000,-0.000000,-0.000354,-0.000123,0.000036,0.000376
438407.000000,0.080000,0.000000,0.000000,0.004293,0.000000,-0.000000,-0.000326,-0.000088,0.000042,0.000340
438421.000000,0.060000,-0.010000,-0.010000,0.002617,0.000000,-0.000000,-0.000406,-0.000108,0.000008,0.000420
438438.000000,0.100000,0.000000,0.010000,0.001595,0.000000,-0.000000,-0.000288,-0.000083,0.000059,0.000306
438452.000000,0.100000,0.020000,-0.010000,0.000973,0.000000,-0.000000,-0.000217,0.000004,0.000021,0.000218
438465.000000,0.040000,0.000000,-0.020000,0.000593,0.000000,-0.000000,-0.000401,-0.000011,-0.000046,0.000403
438480.000000,0.080000,0.000000,-0.010000,0.000361,0.000000,-0.000000,-0.000382,-0.000033,-0.000051,0.000387
438494.000000,0.080000,0.020000,0.000000,0.000220,0.000000,-0.000000,-0.000345,0.000029,-0.000009,0.000346
438508.000000,0.200000,0.050000,-0.020000,0.078212,0.000000,-0.000000,0.000326,0.000185,-0.000054,0.000379
438522.000000,0.100000,0.010000,-0.010000,0.047679,0.000000,-0.000000,0.000377,0.000133,-0.000052,0.000403
438540.000000,0.000000,-0.060000,0.010000,0.029066,0.000000,-0.000000,-0.001058,-0.000197,0.000035,0.001077
438552.000000,0.070000,-0.040000,0.000000,0.017719,0.000000,-0.000000,-0.001727,-0.000304,0.000047,0.001754
438566.000000,0.080000,-0.010000,-0.050000,0.010802,0.000000,-0.000000,-0.002308,-0.000250,-0.000138,0.002326
438580.000000,0.130000,-0.020000,0.000000,0.006585,0.000000,-0.000000,-0.000270,-0.000229,-0.000077,0.000362
438594.000000,0.100000,-0.020000,0.000000,0.004014,0.000000,-0.000000,-0.000137,-0.000220,-0.000014,0.000259
438608.000000,0.040000,-0.020000,0.000000,0.002447,0.000000,-0.000000,-0.000332,-0.000215,0.000021,0.000396
438622.000000,0.040000,-0.010000,-0.020000,0.001492,0.000000,-0.000000,-0.000477,-0.000173,-0.000036,0.000509
438640.000000,0.080000,-0.040000,-0.010000,0.000909,0.000000,-0.000000,-0.000371,-0.000249,-0.000040,0.000448
438654.000000,0.100000,-0.010000,0.000000,0.000554,0.000000,-0.000000,-0.000237,-0.000195,-0.000001,0.000307
438669.000000,0.100000,-0.050000,-0.030000,0.000338,0.000000,-0.000000,-0.000152,-0.000300,-0.000086,0.000348
438683.000000,0.090000,-0.020000,-0.010000,0.000206,0.000000,-0.000000,-0.000149,-0.000263,-0.000071,0.000310
438697.000000,0.100000,0.010000,-0.010000,0.000126,0.000000,-0.000000,-0.000118,-0.000114,-0.000052,0.000172
438711.000000,0.090000,-0.020000,-0.020000,0.000077,0.000000,-0.000000,-0.000134,-0.000128,-0.000077,0.000200
438727.000000,0.090000,-0.010000,-0.030000,0.000047,0.000000,-0.000000,-0.000144,-0.000113,-0.000132,0.000225
438739.000000,0.090000,-0.050000,0.000000,0.000028,0.000000,-0.000000,-0.000150,-0.000244,-0.000059,0.000293
438751.000000,0.130000,0.020000,-0.030000,0.000017,0.000000,-0.000000,-0.000014,-0.000096,-0.000109,0.000146
438763.000000,0.130000,0.000000,0.000000,0.000011,0.000000,-0.000000,0.000088,-0.000041,-0.000046,0.000107
438778.000000,0.090000,-0.020000,0.000000,0.000006,0.000000,-0.000000,-0.000008,-0.000093,0.000012,0.000094
438791.000000,-0.110000,-0.260000,0.000000,0.000004,-0.101501,-0.000000,-0.000805,-0.002518,0.000039,0.002644
438803.000000,0.020000,-0.070000,-0.090000,0.000002,-0.061876,-0.000000,-0.000887,-0.003780,-0.000269,0.003892
438818.000000,0.300000,0.250000,0.010000,0.117118,0.059877,-0.000000,0.000685,-0.001632,-0.000121,0.001774
438830.000000,0.090000,-0.030000,0.000000,0.071396,0.036501,-0.000000,0.000934,-0.001372,-0.000029,0.001660
438844.000000,0.070000,-0.060000,-0.010000,0.043524,0.022252,-0.000000,0.000677,-0.001872,-0.000011,0.001990
438858.000000,0.080000,-0.040000,-0.020000,0.026533,0.013565,-0.000000,0.000352,-0.000314,-0.000049,0.000474
438871.000000,0.150000,0.080000,0.020000,0.074733,0.008269,-0.000000,0.000669,0.000106,0.000070,0.000681
438887.000000,0.000000,-0.110000,-0.040000,0.045558,0.005041,-0.000000,-0.000047,-0.000298,-0.000071,0.000310
438901.000000,0.020000,-0.130000,-0.050000,0.027773,0.003073,-0.000000,-0.000398,-0.000673,-0.000207,0.000808
438913.000000,0.150000,0.020000,0.060000,0.075489,0.001873,-0.000000,-0.000122,-0.000360,0.000104,0.000394
438930.000000,0.190000,0.110000,0.000000,0.120193,0.001142,-0.000000,0.000951,0.000302,0.000129,0.001006
438944.000000,0.240000,0.200000,0.000000,0.166964,0.078774,-0.000000,0.002552,0.002615,0.000103,0.003655
438957.000000,0.060000,-0.040000,-0.020000,0.101783,0.048021,-0.000000,0.002600,0.002931,0.000014,0.003918
438970.000000,0.000000,-0.110000,-0.010000,0.062048,0.029274,-0.000000,0.001671,0.002059,-0.000011,0.002652
438982.000000,0.040000,-0.070000,0.000000,0.037825,0.017846,-0.000000,0.000878,0.001262,0.000019,0.001538
438994.000000,0.150000,0.040000,0.000000,0.081617,0.010879,-0.000000,0.001029,0.001391,0.000044,0.001731
439006.000000,0.040000,-0.070000,0.000000,0.049755,0.006632,-0.000000,0.000062,0.000123,0.000057,0.000149
439018.000000,0.140000,0.020000,0.000000,0.030331,0.004043,-0.000000,0.000080,0.000060,0.000064,0.000119
439030.000000,0.120000,0.000000,0.000000,0.018490,0.002465,-0.000000,0.000108,0.000039,0.000066,0.000133
439044.000000,0.160000,0.020000,0.020000,0.073734,0.001502,-0.000000,0.000274,0.000105,0.000142,0.000326
439056.000000,0.110000,0.010000,-0.010000,0.044949,0.000916,-0.000000,0.000198,0.000114,0.000082,0.000242
439069.000000,0.170000,0.150000,0.000000,0.093767,0.059117,-0.000000,0.000846,0.000632,0.000066,0.001058
439081.000000,0.150000,0.100000,0.000000,0.115720,0.036038,-0.000000,0.001399,0.000801,0.000062,0.001613
439094.000000,0.070000,0.000000,0.000000,0.070544,0.021969,-0.000000,0.001256,0.000488,0.000061,0.001349
439107.000000,0.130000,0.040000,-0.020000,0.043005,0.013393,-0.000000,0.001435,0.000387,-0.000014,0.001487
439121.000000,0.060000,-0.070000,0.000000,0.026216,0.008164,-0.000000,0.001047,-0.000065,0.000008,0.001049
439138.000000,0.160000,0.090000,0.000000,0.078444,0.004977,-0.000000,0.001554,0.000252,0.000032,0.001575
439150.000000,0.120000,0.010000,0.010000,0.047820,0.003034,-0.000000,0.000201,0.000203,0.000079,0.000296
439164.000000,0.080000,-0.060000,-0.010000,0.029152,0.001850,-0.000000,0.000002,-0.000126,0.000038,0.000131
439178.000000,0.090000,0.010000,-0.040000,0.017771,0.001128,-0.000000,-0.000085,-0.000080,-0.000108,0.000159
439190.000000,0.080000,0.000000,0.020000,0.010834,0.000687,-0.000000,-0.000156,-0.000051,0.000014,0.000165
439202.000000,0.080000,-0.010000,-0.010000,0.006604,0.000419,-0.000000,-0.000201,-0.000071,0.000012,0.000213
439343.000000,0.080000,0.000000,0.000000,0.004026,0.000255,-0.000000,-0.000222,-0.000053,0.000030,0.000231
439358.000000,0.100000,0.020000,-0.030000,0.002454,0.000156,-0.000000,-0.000148,0.000043,-0.000071,0.000169
439370.000000,0.080000,0.000000,0.000000,0.001496,0.000095,-0.000000,-0.000171,0.000028,-0.000029,0.000175
439382.000000,0.090000,0.000000,0.010000,0.000912,0.000058,-0.000000,-0.000162,0.000007,0.000048,0.000170
439395.000000,0.100000,0.000000,0.000000,0.000556,0.000035,-0.000000,-0.000113,-0.000007,0.000063,0.000130
439407.000000,0.000000,0.040000,-0.020000,0.000339,0.000022,-0.000000,-0.000438,0.000130,-0.000009,0.000457
439419.000000,0.010000,0.000000,0.000000,0.000207,0.000013,-0.000000,-0.000646,0.000088,0.000009,0.000652
439431.000000,0.020000,0.000000,0.000000,0.000126,0.000008,-0.000000,-0.000716,0.000038,0.000031,0.000717
439445.000000,0.080000,0.000000,-0.010000,0.000077,0.000005,-0.000000,-0.000495,0.000005,0.000007,0.000495
439457.000000,0.070000,-0.010000,-0.010000,0.000047,0.000003,-0.000000,-0.000379,-0.000045,-0.000011,0.000382
439471.000000,0.070000,0.010000,-0.010000,0.000029,0.000002,-0.000000,-0.000314,-0.000004,-0.000022,0.000315
439489.000000,0.090000,0.000000,0.000000,0.000017,0.000001,-0.000000,-0.000182,-0.000007,0.000013,0.000183
439503.000000,0.070000,0.000000,0.010000,0.000011,0.000001,-0.000000,-0.000197,-0.000013,0.000070,0.000209
439519.000000,0.080000,0.000000,-0.010000,0.000006,0.000000,-0.000000,-0.000179,-0.000017,0.000030,0.000182
439533.000000,0.080000,0.000000,0.000000,0.000004,0.000000,-0.000000,-0.000166,-0.000019,0.000036,0.000171
439547.000000,0.090000,0.000000,0.000000,0.000002,0.000000,-0.000000,-0.000123,-0.000020,0.000044,0.000132
439561.000000,0.080000,0.010000,-0.040000,0.000001,0.000000,-0.000000,-0.000131,0.000017,-0.000100,0.000166
439577.000000,0.070000,0.000000,0.000000,0.000001,0.000000,-0.000000,-0.000176,0.000004,-0.000046,0.000182
439590.000000,0.080000,0.010000,0.010000,0.000001,0.000000,-0.000000,-0.000168,0.000029,0.000038,0.000175
439604.000000,0.060000,0.000000,0.000000,0.000000,0.000000,-0.000000,-0.000233,0.000010,0.000055,0.000240
439619.000000,0.080000,0.000000,0.000000,0.000000,0.000000,-0.000000,-0.000197,-0.000006,0.000056,0.000205
439631.000000,0.070000,0.000000,-0.030000,0.000000,0.000000,-0.000000,-0.000206,-0.000014,-0.000051,0.000212
439645.000000,0.080000,0.000000,0.010000,0.000000,0.000000,-0.000000,-0.000178,-0.000018,0.000018,0.000180
439660.000000,0.060000,0.000000,-0.010000,0.000000,0.000000,-0.000000,-0.000228,-0.000019,0.000003,0.000228
439674.000000,0.080000,-0.010000,0.000000,0.000000,0.000000,-0.000000,-0.000188,-0.000057,0.000023,0.000198
439691.000000,0.070000,-0.010000,0.000000,0.000000,0.000000,-0.000000,-0.000186,-0.000080,0.000037,0.000206
439707.000000,0.080000,0.000000,-0.020000,0.000000,0.000000,-0.000000,-0.000152,-0.000052,-0.000031,0.000163
439719.000000,0.090000,0.010000,-0.010000,0.000000,0.000000,-0.000000,-0.000101,-0.000001,-0.000038,0.000108
439733.000000,0.080000,0.020000,0.000000,0.000000,0.000000,-0.000000,-0.000103,0.000074,0.000000,0.000127
439747.000000,0.080000,0.010000,-0.010000,0.000000,0.000000,-0.000000,-0.000109,0.000080,-0.000010,0.000135
439761.000000,0.070000,-0.020000,-0.010000,0.000000,0.000000,-0.000000,-0.000149,-0.000037,-0.000021,0.000155
439778.000000,0.060000,0.000000,-0.010000,0.000000,0.000000,-0.000000,-0.000207,-0.000041,-0.000026,0.000213
439793.000000,0.080000,0.000000,0.000000,0.000000,0.000000,-0.000000,-0.000165,-0.000030,0.000008,0.000168
439809.000000,0.060000,0.000000,-0.010000,0.000000,0.000000,-0.000000,-0.000205,-0.000023,-0.000006,0.000207
439823.000000,0.060000,0.000000,-0.010000,0.000000,0.000000,-0.000000,-0.000236,-0.000019,-0.000018,0.000238
439839.000000,0.090000,0.010000,0.020000,0.000000,0.000000,-0.000000,-0.000135,0.000021,0.000089,0.000163
439853.000000,0.050000,0.000000,0.000000,0.000000,0.000000,-0.000000,-0.000217,0.000008,0.000083,0.000232
439868.000000,0.070000,0.000000,0.000000,0.000000,0.000000,-0.000000,-0.000206,-0.000005,0.000067,0.000217
439882.000000,0.070000,0.000000,0.010000,0.000000,0.000000,-0.000000,-0.000190,-0.000011,0.000094,0.000213
439898.000000,0.090000,0.010000,-0.020000,0.000000,0.000000,-0.000000,-0.000099,0.000024,-0.000001,0.000102
439912.000000,0.070000,0.000000,-0.030000,0.000000,0.000000,-0.000000,-0.000119,0.000009,-0.000099,0.000155
439929.000000,0.070000,-0.020000,0.010000,0.000000,0.000000,-0.000000,-0.000138,-0.000081,-0.000002,0.000160
439942.000000,0.090000,-0.010000,0.000000,0.000000,0.000000,-0.000000,-0.000079,-0.000097,0.000029,0.000129
439960.000000,0.070000,0.000000,-0.010000,0.000000,0.000000,-0.000000,-0.000106,-0.000057,0.000002,0.000120
439978.000000,0.090000,0.010000,-0.010000,0.000000,0.000000,-0.000000,-0.000051,0.000007,-0.000017,0.000054
440005.000000,0.060000,-0.020000,0.010000,0.000000,0.000000,-0.000000,-0.000114,-0.000067,0.000047,0.000141
440018.000000,0.070000,-0.030000,0.000000,0.000000,0.000000,-0.000000,-0.000135,-0.000151,0.000051,0.000209
440030.000000,0.090000,0.000000,0.000000,0.000000,0.000000,-0.000000,-0.000079,-0.000106,0.000052,0.000143
440042.000000,0.070000,-0.010000,0.020000,0.000000,0.000000,-0.000000,-0.000106,-0.000098,0.000123,0.000190
440059.000000,0.060000,0.000000,-0.020000,0.000000,0.000000,-0.000000,-0.000166,-0.000052,0.000016,0.000174
440073.000000,0.080000,0.000000,0.000000,0.000000,0.000000,-0.000000,-0.000125,-0.000027,0.000018,0.000129
440089.000000,0.080000,0.000000,0.000000,0.000000,0.000000,-0.000000,-0.000090,-0.000014,0.000030,0.000095
440103.000000,0.070000,0.000000,-0.010000,0.000000,0.000000,-0.000000,-0.000109,-0.000009,0.000000,0.000110
440119.000000,0.080000,0.000000,0.020000,0.000000,0.000000,-0.000000,-0.000086,-0.000006,0.000092,0.000126
440133.000000,0.070000,0.000000,-0.020000,0.000000,0.000000,-0.000000,-0.000107,-0.000005,0.000006,0.000108
440147.000000,0.060000,-0.010000,0.000000,0.000000,0.000000,-0.000000,-0.000161,-0.000042,0.000012,0.000167
440159.000000,0.060000,0.000000,-0.020000,0.000000,0.000000,-0.000000,-0.000195,-0.000031,-0.000046,0.000202
440171.000000,0.050000,0.000000,-0.030000,0.000000,0.000000,-0.000000,-0.000251,-0.000018,-0.000125,0.000281
440187.000000,0.050000,0.000000,0.000000,0.000000,0.000000,-0.000000,-0.000276,-0.000009,-0.000056,0.000282
440199.000000,0.070000,0.000000,0.010000,0.000000,0.000000,-0.000000,-0.000217,-0.000006,0.000027,0.000219
440211.000000,0.110000,0.020000,0.000000,0.000000,0.000000,-0.000000,-0.000032,0.000068,0.000046,0.000088
440306.000000,0.080000,0.010000,0.010000,0.000000,0.000000,-0.000000,-0.000008,0.000083,0.000086,0.000119
440320.000000,0.080000,0.000000,-0.030000,0.000000,0.000000,-0.000000,-0.000018,0.000045,-0.000040,0.000063
440337.000000,0.070000,0.000000,-0.010000,0.000000,0.000000,-0.000000,-0.000065,0.000016,-0.000054,0.000085
440351.000000,0.070000,0.000000,0.000000,0.000000,0.000000,-0.000000,-0.000092,0.000004,-0.000012,0.000093
440368.000000,0.090000,-0.020000,0.000000,0.000000,0.000000,-0.000000,-0.000027,-0.000079,0.000019,0.000085
440381.000000,0.090000,-0.020000,0.000000,0.000000,0.000000,-0.000000,0.000012,-0.000126,0.000032,0.000131
440395.000000,0.070000,-0.010000,0.000000,0.000000,0.000000,-0.000000,-0.000040,-0.000116,0.000039,0.000129
440410.000000,0.080000,0.000000,-0.010000,0.000000,0.000000,-0.000000,-0.000042,-0.000063,0.000004,0.000076
440427.000000,0.070000,0.000000,-0.010000,0.000000,0.000000,-0.000000,-0.000074,-0.000026,-0.000021,0.000081
440439.000000,0.070000,0.000000,-0.010000,0.000000,0.000000,-0.000000,-0.000094,-0.000012,-0.000031,0.000099
440451.000000,0.080000,-0.010000,0.000000,0.000000,0.000000,-0.000000,-0.000072,-0.000041,-0.000002,0.000083
440467.000000,0.060000,-0.010000,-0.010000,0.000000,0.000000,-0.000000,-0.000125,-0.000064,-0.000015,0.000141
440479.000000,0.080000,0.000000,0.020000,0.000000,0.000000,-0.000000,-0.000089,-0.000039,0.000078,0.000124
440493.000000,0.060000,0.000000,-0.010000,0.000000,0.000000,-0.000000,-0.000132,-0.000017,0.000038,0.000139
440511.000000,0.080000,-0.010000,-0.010000,0.000000,0.000000,-0.000000,-0.000080,-0.000043,-0.000005,0.000090
440529.000000,0.070000,0.000000,-0.010000,0.000000,0.000000,-0.000000,-0.000081,-0.000022,-0.000025,0.000088
440543.000000,0.070000,0.000000,-0.020000,0.000000,0.000000,-0.000000,-0.000090,-0.000009,-0.000070,0.000114
440557.000000,0.080000,-0.010000,-0.020000,0.000000,0.000000,-0.000000,-0.000060,-0.000038,-0.000099,0.000122
440569.000000,0.070000,-0.010000,0.000000,0.000000,0.000000,-0.000000,-0.000075,-0.000059,-0.000043,0.000105
440581.000000,0.070000,0.000000,-0.040000,0.000000,0.000000,-0.000000,-0.000090,-0.000036,-0.000143,0.000173
440593.000000,0.070000,0.000000,0.000000,0.000000,0.000000,-0.000000,-0.000098,-0.000016,-0.000078,0.000126
440608.000000,0.070000,-0.010000,-0.010000,0.000000,0.000000,-0.000000,-0.000098,-0.000041,-0.000049,0.000117
440620.000000,0.080000,-0.010000,-0.010000,0.000000,0.000000,-0.000000,-0.000063,-0.000059,-0.000040,0.000095
440636.000000,0.080000,-0.010000,0.010000,0.000000,0.000000,-0.000000,-0.000033,-0.000068,0.000042,0.000086
440648.000000,0.070000,-0.010000,-0.020000,0.000000,0.000000,-0.000000,-0.000055,-0.000072,-0.000017,0.000092
440660.000000,0.070000,0.020000,-0.030000,0.000000,0.000000,-0.000000,-0.000076,0.000032,-0.000104,0.000133
440676.000000,0.080000,0.010000,0.000000,0.000000,0.000000,-0.000000,-0.000046,0.000075,-0.000043,0.000098
440688.000000,0.070000,-0.020000,-0.030000,0.000000,0.000000,-0.000000,-0.000062,-0.000018,-0.000102,0.000121
440702.000000,0.080000,-0.020000,0.020000,0.000000,0.000000,-0.000000,-0.000040,-0.000094,0.000033,0.000107
440717.000000,0.060000,-0.010000,0.000000,0.000000,0.000000,-0.000000,-0.000097,-0.000092,0.000058,0.000146
440731.000000,0.070000,0.000000,0.000000,0.000000,0.000000,-0.000000,-0.000098,-0.000046,0.000058,0.000123
440745.000000,0.090000,-0.010000,-0.020000,0.000000,0.000000,-0.000000,-0.000019,-0.000052,-0.000019,0.000059
440759.000000,0.060000,0.000000,-0.030000,0.000000,0.000000,-0.000000,-0.000077,-0.000024,-0.000108,0.000134
440773.000000,0.060000,-0.010000,-0.010000,0.000000,0.000000,-0.000000,-0.000124,-0.000041,-0.000084,0.000155
440789.000000,0.080000,-0.010000,-0.010000,0.000000,0.000000,-0.000000,-0.000070,-0.000055,-0.000054,0.000104
440804.000000,0.070000,-0.010000,0.000000,0.000000,0.000000,-0.000000,-0.000068,-0.000061,-0.000002,0.000092
440819.000000,0.090000,0.000000,-0.010000,0.000000,0.000000,-0.000000,0.000002,-0.000027,-0.000008,0.000028
440834.000000,0.070000,-0.010000,0.000000,0.000000,0.000000,-0.000000,-0.000027,-0.000040,0.000020,0.000052
440849.000000,0.070000,0.010000,-0.010000,0.000000,0.000000,-0.000000,-0.000053,0.000022,0.000002,0.000057
440863.000000,0.080000,0.010000,0.000000,0.000000,0.000000,-0.000000,-0.000030,0.000064,0.000023,0.000074
440877.000000,0.060000,-0.010000,-0.030000,0.000000,0.000000,-0.000000,-0.000086,0.000011,-0.000071,0.000112
440889.000000,0.090000,0.000000,0.000000,0.000000,0.000000,-0.000000,-0.000019,0.000008,-0.000029,0.000035
440902.000000,0.070000,-0.010000,-0.020000,0.000000,0.000000,-0.000000,-0.000035,-0.000026,-0.000060,0.000074
440920.000000,0.060000,-0.020000,-0.030000,0.000000,0.000000,-0.000000,-0.000093,-0.000086,-0.000122,0.000176
440937.000000,0.080000,0.000000,0.000000,0.000000,0.000000,-0.000000,-0.000048,-0.000041,-0.000041,0.000075
440949.000000,0.070000,0.000000,0.000000,0.000000,0.000000,-0.000000,-0.000055,-0.000013,0.000008,0.000057
440965.000000,0.070000,-0.010000,-0.010000,0.000000,0.000000,-0.000000,-0.000063,-0.000032,0.000000,0.000071
440978.000000,0.060000,-0.010000,0.000000,0.000000,0.000000,-0.000000,-0.000103,-0.000048,0.000026,0.000117
440990.000000,0.090000,0.000000,0.000000,0.000000,0.000000,-0.000000,-0.000025,-0.000022,0.000044,0.000055
441006.000000,0.080000,-0.020000,0.000000,0.000000,0.000000,-0.000000,0.000004,-0.000075,0.000054,0.000093
441021.000000,0.050000,-0.010000,-0.010000,0.000000,0.000000,-0.000000,-0.000100,-0.000073,0.000019,0.000125
441039.000000,0.070000,-0.020000,-0.010000,0.000000,0.000000,-0.000000,-0.000091,-0.000101,-0.000006,0.000136
441054.000000,0.070000,0.000000,0.000000,0.000000,0.000000,-0.000000,-0.000078,-0.000047,0.000020,0.000093
441069.000000,0.070000,0.000000,0.000000,0.000000,0.000000,-0.000000,-0.000070,-0.000008,0.000040,0.000081
441084.000000,0.080000,-0.020000,-0.010000,0.000000,0.000000,-0.000000,-0.000028,-0.000063,0.000012,0.000070
441099.000000,0.080000,-0.010000,-0.020000,0.000000,0.000000,-0.000000,-0.000001,-0.000065,-0.000045,0.000080
441114.000000,0.080000,-0.010000,0.000000,0.000000,0.000000,-0.000000,0.000012,-0.000060,-0.000005,0.000062
441128.000000,0.070000,-0.010000,0.000000,0.000000,0.000000,-0.000000,-0.000020,-0.000057,0.000027,0.000066
441140.000000,0.070000,0.000000,0.000000,0.000000,0.000000,-0.000000,-0.000041,-0.000021,0.000044,0.000064
441156.000000,0.060000,0.000000,-0.030000,0.000000,0.000000,-0.000000,-0.000092,0.000008,-0.000064,0.000112
441170.000000,0.080000,0.000000,0.000000,0.000000,0.000000,-0.000000,-0.000046,0.000021,-0.000020,0.000054
441187.000000,0.060000,-0.020000,-0.020000,0.000000,0.000000,-0.000000,-0.000083,-0.000050,-0.000055,0.000112
441201.000000,0.080000,0.000000,-0.010000,0.000000,0.000000,-0.000000,-0.000039,-0.000021,-0.000044,0.000063
441218.000000,0.080000,-0.010000,0.000000,0.000000,0.000000,-0.000000,-0.000003,-0.000031,0.000006,0.000032
441230.000000,0.070000,0.000000,0.000000,0.000000,0.000000,-0.000000,-0.000022,-0.000006,0.000033,0.000040
441244.000000,0.080000,-0.010000,0.000000,0.000000,0.000000,-0.000000,-0.000003,-0.000023,0.000049,0.000055
441259.000000,0.050000,0.000000,-0.020000,0.000000,0.000000,-0.000000,-0.000100,0.000000,-0.000020,0.000102
441274.000000,0.070000,0.000000,0.000000,0.000000,0.000000,-0.000000,-0.000090,0.000017,0.000008,0.000092
441288.000000,0.070000,0.000000,-0.010000,0.000000,0.000000,-0.000000,-0.000073,0.000026,-0.000003,0.000077
441302.000000,0.070000,-0.020000,-0.010000,0.000000,0.000000,-0.000000,-0.000062,-0.000044,-0.000014,0.000078
441319.000000,0.090000,0.000000,-0.030000,0.000000,0.000000,-0.000000,0.000023,-0.000016,-0.000096,0.000100
441333.000000,0.070000,-0.020000,0.000000,0.000000,0.000000,-0.000000,-0.000002,-0.000065,-0.000035,0.000073
441348.000000,0.090000,-0.010000,0.000000,0.000000,0.000000,-0.000000,0.000048,-0.000063,0.000016,0.000081
441362.000000,0.080000,0.000000,-0.020000,0.000000,0.000000,-0.000000,0.000046,-0.000020,-0.000032,0.000060
441379.000000,-0.060000,-0.050000,-0.200000,0.000000,0.000000,-0.000000,-0.000497,-0.000180,-0.000757,0.000923
441393.000000,0.480000,0.340000,0.170000,0.187386,0.132732,-0.000000,0.003080,0.003066,0.000159,0.004349
441407.000000,0.080000,-0.200000,-0.010000,0.114233,0.002837,-0.000000,0.004200,0.002125,0.000190,0.004711
441421.000000,0.400000,-0.410000,-0.420000,0.225793,-0.158329,-0.163963,0.007718,-0.002130,-0.001418,0.008131
441439.000000,0.220000,-0.340000,0.130000,0.223531,-0.229252,-0.099954,0.010899,-0.007996,-0.000346,0.013522
441453.000000,0.170000,0.370000,-0.010000,0.202633,0.004689,-0.060933,0.012570,-0.005694,-0.000095,0.013800
441469.000000,0.680000,0.620000,0.480000,0.388992,0.244899,0.150241,0.019916,0.002092,0.005448,0.020754
441485.000000,-0.530000,1.250000,-2.250000,0.030228,0.637279,-0.786785,0.015342,0.018480,-0.017952,0.029986
441499.000000,-6.230000,2.800000,-5.180000,-2.413691,1.481580,-2.501844,-0.047651,0.050267,-0.074740,0.101899
441515.000000,-10.110000,2.120000,-7.930000,-5.418239,1.730811,-4.620932,-0.183323,0.084961,-0.182889,0.272533
441529.000000,-14.930000,-8.520000,-20.500000,-9.131518,-2.270985,-10.819933,-0.365988,0.010618,-0.412059,0.551228
441541.000000,-12.570000,-10.100000,-22.230000,-10.473861,-5.327340,-15.274288,-0.519179,-0.093300,-0.657618,0.843038
441553.000000,-9.980000,-8.890000,-21.350000,-10.281063,-6.718161,-17.646175,-0.649601,-0.199112,-0.910523,1.136081
441569.000000,-1.990000,-0.160000,-9.090000,-7.044330,-4.157932,-14.305945,-0.724900,-0.243177,-1.113357,1.350622
441585.000000,2.100000,0.540000,-6.660000,-3.474491,-2.323915,-11.321058,-0.724812,-0.250296,-1.248663,1.465319
441599.000000,8.550000,-0.620000,-4.790000,1.219728,-1.658727,-8.771410,-0.641737,-0.258196,-1.331003,1.500020
441615.000000,10.070000,-1.390000,-5.550000,4.674770,-1.553819,-7.513810,-0.501313,-0.276420,-1.421258,1.532219
441629.000000,12.080000,-3.100000,-6.540000,7.565684,-2.157430,-7.133646,-0.346805,-0.311538,-1.508922,1.579296
441643.000000,13.330000,-3.080000,-5.820000,9.816005,-2.517590,-6.620814,-0.170556,-0.352212,-1.592138,1.639526
441657.000000,14.550000,-3.570000,-4.820000,11.664101,-2.928439,-5.917798,0.024172,-0.399355,-1.664219,1.711635
441671.000000,15.910000,-3.600000,-3.290000,13.321650,-3.190608,-4.891936,0.237771,-0.448732,-1.717966,1.791453
441689.000000,16.500000,-3.440000,-1.640000,14.562440,-3.287968,-3.622419,0.527111,-0.511063,-1.759208,1.906264
441703.000000,16.170000,-3.170000,-0.710000,15.190013,-3.241915,-2.485445,0.752352,-0.556628,-1.775670,2.007205
441719.000000,6.680000,-7.610000,25.570000,11.867804,-4.947164,8.467070,0.903551,-0.657430,-1.494793,1.866286
441735.000000,4.700000,-1.810000,21.740000,9.069578,-3.722452,13.648665,1.000708,-0.707891,-1.166906,1.692393
441747.000000,-19.180000,-10.850000,-3.740000,-1.958724,-6.504963,6.860335,0.860824,-0.810345,-1.124445,1.631580
441761.000000,-5.110000,-0.370000,-5.020000,-3.188945,-4.109946,2.222393,0.761049,-0.849785,-1.158660,1.625984
441777.000000,-1.910000,2.260000,5.040000,-2.689660,-1.623194,3.322353,0.704606,-0.837943,-1.113807,1.561788
441791.000000,0.460000,3.480000,9.850000,-1.460070,0.369033,5.870670,0.693560,-0.800685,-1.005383,1.460451
441805.000000,2.250000,3.110000,3.460000,-0.011702,1.439074,4.929573,0.711559,-0.758984,-0.938829,1.401347
441819.000000,4.130000,2.550000,2.440000,1.605169,1.872766,3.957673,0.756695,-0.721438,-0.894831,1.376148
441835.000000,5.920000,1.930000,4.440000,3.289628,1.895110,4.145968,0.837632,-0.686897,-0.829882,1.364609
441847.000000,6.420000,1.220000,6.050000,4.511689,1.631555,4.889280,0.909139,-0.668839,-0.764346,1.363122
441859.000000,6.020000,0.960000,6.480000,5.100516,1.369388,5.510278,0.980527,-0.655318,-0.690151,1.366449
441875.000000,3.910000,1.590000,5.870000,4.635752,1.455512,5.650709,1.052031,-0.632050,-0.594592,1.363743
441889.000000,1.880000,2.450000,4.930000,3.559939,1.843749,5.369353,1.088488,-0.601886,-0.521075,1.348552
441903.000000,-0.130000,3.080000,3.020000,2.170181,2.326366,4.452193,1.097413,-0.562608,-0.469304,1.319504
441919.000000,-5.750000,0.370000,-5.650000,-0.921764,1.562624,0.508416,1.035231,-0.544945,-0.514698,1.278116
441936.000000,-8.040000,-2.270000,-11.950000,-3.700640,0.066413,-4.355203,0.918839,-0.566273,-0.671227,1.271013
441950.000000,-5.110000,-1.040000,-10.470000,-4.250837,-0.365518,-6.742347,0.839268,-0.581688,-0.812385,1.304876
441967.000000,-1.690000,2.550000,-4.360000,-3.251117,0.772666,-5.812307,0.789275,-0.556904,-0.915546,1.330910
441981.000000,18.290001,-0.790000,-7.800000,5.158282,0.162620,-6.588279,0.955428,-0.558477,-1.017354,1.503246
441995.000000,11.650000,-0.260000,-3.940000,7.692572,-0.002366,-5.554422,1.118707,-0.561452,-1.086389,1.657399
442009.000000,10.550000,1.750000,-6.190000,8.808078,0.681737,-5.802544,1.270343,-0.545148,-1.167642,1.809515
442026.000000,0.500000,6.610000,-4.000000,5.564702,2.996061,-5.098852,1.330636,-0.460495,-1.244696,1.879340
442040.000000,-1.470000,5.310000,0.470000,2.818438,3.899395,-2.924838,1.330389,-0.387497,-1.259008,1.872215
442054.000000,-2.210000,2.870000,0.370000,0.855395,3.497532,-1.638572,1.307919,-0.337426,-1.259556,1.846887
442069.000000,-3.730000,-3.830000,-0.560000,-0.934689,0.636950,-1.217510,1.260742,-0.361498,-1.265484,1.822526
442086.000000,-6.250000,-4.000000,-1.340000,-3.009724,-1.173261,-1.265329,1.169431,-0.417228,-1.283301,1.785640
442100.000000,-2.220000,1.550000,-1.580000,-2.701425,-0.110132,-1.388173,1.124379,-0.415761,-1.303067,1.770612
442117.000000,-1.130000,1.450000,0.500000,-2.087959,0.498925,-0.651052,1.093624,-0.397916,-1.304173,1.747918
442131.000000,-0.940000,0.620000,1.550000,-1.639809,0.546191,0.208212,1.076077,-0.387386,-1.289137,1.723335
442145.000000,1.070000,0.650000,3.440000,-0.581932,0.586717,1.469864,1.080561,-0.377811,-1.250794,1.695535
442158.000000,3.440000,0.600000,7.310000,0.988183,0.591903,3.749784,1.112430,-0.369642,-1.173481,1.658672
442171.000000,2.730000,0.260000,-0.150000,1.668168,0.462332,2.285913,1.146148,-0.364782,-1.151542,1.665164
442188.000000,-1.090000,-0.600000,0.230000,0.591412,0.047610,1.393519,1.145510,-0.369961,-1.140053,1.657946
442202.000000,0.000000,-0.470000,-0.040000,0.360531,-0.154459,0.849506,1.144615,-0.375801,-1.137487,1.656878
442217.000000,0.570000,0.120000,-0.070000,0.442306,-0.094160,0.517869,1.149522,-0.376369,-1.137269,1.660252
442229.000000,0.520000,0.010000,-0.140000,0.472637,-0.057401,0.315699,1.154436,-0.376383,-1.138291,1.664359
442243.000000,0.710000,0.290000,-0.020000,0.565300,0.078220,0.192454,1.162376,-0.373500,-1.138725,1.669525
442257.000000,0.930000,0.270000,-0.130000,0.707675,0.153089,0.117322,1.173135,-0.369943,-0.008407,1.230112
442271.000000,0.400000,0.160000,0.110000,0.587562,0.155787,0.071521,1.179545,-0.367263,0.001497,1.235399
442288.000000,0.690000,0.190000,-0.040000,0.627553,0.169143,0.043600,1.189196,-0.363970,0.005094,1.243659
442302.000000,0.610000,0.220000,-0.030000,0.620700,0.188997,0.026579,1.196821,-0.360955,0.006225,1.250083
442318.000000,0.670000,0.250000,-0.040000,0.639946,0.212812,0.016203,1.206097,-0.357070,0.006515,1.257859
442332.000000,0.490000,0.310000,-0.020000,0.581409,0.250753,0.009877,1.212596,-0.352966,0.006670,1.262940
442346.000000,0.590000,0.280000,-0.010000,0.584763,0.262171,0.006021,1.219590,-0.348946,0.006800,1.268546
442360.000000,0.530000,0.290000,0.020000,0.563384,0.273035,0.003671,1.226145,-0.344852,0.006916,1.273736
442377.000000,0.500000,0.170000,0.000000,0.538640,0.232811,0.002238,1.233588,-0.341282,0.006569,1.279944
442391.000000,0.480000,0.130000,-0.030000,0.515747,0.141925,0.001364,1.239393,-0.339081,0.006380,1.284956
442405.000000,0.490000,0.190000,-0.050000,0.505696,0.160693,0.000832,1.245199,-0.336513,0.006251,1.289884
442417.000000,0.480000,0.180000,-0.020000,0.495665,0.168230,0.000507,1.250092,-0.334302,0.006318,1.294036
442429.000000,0.480000,0.180000,-0.020000,0.489549,0.172825,0.000309,1.254960,-0.332087,0.006427,1.298171
442443.000000,0.490000,0.180000,-0.020000,0.489725,0.175626,0.000188,1.260729,-0.329503,0.006324,1.303092
442457.000000,0.470000,0.170000,-0.040000,0.482025,0.173430,0.000115,1.266328,-0.327016,0.006040,1.307884
442472.000000,0.460000,0.190000,-0.020000,0.473427,0.179899,0.000070,1.272167,-0.324173,0.005835,1.312834
442489.000000,0.450000,0.190000,-0.010000,0.464281,0.183842,0.000043,1.278612,-0.320890,0.005543,1.318276
442516.000000,0.390000,0.110000,-0.010000,0.435283,0.112072,0.000026,1.287632,-0.317159,0.004354,1.326124
442528.000000,0.400000,0.150000,-0.020000,0.421509,0.126879,0.000016,1.291563,-0.315362,0.004745,1.329515
442541.000000,0.400000,0.160000,-0.030000,0.413112,0.139809,0.000010,1.295796,-0.313280,0.005222,1.333138
442559.000000,0.350000,0.320000,-0.060000,0.388474,0.210153,0.000006,1.301016,-0.308325,0.004899,1.337060
442573.000000,0.320000,0.250000,-0.040000,0.361742,0.225709,0.000004,1.304632,-0.304673,0.004884,1.339744
442589.000000,0.410000,-0.050000,0.010000,0.380582,0.137595,0.000002,1.309622,-0.303929,0.005025,1.344436
442603.000000,0.400000,0.120000,-0.050000,0.388162,0.083879,0.000001,1.314114,-0.302512,0.004914,1.348493
442618.000000,0.310000,0.310000,-0.030000,0.357649,0.172154,0.000001,1.318023,-0.298753,0.004855,1.351466
442632.000000,0.290000,0.310000,0.000000,0.331239,0.225968,0.000000,1.321222,-0.294617,0.004924,1.353680
442646.000000,0.420000,-0.020000,-0.020000,0.365891,0.137753,0.000000,1.325560,-0.293527,0.004893,1.357679
442661.000000,0.310000,0.150000,-0.030000,0.344072,0.142534,0.000000,1.329420,-0.291552,0.004727,1.361022
442678.000000,0.200000,0.290000,0.000000,0.287828,0.200103,0.000000,1.332216,-0.287375,0.004547,1.362867
442692.000000,0.190000,0.250000,0.000000,0.249637,0.219582,0.000000,1.334032,-0.283847,0.004570,1.363903
442706.000000,0.220000,-0.010000,-0.020000,0.238067,0.133860,0.000000,1.335995,-0.282842,0.004555,1.365615
442718.000000,0.390000,-0.080000,-0.030000,0.297380,0.081603,0.000000,1.339144,-0.283216,0.004524,1.368773
442730.000000,0.480000,-0.170000,-0.010000,0.368673,-0.016620,0.000000,1.343489,-0.284717,0.004609,1.373334
442744.000000,0.300000,0.120000,0.000000,0.341864,-0.010132,0.000000,1.347212,-0.284021,0.004587,1.376833
442759.000000,0.420000,-0.160000,-0.010000,0.372367,-0.068639,0.000000,1.352029,-0.000794,0.004378,1.352036
442774.000000,0.370000,0.000000,0.000000,0.371443,-0.041843,0.000000,1.356569,0.000443,0.004244,1.356575
442789.000000,0.330000,0.040000,-0.030000,0.355264,-0.025508,0.000000,1.360605,0.001177,0.004043,1.360612
442806.000000,0.300000,0.070000,-0.030000,0.333690,-0.015550,0.000000,1.364653,0.001601,0.003781,1.364659
442820.000000,0.300000,0.090000,-0.020000,0.320538,-0.009479,0.000000,1.367855,0.001878,0.003773,1.367862
442837.000000,0.250000,0.080000,-0.010000,0.293001,-0.005779,0.000000,1.371101,0.001928,0.003702,1.371108
442851.000000,0.280000,0.090000,-0.010000,0.287925,-0.003523,0.000000,1.373910,0.001994,0.003723,1.373916
442868.000000,0.290000,0.060000,-0.010000,0.288735,-0.002148,0.000000,1.377489,0.001854,0.003620,1.377495
442882.000000,0.280000,0.040000,-0.030000,0.285325,-0.001309,0.000000,1.380379,0.001722,0.003545,1.380385
442898.000000,0.260000,0.090000,0.000000,0.275438,-0.000798,0.000000,1.383440,0.001800,0.003552,1.383446
442910.000000,0.230000,0.080000,0.000000,0.257700,-0.000487,0.000000,1.385428,0.001853,0.003621,1.385434
442927.000000,0.250000,0.070000,-0.010000,0.254694,-0.000297,0.000000,1.388353,0.001773,0.003492,1.388359
442941.000000,0.270000,0.070000,-0.020000,0.260669,-0.000181,0.000000,1.390984,0.001730,0.003393,1.390990
442958.000000,0.230000,0.050000,-0.020000,0.248696,-0.000110,0.000000,1.393784,0.001577,0.003230,1.393789
442972.000000,0.220000,0.060000,-0.020000,0.237494,-0.000067,0.000000,1.395895,0.001555,0.003201,1.395899
442988.000000,0.240000,0.090000,0.010000,0.238472,-0.000041,0.000000,1.398464,0.001639,0.003252,1.398468
443002.000000,0.230000,0.070000,0.000000,0.235165,-0.000025,0.000000,1.400655,0.001627,0.003266,1.400659
443018.000000,0.230000,0.050000,-0.010000,0.233148,-0.000015,0.000000,1.403139,0.001498,0.003160,1.403143
443032.000000,0.240000,0.090000,0.000000,0.235823,-0.000009,0.000000,1.405406,0.001575,0.003150,1.405410
443047.000000,0.210000,0.060000,0.020000,0.225742,-0.000006,0.000000,1.407549,0.001515,0.003202,1.407554
443061.000000,0.230000,0.060000,-0.040000,0.227404,-0.000003,0.000000,1.409666,0.001462,0.003006,1.409670
443078.000000,0.210000,0.060000,0.000000,0.220610,-0.000002,0.000000,1.412041,0.001369,0.002888,1.412045
443092.000000,0.230000,0.060000,0.000000,0.224276,-0.000001,0.000000,1.414144,0.001347,0.002897,1.414148
443108.000000,0.230000,0.100000,-0.050000,0.226510,-0.000001,0.000000,1.416599,0.001468,0.002673,1.416602
443122.000000,0.220000,0.070000,-0.010000,0.223969,-0.000000,0.000000,1.418661,0.001441,0.002695,1.418665
443138.000000,0.220000,0.040000,0.000000,0.222419,-0.000000,0.000000,1.420990,0.001264,0.002711,1.420993
443152.000000,0.200000,0.060000,0.000000,0.213667,-0.000000,0.000000,1.422824,0.001240,0.002735,1.422827
443168.000000,0.210000,0.070000,0.000000,0.212236,-0.000000,0.000000,1.424962,0.001251,0.002690,1.424965
443180.000000,0.220000,0.060000,-0.020000,0.215267,-0.000000,0.000000,1.426659,0.001247,0.002638,1.426662
443193.000000,0.200000,0.050000,0.010000,0.209307,-0.000000,0.000000,1.428346,0.001222,0.002749,1.428349
443208.000000,0.180000,0.040000,0.000000,0.197866,-0.000000,0.000000,1.430030,0.001115,0.002684,1.430033
443222.000000,0.180000,0.030000,-0.020000,0.190891,-0.000000,0.000000,1.431528,0.001008,0.002543,1.431530
443238.000000,0.200000,0.090000,0.000000,0.194447,-0.000000,0.000000,1.433439,0.001147,0.002464,1.433441
443252.000000,0.180000,0.070000,-0.020000,0.188807,-0.000000,0.000000,1.434967,0.001179,0.002378,1.434969
443268.000000,0.190000,0.050000,0.000000,0.189273,-0.000000,0.000000,1.436776,0.001085,0.002349,1.436778
443282.000000,0.180000,0.060000,-0.030000,0.185653,-0.000000,0.000000,1.438278,0.001068,0.002247,1.438280
443298.000000,0.180000,0.050000,0.010000,0.183446,-0.000000,0.000000,1.439966,0.001003,0.002280,1.439968
443312.000000,0.200000,0.050000,-0.050000,0.189909,-0.000000,0.000000,1.441631,0.000972,0.002107,1.441633
443328.000000,0.210000,0.060000,-0.020000,0.197752,-0.000000,0.000000,1.443712,0.000973,0.002050,1.443714
443342.000000,0.200000,0.060000,0.000000,0.198630,-0.000000,0.000000,1.445480,0.000983,0.002120,1.445482
443358.000000,0.170000,0.050000,-0.020000,0.187453,-0.000000,0.000000,1.447148,0.000931,0.002053,1.447150
443372.000000,0.170000,0.060000,0.000000,0.180640,-0.000000,0.000000,1.448515,0.000939,0.002090,1.448516
443386.000000,0.180000,0.060000,0.000000,0.180390,-0.000000,0.000000,1.449951,0.000953,0.002127,1.449953
443399.000000,0.190000,0.050000,-0.010000,0.184142,-0.000000,0.000000,1.451395,0.000924,0.002111,1.451397
443416.000000,0.160000,0.060000,0.010000,0.174717,-0.000000,0.000000,1.452971,0.000890,0.002058,1.452972
443430.000000,0.150000,0.050000,-0.020000,0.165068,-0.000000,0.000000,1.454093,0.000851,0.001952,1.454094
443442.000000,0.170000,0.020000,0.000000,0.166993,-0.000000,0.000000,1.455177,0.000740,0.001999,1.455179
443458.000000,0.180000,0.050000,-0.030000,0.172071,-0.000000,0.000000,1.456784,0.000743,0.001853,1.456785
443472.000000,0.170000,0.040000,-0.010000,0.171262,-0.000000,0.000000,1.458134,0.000720,0.001825,1.458136
443488.000000,0.160000,0.030000,0.000000,0.166866,-0.000000,0.000000,1.459547,0.000651,0.001822,1.459548
443502.000000,0.150000,0.030000,0.000000,0.160282,-0.000000,0.000000,1.460650,0.000616,0.001836,1.460651
443518.000000,0.160000,0.050000,0.010000,0.160172,-0.000000,0.000000,1.461978,0.000660,0.001843,1.461979
443532.000000,0.160000,0.050000,0.000000,0.160105,-0.000000,0.000000,1.463157,0.000696,0.001821,1.463158
443544.000000,0.140000,0.040000,0.000000,0.097602,-0.000000,0.000000,1.464004,0.000690,0.001836,1.464005
443556.000000,0.160000,0.050000,0.000000,0.121961,-0.000000,0.000000,1.464970,0.000723,0.001860,1.464971
443568.000000,0.160000,0.050000,-0.020000,0.136811,-0.000000,0.000000,1.465972,0.000740,0.001786,1.465973
443581.000000,0.160000,0.030000,-0.010000,0.145864,-0.000000,0.000000,1.467069,0.000664,0.001738,1.467070
443595.000000,0.150000,0.050000,0.000000,0.147479,-0.000000,0.000000,1.468156,0.000666,0.001710,1.468157
443609.000000,0.150000,0.030000,-0.040000,0.148463,-0.000000,0.000000,1.469214,0.000595,0.001528,1.469215
443626.000000,0.180000,0.050000,0.000000,0.160775,-0.000000,0.000000,1.470847,0.000594,0.001488,1.470847
443640.000000,0.130000,0.030000,0.000000,0.098010,-0.000000,0.000000,1.471786,0.000541,0.001516,1.471787
443657.000000,0.150000,0.010000,-0.010000,0.118306,-0.000000,0.000000,1.473018,0.000410,0.001451,1.473019
443671.000000,0.140000,0.050000,0.000000,0.072121,-0.000000,0.000000,1.473957,0.000492,0.001472,1.473958
443688.000000,0.150000,0.040000,-0.010000,0.102524,-0.000000,0.000000,1.475189,0.000507,0.001405,1.475190
443702.000000,0.140000,0.060000,0.000000,0.062500,-0.000000,0.000000,0.001387,0.000589,0.001424,0.002073
443718.000000,0.130000,0.040000,0.000000,0.038101,-0.000000,0.000000,-0.002454,0.000558,0.001418,0.002889
443731.000000,0.130000,0.030000,0.000000,0.023227,-0.000000,0.000000,-0.003942,0.000501,0.001429,0.004223
443743.000000,0.130000,0.050000,-0.010000,0.014159,-0.000000,0.000000,-0.004634,0.000544,0.001425,0.004879
443756.000000,0.150000,0.030000,-0.020000,0.067190,-0.000000,0.000000,-0.004846,0.000505,0.001370,0.005061
443770.000000,0.140000,0.050000,-0.010000,0.040960,-0.000000,0.000000,-0.004805,0.000533,0.001334,0.005015
443788.000000,0.120000,0.030000,-0.010000,0.024970,-0.000000,0.000000,-0.004484,0.000443,0.001222,0.004668
443802.000000,0.140000,0.060000,0.010000,0.015222,-0.000000,0.000000,-0.004394,0.000515,0.001281,0.004606
443818.000000,0.150000,0.040000,-0.020000,0.067838,-0.000000,0.000000,-0.004253,0.000491,0.001201,0.004446
443830.000000,0.110000,0.030000,0.010000,0.041355,-0.000000,0.000000,-0.004379,0.000442,0.001271,0.004581
443842.000000,0.120000,0.030000,-0.010000,0.025210,-0.000000,0.000000,-0.004529,0.000416,0.001284,0.004726
443857.000000,0.140000,0.030000,-0.020000,0.015368,-0.000000,0.000000,-0.004354,0.000385,0.001191,0.004530
443869.000000,0.130000,0.050000,-0.010000,0.009369,-0.000000,0.000000,-0.004267,0.000441,0.001171,0.004446
443886.000000,0.140000,0.040000,-0.020000,0.005711,-0.000000,0.000000,-0.003985,0.000430,0.001074,0.004150
443898.000000,0.120000,0.030000,0.000000,0.003482,-0.000000,0.000000,-0.003980,0.000390,0.001113,0.004151
443911.000000,0.120000,0.030000,-0.030000,0.002122,-0.000000,0.000000,-0.004078,0.000369,0.001064,0.004231
443927.000000,0.130000,0.040000,0.010000,0.001294,-0.000000,0.000000,-0.003876,0.000376,0.001115,0.004051
443941.000000,0.120000,0.040000,-0.010000,0.000789,-0.000000,0.000000,-0.003796,0.000385,0.001084,0.003967
443956.000000,0.130000,0.040000,-0.010000,0.000481,-0.000000,0.000000,-0.003694,0.000387,0.001050,0.003860
443970.000000,0.140000,0.040000,0.000000,0.000293,-0.000000,0.000000,-0.003587,0.000387,0.001066,0.003762
443988.000000,0.100000,0.000000,0.000000,0.000179,-0.000000,0.000000,-0.003461,0.000211,0.001018,0.003613
444003.000000,0.120000,0.030000,0.000000,0.000109,-0.000000,0.000000,-0.003409,0.000227,0.001013,0.003563
444018.000000,0.140000,0.040000,0.010000,0.000066,-0.000000,0.000000,-0.003320,0.000292,0.001056,0.003496
444033.000000,0.130000,0.040000,-0.030000,0.000040,-0.000000,0.000000,-0.003267,0.000329,0.000923,0.003411
444048.000000,0.100000,0.020000,0.000000,0.000025,-0.000000,0.000000,-0.003325,0.000270,0.000937,0.003465
444065.000000,0.110000,0.050000,0.000000,0.000015,-0.000000,0.000000,-0.003210,0.000330,0.000928,0.003357
444079.000000,0.120000,0.000000,0.000000,0.000009,-0.000000,0.000000,-0.003172,0.000198,0.000942,0.003315
444094.000000,0.110000,0.040000,0.000000,0.000006,-0.000000,0.000000,-0.003175,0.000249,0.000948,0.003323
444108.000000,0.110000,0.050000,0.000000,0.000003,-0.000000,0.000000,-0.003166,0.000332,0.000946,0.003320
444125.000000,0.120000,0.020000,-0.010000,0.000002,-0.000000,0.000000,-0.002984,0.000256,0.000866,0.003117
444139.000000,0.140000,0.040000,-0.040000,0.000001,-0.000000,0.000000,-0.002862,0.000281,0.000727,0.002966
444156.000000,0.120000,0.060000,0.010000,0.000001,-0.000000,0.000000,-0.002773,0.000372,0.000803,0.002911
444170.000000,0.120000,0.050000,0.000000,0.000000,-0.000000,0.000000,-0.002780,0.000393,0.000840,0.002930
444187.000000,0.130000,0.030000,-0.020000,0.000000,-0.000000,0.000000,-0.002660,0.000309,0.000755,0.002783
444201.000000,0.110000,0.040000,0.000000,0.000000,-0.000000,0.000000,-0.002706,0.000300,0.000786,0.002834
444266.000000,0.110000,0.060000,0.000000,0.000000,-0.000000,0.000000,-0.002785,0.000378,0.000827,0.002930
444429.000000,0.120000,0.060000,0.000000,0.000000,-0.000000,0.000000,-0.002805,0.000434,0.000854,0.002964
444441.000000,0.110000,0.030000,-0.010000,0.000000,-0.000000,0.000000,-0.002844,0.000358,0.000832,0.002985
444455.000000,0.110000,0.040000,-0.010000,0.000000,-0.000000,0.000000,-0.002793,0.000320,0.000790,0.002920
444558.000000,0.120000,0.080000,0.000000,0.000000,-0.000000,0.000000,-0.002708,0.000446,0.000798,0.002858
444866.000000,0.140000,0.020000,0.000000,0.000000,-0.000000,0.000000,-0.002583,0.000324,0.000811,0.002726
444902.000000,0.140000,0.030000,0.010000,0.000000,-0.000000,0.000000,-0.001492,0.000141,0.000526,0.001588
444916.000000,0.120000,0.040000,-0.010000,0.000000,-0.000000,0.000000,-0.001856,0.000188,0.000590,0.001956
445310.000000,0.140000,0.020000,-0.040000,0.000000,-0.000000,0.000000,-0.002084,0.000158,0.000534,0.002157
445338.000000,0.130000,0.040000,0.000000,0.000000,-0.000000,0.000000,-0.001676,0.000159,0.000484,0.001751
445353.000000,0.120000,0.050000,0.000000,0.000000,-0.000000,0.000000,-0.001895,0.000234,0.000579,0.001995
445366.000000,0.140000,0.040000,0.000000,0.000000,-0.000000,0.000000,-0.002024,0.000254,0.000656,0.002142
445380.000000,0.110000,0.040000,0.010000,0.000000,-0.000000,0.000000,-0.002177,0.000256,0.000730,0.002311
445396.000000,0.120000,0.030000,-0.010000,0.000000,-0.000000,0.000000,-0.002136,0.000207,0.000665,0.002247
445410.000000,0.120000,0.030000,-0.010000,0.000000,-0.000000,0.000000,-0.002113,0.000178,0.000624,0.002211
445427.000000,0.140000,0.040000,0.010000,0.000000,-0.000000,0.000000,-0.001946,0.000195,0.000655,0.002063
445441.000000,0.130000,0.030000,0.000000,0.000000,-0.000000,0.000000,-0.001922,0.000175,0.000653,0.002037
445457.000000,0.120000,0.020000,-0.030000,0.000000,-0.000000,0.000000,-0.001923,0.000118,0.000522,0.001996
445471.000000,0.140000,0.040000,-0.020000,0.000000,-0.000000,0.000000,-0.001863,0.000160,0.000482,0.001931
445487.000000,0.130000,0.040000,0.000000,0.000000,-0.000000,0.000000,-0.001816,0.000191,0.000533,0.001902
445502.000000,0.110000,0.030000,0.000000,0.000000,-0.000000,0.000000,-0.001860,0.000167,0.000566,0.001952
445517.000000,0.140000,0.030000,0.000000,0.000000,-0.000000,0.000000,-0.001776,0.000149,0.000582,0.001875
445530.000000,0.120000,0.040000,-0.010000,0.000000,-0.000000,0.000000,-0.001808,0.000177,0.000558,0.001900
445544.000000,0.110000,0.040000,0.000000,0.000000,-0.000000,0.000000,-0.001867,0.000198,0.000573,0.001963
445558.000000,0.130000,0.020000,-0.010000,0.000000,-0.000000,0.000000,-0.001799,0.000131,0.000540,0.001883
445575.000000,0.130000,0.040000,-0.020000,0.000000,-0.000000,0.000000,-0.001660,0.000153,0.000452,0.001727
445589.000000,0.100000,0.060000,-0.020000,0.000000,-0.000000,0.000000,-0.001729,0.000249,0.000414,0.001795
445606.000000,0.110000,0.040000,0.000000,0.000000,-0.000000,0.000000,-0.001696,0.000230,0.000458,0.001772
445620.000000,0.120000,0.040000,0.000000,0.000000,-0.000000,0.000000,-0.001661,0.000212,0.000496,0.001746
445637.000000,0.120000,0.040000,-0.020000,0.000000,-0.000000,0.000000,-0.001583,0.000194,0.000425,0.001650
445652.000000,0.110000,0.030000,-0.010000,0.000000,-0.000000,0.000000,-0.001589,0.000150,0.000419,0.001650
445665.000000,0.110000,0.020000,-0.010000,0.000000,-0.000000,0.000000,-0.001629,0.000090,0.000430,0.001687
445677.000000,0.130000,0.030000,0.000000,0.000000,-0.000000,0.000000,-0.001598,0.000090,0.000477,0.001670
445691.000000,0.130000,0.050000,0.000000,0.000000,-0.000000,0.000000,-0.001538,0.000171,0.000502,0.001627
445707.000000,0.110000,0.020000,-0.020000,0.000000,-0.000000,0.000000,-0.001505,0.000104,0.000414,0.001564
445721.000000,0.140000,0.030000,0.000000,0.000000,-0.000000,0.000000,-0.001398,0.000093,0.000436,0.001467
445737.000000,0.130000,0.070000,0.000000,0.000000,-0.000000,0.000000,-0.001335,0.000241,0.000451,0.001429
445749.000000,0.140000,0.050000,0.010000,0.000000,-0.000000,0.000000,-0.001298,0.000263,0.000500,0.001415
445766.000000,0.130000,-0.020000,-0.010000,0.000000,-0.000000,0.000000,-0.001261,-0.000016,0.000440,0.001336
445780.000000,0.120000,0.020000,-0.010000,0.000000,-0.000000,0.000000,-0.001289,-0.000034,0.000402,0.001351
445796.000000,0.120000,0.060000,0.000000,0.000000,-0.000000,0.000000,-0.001291,0.000132,0.000412,0.001362
445810.000000,0.140000,0.050000,-0.010000,0.000000,-0.000000,0.000000,-0.001223,0.000199,0.000388,0.001298
445827.000000,0.120000,0.040000,-0.030000,0.000000,-0.000000,0.000000,-0.001205,0.000184,0.000280,0.001251
445841.000000,0.110000,0.040000,0.000000,0.000000,-0.000000,0.000000,-0.001260,0.000171,0.000334,0.001314
445858.000000,0.100000,0.020000,0.010000,0.000000,-0.000000,0.000000,-0.001296,0.000082,0.000409,0.001361
445875.000000,0.150000,0.050000,-0.020000,0.058558,-0.000000,0.000000,-0.001100,0.000140,0.000328,0.001156
445889.000000,0.140000,0.070000,0.000000,0.035698,-0.000000,0.000000,-0.001050,0.000259,0.000356,0.001138
445906.000000,0.110000,0.000000,-0.010000,0.021762,-0.000000,0.000000,-0.001110,0.000063,0.000332,0.001160
445920.000000,0.110000,0.050000,0.000000,0.013266,-0.000000,0.000000,-0.001168,0.000117,0.000357,0.001227
445938.000000,0.140000,0.080000,0.000000,0.008087,-0.000000,0.000000,-0.001030,0.000283,0.000359,0.001127
445955.000000,0.130000,0.020000,-0.030000,0.004930,-0.000000,0.000000,-0.000978,0.000148,0.000244,0.001019
445969.000000,0.110000,0.030000,-0.030000,0.003005,-0.000000,0.000000,-0.001062,0.000094,0.000184,0.001082
445987.000000,0.120000,0.070000,0.000000,0.001832,-0.000000,0.000000,-0.001032,0.000217,0.000257,0.001085
446003.000000,0.130000,0.040000,0.010000,0.001117,-0.000000,0.000000,-0.000978,0.000184,0.000344,0.001053
446017.000000,0.140000,0.030000,-0.010000,0.000681,-0.000000,0.000000,-0.000931,0.000120,0.000327,0.000994
446033.000000,0.130000,0.060000,-0.010000,0.000415,-0.000000,0.000000,-0.000917,0.000189,0.000297,0.000982
446046.000000,0.110000,0.050000,0.040000,0.000253,-0.000000,0.000000,-0.000997,0.000204,0.000464,0.001119
446060.000000,0.120000,0.050000,-0.020000,0.000154,-0.000000,0.000000,-0.001020,0.000208,0.000365,0.001103
446076.000000,0.170000,0.060000,-0.010000,0.066460,-0.000000,0.000000,-0.002337,0.000238,0.000297,0.002368
446090.000000,0.130000,0.060000,-0.010000,0.040515,-0.000000,0.000000,-0.003731,0.000258,0.000271,0.003750
446106.000000,0.130000,0.080000,-0.030000,0.024698,-0.000000,0.000000,-0.005407,0.000339,0.000177,0.005421
446120.000000,0.360000,0.170000,0.000000,0.155596,0.066366,0.000000,-0.004642,0.000718,0.000234,0.004703
446137.000000,2.120000,-0.820000,-0.410000,0.922476,-0.279661,-0.160059,0.018045,-0.008821,-0.001288,0.020127
446151.000000,3.020000,-2.350000,0.190000,1.741325,-1.087897,-0.097574,0.050923,-0.034495,-0.000021,0.061507
446167.000000,3.530000,-4.560000,-2.490000,2.439602,-2.443365,-1.031549,0.099078,-0.094699,-0.027018,0.139694
446184.000000,1.000000,1.210000,2.080000,1.877599,-1.017134,0.183163,0.123507,-0.099840,-0.010375,0.159153
446198.000000,-0.660000,2.150000,-3.090000,0.886950,0.219278,-1.094641,0.120752,-0.080329,-0.036135,0.149464
446215.000000,-8.240000,3.420000,-5.880000,-2.676103,1.468802,-2.962789,0.018872,-0.032873,-0.114994,0.121081
446365.000000,14.460000,4.320000,-1.960000,4.013629,2.581876,-2.571312,0.133087,0.020899,-0.153276,0.204065
446451.000000,-4.330000,-0.990000,-1.930000,0.756375,1.187458,-2.320951,0.124094,0.026163,-0.178981,0.219358
446467.000000,-9.440000,-4.410000,-5.640000,-3.224169,-0.997724,-3.616669,0.012115,-0.021453,-0.251963,0.253165
446484.000000,-11.200000,-7.540000,-5.390000,-6.337840,-3.551751,-4.308956,-0.159679,-0.126706,-0.338870,0.395455
446498.000000,-9.630000,-11.430000,1.930000,-7.623060,-6.627327,-1.873341,-0.298818,-0.265012,-0.341018,0.525183
446515.000000,-8.720000,-10.660000,2.970000,-8.051293,-8.201635,0.017442,-0.456093,-0.442599,-0.305960,0.705355
446529.000000,-11.050000,-5.990000,-0.370000,-9.221953,-7.338239,-0.133811,-0.605562,-0.545464,-0.300515,0.868645
446543.000000,-8.110000,-2.980000,-0.420000,-8.787859,-5.636834,-0.245536,-0.732203,-0.605815,-0.302588,0.997343
446557.000000,-4.980000,-1.230000,3.380000,-7.301316,-3.916458,1.169831,-0.821322,-0.636263,-0.269677,1.073371
446574.000000,-1.160000,-0.620000,6.720000,-4.903819,-2.629560,3.336551,-0.870410,-0.655083,-0.177223,1.103701
446588.000000,0.480000,-0.330000,7.470000,-2.802039,-1.731839,4.950201,-0.880157,-0.663254,-0.080766,1.105036
446602.000000,1.460000,0.330000,7.040000,-1.138189,-0.926921,5.766034,-0.871095,-0.662760,0.017573,1.094699
446617.000000,1.240000,1.030000,4.710000,-0.209772,-0.162962,5.353771,-0.857651,-0.652095,0.099075,1.081947
446634.000000,-2.920000,0.760000,-0.860000,-1.267813,0.197351,2.927988,-0.890648,-0.639775,0.117049,1.102844
446648.000000,-4.070000,0.160000,-3.560000,-2.361754,0.182770,0.395154,-0.941008,-0.635451,0.087011,1.138800
446665.000000,7.870000,7.610000,-3.690000,1.632602,3.082273,-1.199642,-0.868521,-0.543667,0.032655,1.025168
446679.000000,11.070000,2.170000,6.660000,5.316851,2.726132,1.868669,-0.744449,-0.500013,0.084903,0.900792
446693.000000,9.890000,4.910000,14.620000,7.102154,3.578688,6.846638,-0.612628,-0.439087,0.244263,0.792323
446707.000000,9.030000,4.240000,13.660000,7.854762,3.836857,9.506494,-0.486910,-0.379546,0.426348,0.750273
446723.000000,3.450000,0.820000,11.690000,6.135195,2.659111,10.358909,-0.407821,-0.350277,0.620174,0.820748
446737.000000,-1.300000,0.010000,9.610000,3.232583,1.621026,10.066544,-0.402123,-0.342784,0.765640,0.930273
446751.000000,-8.560000,1.130000,4.070000,-1.371103,1.429335,7.725564,-0.486624,-0.329751,0.849575,1.033110
446767.000000,-3.300000,-2.360000,0.160000,-2.124121,-0.049977,4.709595,-0.555210,-0.352043,0.880613,1.098941
446784.000000,-1.550000,1.520000,0.680000,-1.899991,0.562924,3.136489,-0.598337,-0.341411,0.899095,1.132670
446798.000000,-2.030000,0.060000,2.730000,-1.950745,0.343165,2.977800,-0.631208,-0.338485,0.930825,1.174492
446815.000000,0.470000,0.160000,2.250000,-1.005715,0.271660,2.693676,-0.640410,-0.335864,0.969656,1.209612
446827.000000,0.000000,0.010000,2.090000,-0.613096,0.165607,2.458008,-0.644349,-0.335473,0.995786,1.232606
446841.000000,0.860000,-0.210000,3.540000,-0.038016,0.018974,2.880405,-0.639622,-0.337682,1.040033,1.266812
446855.000000,4.340000,-4.490000,-0.610000,1.671110,-1.741276,1.517792,-0.597995,-0.382635,1.047738,1.265607
446867.000000,-0.890000,-3.300000,-1.810000,0.671283,-2.349783,0.218661,-0.596757,-0.422161,1.034866,1.266999
446884.000000,-0.040000,-2.180000,-0.400000,0.409222,-2.283502,-0.022857,-0.599527,-0.465252,1.025133,1.275457
446898.000000,0.180000,-1.680000,0.620000,0.319736,-2.047902,0.228107,-0.600770,-0.492650,1.029214,1.289538
446915.000000,1.160000,0.370000,0.000000,0.647765,-1.103982,0.139057,-0.590239,-0.498578,1.031197,1.288538
446929.000000,0.590000,0.970000,-0.090000,0.625214,-0.294324,0.084771,-0.584178,-0.490824,1.031215,1.282800
446943.000000,0.460000,0.910000,0.010000,0.560717,0.175830,0.051677,-0.580174,-0.479869,1.031727,1.277238
446957.000000,0.440000,0.610000,-0.060000,0.513590,0.345325,0.031503,-0.576983,-0.470892,0.012016,0.744844
446975.000000,0.380000,0.170000,0.000000,0.461438,0.276880,0.019205,-0.573950,-0.465658,-0.000783,0.739092
446989.000000,0.140000,-0.210000,-0.020000,0.281298,0.086808,0.011707,-0.574193,-0.466783,-0.004521,0.740003
447003.000000,0.500000,0.420000,-0.030000,0.366677,0.216882,0.007137,-0.571688,-0.463293,-0.006083,0.735870
447017.000000,0.520000,0.270000,0.000000,0.426532,0.237619,0.004351,-0.568163,-0.459888,-0.006540,0.730992
447031.000000,0.100000,-0.470000,-0.020000,0.260019,-0.038627,0.002652,-0.568448,-0.463761,-0.006691,0.733657
447045.000000,0.660000,0.490000,-0.010000,0.416167,0.167743,0.001617,-0.564388,-0.460409,-0.006653,0.728392
447059.000000,0.520000,0.200000,0.000000,0.456702,0.180335,0.000986,-0.560397,-0.457731,-0.006524,0.723606
447076.000000,0.430000,0.010000,0.000000,0.446278,0.109935,0.000601,-0.556646,-0.456987,-0.006123,0.720229
447090.000000,0.420000,-0.030000,0.000000,0.436019,0.067017,0.000366,-0.553926,-0.457385,-0.006031,0.718381
447104.000000,0.300000,-0.140000,-0.020000,0.382919,0.040855,0.000223,-0.552492,-0.459165,-0.006120,0.718413
447118.000000,0.330000,-0.090000,-0.030000,0.362260,0.024905,0.000136,-0.551150,-0.460869,-0.006163,0.718474
447135.000000,0.330000,-0.100000,-0.020000,0.349666,0.015183,0.000083,-0.549555,-0.003351,-0.005845,0.549596
447149.000000,0.200000,-0.250000,0.000000,0.291238,-0.088342,0.000051,-0.549523,-0.001727,-0.005702,0.549555
447167.000000,0.320000,-0.120000,-0.030000,0.302466,-0.053854,0.000031,-0.548465,0.001424,-0.005464,0.548494
447181.000000,0.310000,-0.100000,0.000000,0.305407,-0.032830,0.000019,-0.547502,0.004318,-0.005403,0.547546
447195.000000,0.290000,-0.100000,-0.030000,0.299393,-0.020014,0.000011,-0.546694,0.007345,-0.005543,0.546772
447209.000000,0.270000,-0.140000,-0.040000,0.287918,-0.012201,0.000007,-0.546128,0.010020,-0.005619,0.546249
447338.000000,0.260000,-0.080000,0.010000,0.277019,-0.007438,0.000004,-0.545789,0.001403,-0.005511,0.545819
447388.000000,0.240000,-0.110000,-0.010000,0.262567,-0.004534,0.000003,-0.545260,0.000783,-0.002525,0.545267
447403.000000,0.230000,-0.130000,-0.040000,0.249853,-0.002764,0.000002,-0.545286,0.001132,-0.003855,0.545301
447439.000000,0.210000,-0.100000,0.000000,0.234295,-0.001685,0.000001,-0.545985,0.000979,-0.003048,0.545994
447454.000000,0.240000,-0.130000,-0.030000,0.236522,-0.001027,0.000001,-0.546040,0.001183,-0.003962,0.546056
447504.000000,0.230000,-0.120000,-0.030000,0.233976,-0.000626,0.000000,-0.546340,0.000684,-0.002336,0.546346
447516.000000,0.220000,-0.140000,-0.050000,0.228520,-0.000382,0.000000,-0.546505,0.000962,-0.003564,0.546517
447554.000000,0.220000,-0.100000,-0.030000,0.225194,-0.000233,0.000000,-0.547113,0.000863,-0.002854,0.547121
447566.000000,0.210000,-0.100000,-0.020000,0.219262,-0.000142,0.000000,-0.547397,0.001162,-0.003645,0.547410
447697.000000,0.210000,-0.100000,-0.010000,0.215646,-0.000086,0.000000,-0.547709,0.001419,-0.004305,0.547728
447712.000000,0.190000,-0.100000,-0.020000,0.205634,-0.000053,0.000000,-0.548319,0.001506,-0.004527,0.548340
447724.000000,0.200000,-0.080000,0.010000,0.203435,-0.000032,0.000000,-0.548776,0.001595,-0.004467,0.548797
447799.000000,0.190000,-0.190000,-0.020000,0.198190,-0.074193,0.000000,-0.549308,0.002989,-0.004576,0.549335
447876.000000,0.170000,-0.070000,0.000000,0.187185,-0.045229,0.000000,-0.550031,0.005130,-0.004544,0.550073
447904.000000,0.170000,-0.110000,-0.030000,0.180476,-0.027572,0.000000,-0.551849,0.009863,-0.003345,0.551947
447916.000000,0.140000,-0.080000,0.000000,0.110020,-0.016808,0.000000,-0.552898,0.012110,-0.003546,0.553041
447933.000000,0.150000,-0.060000,0.010000,0.125628,-0.010247,0.000000,-0.554378,0.015624,-0.003672,0.554611
448362.000000,0.210000,0.010000,-0.020000,0.158566,-0.006246,0.000000,-0.555054,0.001724,-0.003773,0.555069
448376.000000,0.150000,-0.030000,-0.020000,0.155222,-0.003808,0.000000,-0.556095,0.001689,-0.003870,0.556111
448390.000000,0.120000,-0.030000,0.000000,0.094625,-0.002321,0.000000,-0.557554,0.001799,-0.003830,0.557570
448406.000000,0.040000,-0.590000,-0.020000,0.057685,-0.231744,0.000000,-0.560261,-0.000970,-0.003734,0.560274
448423.000000,1.190000,-1.190000,-0.060000,0.499727,-0.605836,0.000000,-0.549782,-0.013057,-0.003719,0.549950
448437.000000,0.600000,-0.950000,-0.040000,0.538873,-0.740194,0.000000,-0.543636,-0.022918,-0.003747,0.544132
448451.000000,-0.080000,-0.440000,0.020000,0.328503,-0.623002,0.000000,-0.544899,-0.027753,-0.003562,0.545617
448466.000000,0.440000,0.410000,-0.020000,0.372030,-0.219730,0.000000,-0.543173,-0.022393,-0.003499,0.543645
448482.000000,0.640000,0.050000,-0.050000,0.476642,-0.133950,0.000000,-0.538107,-0.017335,-0.003502,0.538397
448497.000000,0.540000,0.380000,-0.010000,0.501376,0.066690,0.000000,-0.533500,-0.009313,-0.003371,0.533592
448514.000000,-0.620000,0.560000,0.030000,0.063604,0.259272,0.000000,-0.542132,0.003035,-0.003027,0.542149
448528.000000,-0.840000,0.580000,0.000000,-0.289152,0.384481,0.000000,-0.554819,0.014205,-0.003013,0.555009
448542.000000,-0.470000,0.650000,0.000000,-0.359753,0.488136,0.000000,-0.565554,0.026361,-0.003050,0.566176
448556.000000,-0.130000,-0.150000,-0.190000,-0.219310,0.239015,0.000000,-0.572371,0.030973,-0.003748,0.573220
448573.000000,0.050000,-0.010000,0.070000,-0.133694,0.145707,0.000000,-0.577079,0.035491,-0.003053,0.578178
448587.000000,0.210000,0.060000,0.370000,0.000480,0.088824,0.144444,-0.578507,0.039631,-0.001547,0.579865
448601.000000,0.500000,0.200000,0.390000,0.195487,0.132226,0.240306,-0.576358,0.045268,-0.001367,0.578134
448616.000000,0.300000,0.100000,-0.080000,0.236288,0.080607,0.146493,-0.575005,0.050739,-0.005706,0.577268
448633.000000,0.240000,0.000000,0.240000,0.237737,0.049139,0.089304,-0.574510,0.055556,-0.008357,0.577250
448647.000000,0.210000,-0.020000,0.190000,0.226909,0.029956,0.054441,-0.574652,0.058985,-0.010469,0.577766
448664.000000,0.190000,0.090000,-0.010000,0.212500,0.018261,0.033188,-0.575262,0.064262,-0.015388,0.579045
448678.000000,0.080000,-0.060000,-0.170000,0.129542,0.011132,0.020232,-0.576952,0.002044,-0.002267,0.576960
448692.000000,0.030000,-0.100000,-0.210000,0.078971,0.006786,0.012333,-0.579487,0.001167,-0.003148,0.579497
448706.000000,0.030000,-0.020000,-0.210000,0.048141,0.004137,0.007519,-0.582276,0.001170,-0.003842,0.582290
448723.000000,0.460000,0.070000,-0.710000,0.208926,0.002522,-0.272592,-0.580638,0.001535,-0.018439,0.580933
448737.000000,-0.340000,-0.060000,-0.460000,-0.005368,0.001537,-0.345754,-0.585888,0.001302,-0.029508,0.586632
448751.000000,0.390000,0.240000,-0.080000,0.148979,0.094630,-0.210776,-0.585964,0.005897,-0.036567,0.587133
448766.000000,0.310000,-0.450000,0.000000,0.211840,-0.117987,-0.128491,-0.585221,0.004427,-0.042002,0.586743
448783.000000,0.100000,-0.990000,-0.020000,0.129140,-0.458411,-0.078330,-0.586599,-0.005838,-0.047676,0.588562
448797.000000,0.510000,1.030000,-0.030000,0.277823,0.122647,-0.047751,-0.584264,0.003380,-0.052326,0.586612
448815.000000,-0.280000,0.300000,0.000000,0.060056,0.191884,-0.029109,-0.589877,0.012849,-0.005034,0.590038
448829.000000,-0.160000,1.010000,0.150000,-0.025852,0.511267,-0.017745,-0.595077,0.026616,-0.002390,0.595677
448843.000000,-0.210000,0.390000,0.020000,-0.097741,0.463926,-0.010818,-0.601018,0.036229,-0.001906,0.602112
448857.000000,0.180000,0.150000,-0.010000,0.010686,0.341373,-0.006595,-0.603358,0.042242,-0.001929,0.604838
448874.000000,0.160000,0.040000,-0.040000,0.068976,0.208105,-0.004020,-0.605127,0.046924,-0.002019,0.606947
448888.000000,0.170000,0.060000,0.000000,0.108415,0.126863,-0.002451,-0.606221,0.050329,-0.001963,0.608309
448907.000000,0.070000,0.030000,0.000000,0.066091,0.077337,-0.001494,-0.608887,0.054367,-0.001782,0.611312
448925.000000,0.340000,0.120000,-0.020000,0.173022,0.047146,-0.000911,-0.608347,0.059160,-0.001761,0.611219
448939.000000,0.300000,0.080000,-0.010000,0.222593,0.028741,-0.000555,-0.607603,0.002864,-0.001804,0.607612
448953.000000,0.160000,0.020000,-0.040000,0.198157,0.017521,-0.000338,-0.608134,0.001654,-0.001956,0.608140
448967.000000,0.150000,0.020000,0.000000,0.179357,0.010681,-0.000206,-0.609146,0.001294,-0.001883,0.609150
448984.000000,-0.050000,-0.190000,0.060000,0.109338,-0.067663,-0.000126,-0.612930,0.000285,-0.001493,0.612932
448998.000000,0.450000,0.380000,0.010000,0.242329,0.107100,-0.000077,-0.611777,0.004895,-0.001488,0.611799
449016.000000,1.010000,0.740000,-0.010000,0.542018,0.354176,-0.000047,-0.601593,0.017268,-0.001524,0.601842
449033.000000,-0.940000,-0.560000,0.100000,-0.036544,-0.002707,-0.000028,-0.612713,0.015309,-0.001130,0.612905
449045.000000,-0.300000,-0.470000,-0.040000,-0.139394,-0.185133,-0.000017,-0.619579,0.011794,-0.001433,0.619693
449057.000000,0.270000,0.120000,-0.030000,0.020428,-0.112859,-0.000011,-0.621361,0.012594,-0.001690,0.621491
449074.000000,0.320000,0.160000,0.000000,0.137378,-0.006338,-0.000006,-0.621131,0.016038,-0.001607,0.621340
449088.000000,0.370000,0.180000,0.000000,0.228191,0.066406,-0.000004,-0.619770,0.019641,-0.001545,0.620083
449102.000000,0.000000,0.000000,-0.040000,0.139108,0.040482,-0.000002,-0.621685,0.021710,-0.001671,0.622066
449116.000000,-0.090000,-0.100000,0.000000,0.084802,0.024678,-0.000001,-0.625463,0.022339,-0.001599,0.625864
449130.000000,0.120000,0.010000,0.000000,0.051696,0.015044,-0.000001,-0.627744,0.023614,-0.001523,0.628189
449144.000000,0.160000,0.060000,0.000000,0.093977,0.009171,-0.000001,-0.629182,0.025573,-0.001468,0.629703
449158.000000,0.170000,0.070000,-0.030000,0.123655,0.005591,-0.000000,-0.630270,0.001574,-0.001540,0.630274
449175.000000,0.190000,0.090000,-0.010000,0.149555,0.003408,-0.000000,-0.631226,0.001213,-0.001446,0.631228
449189.000000,0.200000,0.060000,0.000000,0.169248,0.002078,-0.000000,-0.631824,0.001140,-0.001377,0.631827
449205.000000,0.160000,0.020000,-0.010000,0.165638,0.001267,-0.000000,-0.632891,0.000930,-0.001350,0.632894
449514.000000,0.140000,0.000000,-0.030000,0.100975,0.000772,-0.000000,-0.634210,0.000727,-0.001409,0.634212
449553.000000,0.240000,-0.070000,-0.030000,0.155249,0.000471,-0.000000,-0.635156,0.000149,-0.000882,0.635157
449565.000000,0.150000,-0.030000,-0.020000,0.153200,0.000287,-0.000000,-0.635974,0.000184,-0.001098,0.635975
449700.000000,0.110000,0.030000,0.000000,0.093392,0.000175,-0.000000,-0.637505,0.000458,-0.001217,0.637506
449877.000000,0.100000,0.050000,0.000000,0.056933,0.000107,-0.000000,-0.639049,0.000698,-0.001240,0.639051
449915.000000,0.100000,0.000000,0.000000,0.034707,0.000065,-0.000000,-0.644160,0.000381,-0.000730,0.644161
449927.000000,0.090000,0.040000,0.000000,0.021158,0.000040,-0.000000,-0.645879,0.000555,-0.000899,0.645880
450317.000000,0.110000,0.030000,0.000000,0.012898,0.000024,-0.000000,-0.000584,0.000641,-0.000994,0.001319
450335.000000,0.090000,0.060000,0.000000,0.007863,0.000015,-0.000000,0.000506,0.000760,-0.000997,0.001352
450374.000000,0.100000,0.040000,0.000000,0.004793,0.000009,-0.000000,0.000617,0.000481,-0.000638,0.001010
450386.000000,0.090000,0.030000,0.010000,0.002922,0.000005,-0.000000,0.000819,0.000575,-0.000789,0.001274
450402.000000,0.090000,0.040000,0.000000,0.001781,0.000003,-0.000000,0.000958,0.000682,-0.000941,0.001506
450414.000000,0.090000,0.040000,0.010000,0.001086,0.000002,-0.000000,0.001004,0.000727,-0.000969,0.001574
450428.000000,0.090000,0.030000,0.000000,0.000662,0.000001,-0.000000,0.001027,0.000716,-0.001016,0.001612
450443.000000,0.080000,0.030000,0.000000,0.000404,0.000001,-0.000000,0.000960,0.000676,-0.001006,0.001546
450457.000000,0.080000,0.040000,-0.030000,0.000246,0.000000,-0.000000,0.000914,0.000689,-0.001106,0.001592
450474.000000,0.090000,0.030000,-0.010000,0.000150,0.000000,-0.000000,0.000887,0.000635,-0.001054,0.001517
450488.000000,0.090000,0.040000,0.000000,0.000091,0.000000,-0.000000,0.000892,0.000650,-0.000996,0.001486
450505.000000,0.070000,0.000000,0.000000,0.000056,0.000000,-0.000000,0.000791,0.000492,-0.000926,0.001314
450519.000000,0.090000,0.000000,0.000000,0.000034,0.000000,-0.000000,0.000816,0.000407,-0.000907,0.001286
450535.000000,0.080000,0.040000,0.000000,0.000021,0.000000,-0.000000,0.000789,0.000506,-0.000884,0.001288
450549.000000,0.070000,0.060000,0.010000,0.000013,0.000000,-0.000000,0.000736,0.000651,-0.000839,0.001292
450565.000000,0.080000,0.000000,-0.020000,0.000008,0.000000,-0.000000,0.000722,0.000500,-0.000905,0.001261
450579.000000,0.080000,0.000000,0.000000,0.000005,0.000000,-0.000000,0.000723,0.000395,-0.000882,0.001207
450595.000000,0.080000,0.040000,-0.010000,0.000003,0.000000,-0.000000,0.000708,0.000480,-0.000877,0.001225
450609.000000,0.080000,0.020000,-0.020000,0.000002,0.000000,-0.000000,0.000702,0.000473,-0.000919,0.001249
450625.000000,0.080000,0.050000,-0.010000,0.000001,0.000000,-0.000000,0.000683,0.000562,-0.000890,0.001254
450639.000000,0.060000,0.020000,0.000000,0.000001,0.000000,-0.000000,0.000602,0.000511,-0.000836,0.001150
450655.000000,0.070000,0.010000,0.000000,0.000000,0.000000,-0.000000,0.000572,0.000417,-0.000783,0.001055
450669.000000,0.070000,0.030000,-0.010000,0.000000,0.000000,-0.000000,0.000565,0.000441,-0.000797,0.001072
450685.000000,0.080000,0.050000,0.000000,0.000000,0.000000,-0.000000,0.000588,0.000533,-0.000757,0.001097
450699.000000,0.090000,0.020000,0.010000,0.000000,0.000000,-0.000000,0.000643,0.000480,-0.000699,0.001064
450715.000000,0.070000,0.040000,0.000000,0.000000,0.000000,-0.000000,0.000587,0.000499,-0.000685,0.001031
450729.000000,0.080000,0.030000,0.000000,0.000000,0.000000,-0.000000,0.000587,0.000483,-0.000687,0.001024
450745.000000,0.100000,0.030000,-0.030000,0.000000,0.000000,-0.000000,0.000655,0.000458,-0.000788,0.001122
450759.000000,0.060000,0.030000,0.000000,0.000000,0.000000,-0.000000,0.000554,0.000448,-0.000744,0.001030
450775.000000,0.080000,0.020000,0.000000,0.000000,0.000000,-0.000000,0.000539,0.000396,-0.000687,0.000959
450789.000000,0.070000,0.030000,0.000000,0.000000,0.000000,-0.000000,0.000508,0.000404,-0.000661,0.000926
450805.000000,0.070000,0.030000,0.000000,0.000000,0.000000,-0.000000,0.000476,0.000406,-0.000634,0.000891
450819.000000,0.090000,0.020000,-0.020000,0.000000,0.000000,-0.000000,0.000536,0.000372,-0.000697,0.000955
450835.000000,0.080000,0.030000,0.000000,0.000000,0.000000,-0.000000,0.000530,0.000378,-0.000653,0.000922
450849.000000,0.090000,0.020000,0.000000,0.000000,0.000000,-0.000000,0.000560,0.000351,-0.000623,0.000908
450865.000000,0.070000,0.010000,0.010000,0.000000,0.000000,-0.000000,0.000492,0.000286,-0.000554,0.000794
450879.000000,0.090000,0.030000,-0.010000,0.000000,0.000000,-0.000000,0.000524,0.000324,-0.000592,0.000854
450895.000000,0.090000,0.020000,0.020000,0.000000,0.000000,-0.000000,0.000541,0.000312,-0.000499,0.000799
450909.000000,0.090000,0.040000,-0.010000,0.000000,0.000000,-0.000000,0.000550,0.000375,-0.000551,0.000864
450925.000000,0.080000,0.020000,0.000000,0.000000,0.000000,-0.000000,0.000505,0.000337,-0.000546,0.000816
450939.000000,0.100000,0.020000,0.000000,0.000000,0.000000,-0.000000,0.000552,0.000308,-0.000541,0.000832
450956.000000,0.090000,0.030000,0.000000,0.000000,0.000000,-0.000000,0.000531,0.000318,-0.000517,0.000807
450973.000000,0.060000,0.020000,0.010000,0.000000,0.000000,-0.000000,0.000391,0.000285,-0.000457,0.000665
450987.000000,0.090000,0.020000,0.000000,0.000000,0.000000,-0.000000,0.000431,0.000273,-0.000474,0.000696
451004.000000,0.110000,0.050000,-0.010000,0.000000,0.000000,-0.000000,0.000533,0.000371,-0.000512,0.000827
451018.000000,0.080000,0.020000,-0.020000,0.000000,0.000000,-0.000000,0.000487,0.000328,-0.000577,0.000823
451035.000000,0.090000,0.050000,0.000000,0.000000,0.000000,-0.000000,0.000467,0.000390,-0.000524,0.000803
451051.000000,0.080000,0.020000,0.000000,0.000000,0.000000,-0.000000,0.000420,0.000319,-0.000482,0.000715
451065.000000,0.090000,0.020000,0.000000,0.000000,0.000000,-0.000000,0.000438,0.000275,-0.000470,0.000699
451080.000000,0.080000,0.040000,-0.010000,0.000000,0.000000,-0.000000,0.000412,0.000324,-0.000499,0.000724
451094.000000,0.080000,0.030000,-0.010000,0.000000,0.000000,-0.000000,0.000392,0.000323,-0.000516,0.000724
451108.000000,0.090000,0.050000,-0.030000,0.000000,0.000000,-0.000000,0.000417,0.000390,-0.000598,0.000827
451125.000000,0.060000,0.040000,-0.010000,0.000000,0.000000,-0.000000,0.000302,0.000379,-0.000548,0.000731
451139.000000,0.090000,0.040000,0.000000,0.000000,0.000000,-0.000000,0.000347,0.000373,-0.000484,0.000703
451153.000000,0.090000,0.040000,-0.030000,0.000000,0.000000,-0.000000,0.000392,0.000373,-0.000559,0.000778
451165.000000,0.090000,0.030000,0.000000,0.000000,0.000000,-0.000000,0.000417,0.000339,-0.000511,0.000741
451181.000000,0.060000,0.010000,-0.020000,0.000000,0.000000,-0.000000,0.000300,0.000223,-0.000522,0.000642
451195.000000,-0.140000,-0.120000,0.010000,0.000000,0.000000,-0.000000,-0.000507,-0.000320,-0.000423,0.000734
451210.000000,0.160000,0.060000,0.000000,0.062462,0.000000,-0.000000,0.000080,-0.000003,-0.000389,0.000397
451225.000000,0.090000,0.050000,0.000000,0.038078,0.000000,-0.000000,0.000293,0.000228,-0.000372,0.000526
451237.000000,0.080000,0.060000,0.000000,0.023213,0.000000,-0.000000,0.000333,0.000377,-0.000372,0.000625
451249.000000,0.030000,0.030000,0.000000,0.014151,0.000000,-0.000000,0.000165,0.000360,-0.000378,0.000548
451263.000000,0.010000,-0.010000,-0.030000,0.008626,0.000000,-0.000000,-0.000049,0.000165,-0.000486,0.000515
451277.000000,0.010000,-0.010000,0.010000,0.005259,0.000000,-0.000000,-0.000170,0.000034,-0.000398,0.000434
451291.000000,0.070000,0.010000,0.000000,0.003206,0.000000,-0.000000,-0.000002,0.000042,-0.000362,0.000365
451305.000000,0.080000,0.040000,-0.010000,0.001954,0.000000,-0.000000,0.000161,0.000174,-0.000383,0.000450
451321.000000,0.060000,0.010000,0.010000,0.001191,0.000000,-0.000000,0.000174,0.000144,-0.000313,0.000386
451335.000000,0.140000,0.020000,0.020000,0.000726,0.000000,-0.000000,0.000457,0.000149,-0.000234,0.000535
451349.000000,-0.050000,0.020000,0.050000,0.000443,0.000000,-0.000000,-0.000054,0.000156,-0.000077,0.000182
451365.000000,0.350000,0.090000,0.140000,0.136906,0.000000,-0.000000,0.003182,0.000421,0.000368,0.003231
451382.000000,0.240000,0.140000,-0.030000,0.177153,0.000000,-0.000000,0.006560,0.000762,-0.000024,0.006604
451396.000000,0.170000,0.040000,0.000000,0.174360,0.000000,-0.000000,0.008641,0.000593,-0.000188,0.008664
451413.000000,0.090000,0.030000,0.000000,0.106292,0.000000,-0.000000,0.009961,0.000381,-0.000259,0.009972
451427.000000,0.200000,0.130000,0.020000,0.142875,0.000000,-0.000000,0.011828,0.000647,-0.000214,0.011847
451441.000000,0.050000,-0.020000,-0.040000,0.087098,0.000000,-0.000000,0.012458,0.000297,-0.000400,0.012468
451454.000000,0.150000,0.080000,-0.010000,0.111654,0.000000,-0.000000,0.013609,0.000397,-0.000420,0.013622
451466.000000,0.150000,0.050000,0.000000,0.126624,0.000000,-0.000000,0.014829,0.000399,-0.000379,0.014839
451482.000000,0.110000,0.070000,0.000000,0.077191,0.000000,-0.000000,0.016069,0.000446,-0.000327,0.016078
451496.000000,0.100000,0.050000,-0.010000,0.047057,0.000000,-0.000000,0.001144,0.000400,-0.000338,0.001258
451513.000000,0.060000,0.030000,0.000000,0.028686,0.000000,-0.000000,0.000401,0.000273,-0.000300,0.000570
451527.000000,0.070000,0.040000,0.000000,0.017488,0.000000,-0.000000,0.000199,0.000245,-0.000283,0.000424
451541.000000,0.050000,-0.010000,0.000000,0.010661,0.000000,-0.000000,0.000049,0.000055,-0.000276,0.000286
451555.000000,0.100000,-0.040000,-0.070000,0.006499,0.000000,-0.000000,0.000153,-0.000184,-0.000530,0.000582
451570.000000,-0.010000,-0.020000,-0.010000,0.003962,0.000000,-0.000000,-0.000175,-0.000247,-0.000470,0.000558
451585.000000,0.180000,0.160000,0.000000,0.072685,0.062462,-0.000000,0.000313,0.000416,-0.000358,0.000632
451599.000000,0.060000,0.030000,0.000000,0.044310,0.038078,-0.000000,0.000220,0.000370,-0.000295,0.000522
451613.000000,0.160000,0.060000,0.000000,0.089474,0.023213,-0.000000,0.000475,0.000379,-0.000263,0.000662
451625.000000,0.120000,0.110000,0.020000,0.054544,0.014151,-0.000000,0.000511,0.000569,-0.000179,0.000786
451637.000000,0.130000,0.050000,-0.050000,0.033251,0.008626,-0.000000,0.000550,0.000496,-0.000376,0.000830
451649.000000,0.140000,0.080000,0.000000,0.020270,0.005259,-0.000000,0.000604,0.000522,-0.000346,0.000870
451665.000000,0.040000,0.000000,-0.010000,0.012357,0.003206,-0.000000,0.000222,0.000214,-0.000316,0.000442
451681.000000,0.040000,-0.030000,0.000000,0.007533,0.001954,-0.000000,-0.000024,-0.000095,-0.000256,0.000274
451695.000000,0.100000,0.030000,-0.020000,0.004592,0.001191,-0.000000,0.000083,-0.000035,-0.000301,0.000315
451711.000000,0.060000,0.080000,0.000000,0.002799,0.000726,-0.000000,0.000030,0.000229,-0.000256,0.000345
451725.000000,0.110000,0.100000,-0.010000,0.001707,0.000443,-0.000000,0.000168,0.000458,-0.000262,0.000554
451739.000000,0.100000,0.050000,0.000000,0.001040,0.000270,-0.000000,0.000231,0.000404,-0.000233,0.000521
451753.000000,0.100000,0.080000,0.000000,0.000634,0.000165,-0.000000,0.000256,0.000449,-0.000211,0.000558
451767.000000,0.110000,0.010000,-0.010000,0.000387,0.000100,-0.000000,0.000301,0.000222,-0.000235,0.000442
451783.000000,0.100000,0.020000,0.000000,0.000236,0.000061,-0.000000,0.000281,0.000091,-0.000209,0.000362
451796.000000,0.160000,0.070000,-0.030000,0.062606,0.000037,-0.000000,0.000484,0.000218,-0.000301,0.000611
451813.000000,0.090000,0.090000,-0.020000,0.038165,0.000023,-0.000000,0.000349,0.000395,-0.000322,0.000618
451827.000000,0.140000,0.130000,-0.060000,0.023266,0.000014,-0.000000,0.000433,0.000632,-0.000473,0.000900
451841.000000,0.170000,0.080000,-0.110000,0.080549,0.000008,-0.000000,0.001633,0.000597,-0.000763,0.001899
451855.000000,-0.040000,-0.060000,0.010000,0.049104,0.000005,-0.000000,0.000893,0.000021,-0.000490,0.001019
451872.000000,0.070000,0.040000,-0.030000,0.029934,0.000003,-0.000000,0.000597,0.000005,-0.000395,0.000716
451886.000000,0.170000,0.090000,0.000000,0.084614,0.000002,-0.000000,0.001483,0.000241,-0.000270,0.001526
451900.000000,0.160000,0.070000,0.000000,0.114044,0.000001,-0.000000,0.002609,0.000333,-0.000195,0.002637
451915.000000,0.100000,0.060000,-0.010000,0.069523,0.000001,-0.000000,0.003263,0.000324,-0.000191,0.003284
451932.000000,0.060000,0.070000,0.020000,0.042382,0.000000,-0.000000,0.003340,0.000332,-0.000075,0.003357
451946.000000,0.080000,0.020000,-0.030000,0.025836,0.000000,-0.000000,0.003435,0.000164,-0.000192,0.003444
451963.000000,0.020000,-0.010000,0.010000,0.015750,0.000000,-0.000000,0.002848,-0.000075,-0.000127,0.002852
451979.000000,0.010000,-0.020000,-0.010000,0.009602,0.000000,-0.000000,0.000127,-0.000236,-0.000149,0.000306
451993.000000,0.070000,0.020000,0.000000,0.005853,0.000000,-0.000000,-0.000050,-0.000171,-0.000134,0.000223
452007.000000,0.130000,0.090000,-0.010000,0.003568,0.000000,-0.000000,0.000155,0.000149,-0.000159,0.000268
452024.000000,0.050000,0.030000,0.000000,0.002175,0.000000,-0.000000,0.000011,0.000128,-0.000132,0.000185
452038.000000,0.070000,0.040000,0.000000,0.001326,0.000000,-0.000000,-0.000023,0.000120,-0.000117,0.000169
452052.000000,0.090000,0.060000,-0.040000,0.000808,0.000000,-0.000000,0.000041,0.000191,-0.000257,0.000323
452066.000000,0.140000,0.060000,-0.040000,0.000493,0.000000,-0.000000,0.000274,0.000238,-0.000352,0.000506
452084.000000,0.170000,0.030000,0.000000,0.066666,0.000000,-0.000000,0.001732,0.000133,-0.000226,0.001752
452098.000000,0.090000,0.060000,0.000000,0.040641,0.000000,-0.000000,0.002220,0.000182,-0.000154,0.002233
452114.000000,0.050000,0.050000,0.010000,0.024775,0.000000,-0.000000,0.002108,0.000186,-0.000074,0.002118
452126.000000,0.050000,-0.030000,0.050000,0.015103,0.000000,-0.000000,0.001874,-0.000093,0.000103,0.001879
452140.000000,0.080000,0.060000,-0.020000,0.009207,0.000000,-0.000000,0.001841,0.000029,-0.000031,0.001842
452154.000000,0.090000,0.010000,0.010000,0.005613,0.000000,-0.000000,0.000220,-0.000038,-0.000033,0.000225
452168.000000,0.090000,0.000000,0.000000,0.003422,0.000000,-0.000000,0.000131,-0.000134,-0.000056,0.000195
452185.000000,0.070000,0.030000,0.000000,0.002086,0.000000,-0.000000,0.000033,-0.000072,-0.000069,0.000105
452199.000000,0.090000,0.070000,0.000000,0.001272,0.000000,-0.000000,0.000056,0.000119,-0.000075,0.000151
452214.000000,0.080000,0.040000,-0.030000,0.000775,0.000000,-0.000000,0.000043,0.000132,-0.000191,0.000236
452228.000000,0.100000,0.030000,-0.010000,0.000473,0.000000,-0.000000,0.000106,0.000082,-0.000190,0.000232
452244.000000,0.080000,0.030000,0.000000,0.000288,0.000000,-0.000000,0.000072,0.000043,-0.000134,0.000158
452256.000000,0.070000,0.040000,-0.030000,0.000176,0.000000,-0.000000,0.000013,0.000062,-0.000208,0.000218
452273.000000,0.030000,0.030000,0.010000,0.000107,0.000000,-0.000000,-0.000186,0.000039,-0.000111,0.000220
452288.000000,0.040000,0.030000,0.000000,0.000065,0.000000,-0.000000,-0.000258,0.000024,-0.000080,0.000271
452302.000000,0.150000,0.050000,-0.020000,0.058598,0.000000,-0.000000,0.000116,0.000090,-0.000144,0.000205
452316.000000,0.090000,0.060000,-0.020000,0.035722,0.000000,-0.000000,0.000155,0.000173,-0.000191,0.000301
452332.000000,0.170000,0.050000,0.010000,0.088143,0.000000,-0.000000,0.000438,0.000179,-0.000095,0.000483
452346.000000,0.100000,0.030000,0.000000,0.053733,0.000000,-0.000000,0.000353,0.000102,-0.000069,0.000374
452363.000000,0.110000,0.040000,0.000000,0.032756,0.000000,-0.000000,0.000289,0.000082,-0.000058,0.000306
452377.000000,-0.110000,0.040000,0.020000,0.019969,0.000000,-0.000000,-0.000533,0.000080,0.000017,0.000539
452391.000000,0.190000,0.040000,0.000000,0.086347,0.000000,-0.000000,0.000017,0.000081,-0.000007,0.000083
452405.000000,0.110000,0.040000,-0.030000,0.052638,0.000000,-0.000000,0.000188,0.000081,-0.000142,0.000250
452421.000000,0.170000,0.050000,-0.030000,0.098455,0.000000,-0.000000,0.001370,0.000117,-0.000229,0.001394
452435.000000,0.150000,0.050000,0.000000,0.118577,0.000000,-0.000000,0.002375,0.000139,-0.000158,0.002385
452449.000000,0.070000,0.050000,-0.010000,0.072286,0.000000,-0.000000,0.002588,0.000151,-0.000139,0.002596
452464.000000,0.140000,0.070000,-0.030000,0.044067,0.000000,-0.000000,0.003297,0.000229,-0.000207,0.003311
452478.000000,0.090000,0.060000,0.010000,0.026863,0.000000,-0.000000,0.003602,0.000240,-0.000104,0.003612
452492.000000,0.000000,0.050000,0.010000,0.016376,0.000000,-0.000000,0.002919,0.000202,-0.000027,0.002926
452506.000000,0.090000,0.030000,-0.010000,0.009983,0.000000,-0.000000,0.000282,0.000099,-0.000061,0.000305
452523.000000,0.070000,0.050000,0.000000,0.006086,0.000000,-0.000000,0.000027,0.000104,-0.000052,0.000119
452537.000000,0.060000,0.060000,0.010000,0.003710,0.000000,-0.000000,-0.000087,0.000156,-0.000008,0.000179
452551.000000,0.090000,0.030000,-0.020000,0.002262,0.000000,-0.000000,-0.000032,0.000082,-0.000090,0.000125
452564.000000,0.100000,0.000000,-0.010000,0.001379,0.000000,-0.000000,0.000054,-0.000083,-0.000113,0.000150
452578.000000,0.050000,0.030000,-0.010000,0.000840,0.000000,-0.000000,-0.000078,-0.000080,-0.000119,0.000163
452594.000000,0.020000,0.100000,0.020000,0.000512,0.000000,-0.000000,-0.000291,0.000212,-0.000001,0.000360
452608.000000,0.100000,0.080000,0.000000,0.000312,0.000000,-0.000000,-0.000115,0.000317,-0.000003,0.000337
452624.000000,0.110000,0.020000,-0.010000,0.000190,0.000000,-0.000000,0.000070,0.000125,-0.000054,0.000154
452638.000000,0.060000,0.030000,0.010000,0.000116,0.000000,-0.000000,-0.000019,0.000035,-0.000012,0.000041
452652.000000,0.070000,0.030000,-0.010000,0.000071,0.000000,-0.000000,-0.000061,-0.000008,-0.000052,0.000081
452666.000000,0.130000,0.050000,0.000000,0.000043,0.000000,-0.000000,0.000143,0.000047,-0.000047,0.000158
452683.000000,0.070000,0.080000,0.020000,0.000026,0.000000,-0.000000,0.000054,0.000203,0.000040,0.000214
452697.000000,0.070000,0.050000,0.010000,0.000016,0.000000,-0.000000,-0.000018,0.000182,0.000054,0.000191
452714.000000,0.070000,0.030000,-0.010000,0.000010,0.000000,-0.000000,-0.000061,0.000070,-0.000022,0.000095
452728.000000,0.090000,0.060000,0.000000,0.000006,0.000000,-0.000000,-0.000005,0.000117,-0.000032,0.000122
452744.000000,0.080000,0.090000,0.010000,0.000004,0.000000,-0.000000,-0.000000,0.000273,0.000006,0.000273
452758.000000,0.100000,0.010000,-0.040000,0.000002,0.000000,-0.000000,0.000070,0.000071,-0.000152,0.000182
452773.000000,0.100000,0.050000,0.000000,0.000001,0.000000,-0.000000,0.000117,0.000066,-0.000113,0.000176
452787.000000,0.080000,0.060000,0.050000,0.000001,0.000000,-0.000000,0.000065,0.000122,0.000114,0.000179
452804.000000,0.090000,0.030000,-0.020000,0.000001,0.000000,-0.000000,0.000060,0.000042,-0.000004,0.000073
452819.000000,0.090000,0.030000,0.000000,0.000000,0.000000,-0.000000,0.000063,-0.000011,-0.000025,0.000068
452835.000000,0.080000,0.000000,-0.010000,0.000000,0.000000,-0.000000,0.000027,-0.000152,-0.000065,0.000167
452863.000000,-0.010000,-0.370000,0.200000,0.000000,-0.144444,-0.000000,-0.000310,-0.008353,0.000652,0.008384
452875.000000,-0.100000,-0.200000,-0.090000,0.000000,-0.166132,-0.000000,-0.000800,-0.011397,0.000129,0.011426
452887.000000,-0.260000,0.580000,0.040000,-0.101501,0.125149,-0.000000,-0.004171,-0.007748,0.000137,0.008800
452900.000000,0.780000,-0.330000,-0.060000,0.242627,-0.052536,-0.000000,0.001107,-0.009900,-0.000162,0.009963
452915.000000,0.170000,0.040000,0.000000,0.214274,-0.032026,-0.000000,0.003883,-0.010611,-0.000145,0.011300
452932.000000,0.060000,0.000000,0.000000,0.130624,-0.019524,-0.000000,0.004594,-0.011292,-0.000090,0.012191
452946.000000,0.120000,0.000000,-0.040000,0.079630,-0.011902,-0.000000,0.005166,-0.011820,-0.000208,0.012902
452963.000000,0.050000,-0.040000,0.010000,0.048543,-0.007256,-0.000000,0.005023,-0.000889,-0.000099,0.005102
452975.000000,0.100000,-0.020000,-0.010000,0.029593,-0.004423,-0.000000,0.005164,-0.000546,-0.000098,0.005194
452989.000000,0.150000,0.020000,-0.010000,0.076598,-0.002696,-0.000000,0.000526,-0.000298,-0.000108,0.000614
453004.000000,0.020000,-0.110000,0.000000,0.046695,-0.001644,-0.000000,0.000016,-0.000638,-0.000074,0.000642
453018.000000,0.100000,0.000000,-0.020000,0.028466,-0.001002,-0.000000,0.000009,-0.000477,-0.000124,0.000493
453034.000000,0.100000,0.030000,0.060000,0.017353,-0.000611,-0.000000,0.000058,-0.000201,0.000144,0.000254
453048.000000,0.040000,-0.050000,0.040000,0.010579,-0.000372,-0.000000,-0.000130,-0.000346,0.000240,0.000441
453064.000000,0.150000,0.050000,0.000000,0.065007,-0.000227,-0.000000,0.000154,-0.000089,0.000123,0.000216
453078.000000,0.080000,-0.120000,0.000000,0.039629,-0.000138,-0.000000,0.000093,-0.000538,0.000042,0.000547
453092.000000,0.140000,0.000000,-0.040000,0.024158,-0.000084,-0.000000,0.000246,-0.000426,-0.000150,0.000514
453106.000000,0.030000,-0.100000,0.000000,0.014727,-0.000051,-0.000000,-0.000054,-0.000667,-0.000122,0.000680
453124.000000,0.090000,0.000000,0.010000,0.008978,-0.000031,-0.000000,-0.000048,-0.000421,-0.000033,0.000425
453138.000000,0.150000,0.000000,-0.030000,0.064031,-0.000019,-0.000000,0.000204,-0.000274,-0.000133,0.000366
453152.000000,0.070000,-0.050000,-0.020000,0.039034,-0.000012,-0.000000,0.000083,-0.000381,-0.000174,0.000427
453166.000000,0.130000,-0.010000,0.010000,0.023796,-0.000007,-0.000000,0.000193,-0.000319,-0.000077,0.000381
453183.000000,0.110000,0.010000,-0.010000,0.014506,-0.000004,-0.000000,0.000198,-0.000171,-0.000078,0.000273
453195.000000,0.080000,-0.040000,-0.010000,0.008843,-0.000003,-0.000000,0.000092,-0.000274,-0.000091,0.000303
453539.000000,0.000000,-0.030000,0.000000,0.005391,-0.000002,-0.000000,-0.000273,-0.000336,-0.000067,0.000438
453555.000000,0.200000,-0.110000,-0.020000,0.081364,-0.000001,-0.000000,0.000241,-0.000659,-0.000119,0.000712
453571.000000,-0.060000,-0.030000,0.000000,0.049600,-0.000001,-0.000000,-0.000378,-0.000532,-0.000076,0.000657
453585.000000,-0.170000,-0.100000,-0.020000,-0.036129,-0.000000,-0.000000,-0.001212,-0.000689,-0.000120,0.001400
453599.000000,0.070000,-0.010000,0.000000,-0.022025,-0.000000,-0.000000,-0.000835,-0.000477,-0.000080,0.000965
453614.000000,0.070000,-0.070000,0.000000,-0.013426,-0.000000,-0.000000,-0.000460,-0.000528,-0.000046,0.000702
453628.000000,0.110000,0.000000,0.010000,-0.008185,-0.000000,-0.000000,-0.000116,-0.000327,0.000009,0.000347
453642.000000,0.120000,0.030000,0.000000,-0.004990,-0.000000,-0.000000,0.000115,-0.000072,0.000005,0.000136
453655.000000,0.260000,0.070000,-0.020000,0.098459,-0.000000,-0.000000,0.001851,0.000220,-0.000077,0.001865
453669.000000,0.300000,0.140000,0.000000,0.177138,-0.000000,-0.000000,0.004547,0.000660,-0.000059,0.004595
453683.000000,0.080000,-0.030000,0.000000,0.107986,-0.000000,-0.000000,0.005336,0.000280,-0.000036,0.005344
453697.000000,0.050000,-0.020000,0.000000,0.065829,-0.000000,-0.000000,0.005259,0.000010,-0.000023,0.005259
453714.000000,0.060000,0.040000,0.000000,0.040130,-0.000000,-0.000000,0.004968,0.000095,-0.000015,0.004969
453728.000000,0.060000,0.010000,-0.010000,0.024464,-0.000000,-0.000000,0.004680,0.000067,-0.000049,0.004680
453740.000000,0.090000,0.020000,-0.010000,0.014913,-0.000000,-0.000000,0.000488,0.000077,-0.000072,0.000500
453753.000000,0.070000,-0.020000,-0.010000,0.009091,-0.000000,-0.000000,0.000113,-0.000059,-0.000087,0.000154
453765.000000,0.020000,-0.010000,0.020000,0.005542,-0.000000,-0.000000,-0.000209,-0.000118,0.000015,0.000240
453780.000000,0.050000,0.010000,0.020000,0.003379,-0.000000,-0.000000,-0.000299,-0.000066,0.000095,0.000321
453792.000000,0.030000,0.000000,-0.010000,0.002060,-0.000000,-0.000000,-0.000383,-0.000063,0.000025,0.000389
453804.000000,0.090000,0.030000,-0.040000,0.001256,-0.000000,-0.000000,-0.000226,0.000041,-0.000142,0.000270
453818.000000,0.090000,0.010000,-0.020000,0.000765,-0.000000,-0.000000,-0.000087,0.000044,-0.000182,0.000206
453834.000000,0.020000,-0.010000,0.000000,0.000467,-0.000000,-0.000000,-0.000276,-0.000046,-0.000102,0.000298
453848.000000,0.080000,0.020000,0.000000,0.000284,-0.000000,-0.000000,-0.000189,0.000009,-0.000050,0.000195
453864.000000,0.100000,0.030000,0.000000,0.000173,-0.000000,-0.000000,-0.000029,0.000094,-0.000022,0.000100
453878.000000,0.070000,0.010000,-0.020000,0.000106,-0.000000,-0.000000,-0.000051,0.000067,-0.000083,0.000118
453892.000000,0.070000,0.000000,-0.010000,0.000064,-0.000000,-0.000000,-0.000082,0.000003,-0.000091,0.000123
453906.000000,0.020000,-0.050000,0.000000,0.000039,-0.000000,-0.000000,-0.000286,-0.000223,-0.000052,0.000366
453925.000000,0.060000,0.010000,0.000000,0.000024,-0.000000,-0.000000,-0.000247,-0.000125,-0.000019,0.000278
453938.000000,0.090000,0.010000,0.000000,0.000015,-0.000000,-0.000000,-0.000113,-0.000057,-0.000007,0.000127
453952.000000,0.070000,0.010000,-0.030000,0.000009,-0.000000,-0.000000,-0.000094,-0.000016,-0.000113,0.000148
453966.000000,0.070000,0.070000,-0.020000,0.000005,-0.000000,-0.000000,-0.000095,0.000228,-0.000148,0.000288
453984.000000,0.100000,0.030000,-0.010000,0.000003,-0.000000,-0.000000,0.000023,0.000224,-0.000112,0.000252
453996.000000,0.110000,0.070000,-0.050000,0.000002,-0.000000,-0.000000,0.000120,0.000344,-0.000232,0.000431
454013.000000,0.070000,0.040000,-0.010000,0.000001,-0.000000,-0.000000,0.000029,0.000314,-0.000170,0.000358
454028.000000,0.100000,0.020000,-0.010000,0.000001,-0.000000,-0.000000,0.000073,0.000205,-0.000117,0.000247
454041.000000,0.050000,0.010000,0.000000,0.000000,-0.000000,-0.000000,-0.000069,0.000107,-0.000055,0.000139
454055.000000,0.080000,0.010000,0.000000,0.000000,-0.000000,-0.000000,-0.000065,0.000047,-0.000015,0.000081
454072.000000,0.060000,0.000000,0.030000,0.000000,-0.000000,-0.000000,-0.000117,-0.000024,0.000120,0.000169
454086.000000,0.040000,0.010000,0.000000,0.000000,-0.000000,-0.000000,-0.000222,-0.000022,0.000087,0.000239
454100.000000,0.060000,0.010000,-0.010000,0.000000,-0.000000,-0.000000,-0.000217,-0.000014,0.000015,0.000218
454113.000000,0.020000,0.000000,0.030000,0.000000,-0.000000,-0.000000,-0.000347,-0.000045,0.000116,0.000369
454125.000000,0.080000,0.040000,0.000000,0.000000,-0.000000,-0.000000,-0.000224,0.000075,0.000087,0.000252
454139.000000,0.050000,0.020000,0.000000,0.000000,-0.000000,-0.000000,-0.000223,0.000094,0.000050,0.000247
454153.000000,0.040000,0.040000,-0.030000,0.000000,-0.000000,-0.000000,-0.000271,0.000164,-0.000083,0.000327
454165.000000,0.020000,-0.020000,-0.010000,0.000000,-0.000000,-0.000000,-0.000375,-0.000005,-0.000094,0.000387
454180.000000,0.030000,0.000000,0.000000,0.000000,-0.000000,-0.000000,-0.000405,-0.000068,-0.000047,0.000413
454192.000000,0.060000,0.000000,0.010000,0.000000,-0.000000,-0.000000,-0.000303,-0.000085,0.000018,0.000316
454204.000000,0.090000,0.000000,-0.010000,0.000000,-0.000000,-0.000000,-0.000123,-0.000092,-0.000011,0.000154
454335.000000,0.040000,-0.010000,0.010000,0.000000,-0.000000,-0.000000,-0.000184,-0.000131,0.000033,0.000228
454349.000000,0.020000,0.010000,-0.010000,0.000000,-0.000000,-0.000000,-0.000322,-0.000079,-0.000007,0.000331
454362.000000,0.080000,0.010000,-0.010000,0.000000,-0.000000,-0.000000,-0.000185,-0.000041,-0.000039,0.000194
454388.000000,0.000000,0.010000,-0.020000,0.000000,-0.000000,-0.000000,-0.000322,-0.000011,-0.000084,0.000333
454400.000000,0.070000,0.020000,0.010000,0.000000,-0.000000,-0.000000,-0.000218,0.000028,-0.000014,0.000220
454413.000000,0.030000,0.010000,0.000000,0.000000,-0.000000,-0.000000,-0.000279,0.000021,0.000008,0.000280
454425.000000,0.090000,0.020000,0.000000,0.000000,-0.000000,-0.000000,-0.000115,0.000047,0.000014,0.000125
454437.000000,0.090000,0.030000,0.000000,0.000000,-0.000000,-0.000000,0.000012,0.000103,0.000017,0.000105
454449.000000,0.080000,-0.020000,-0.020000,0.000000,-0.000000,-0.000000,0.000048,-0.000041,-0.000055,0.000084
454462.000000,0.070000,0.000000,-0.010000,0.000000,-0.000000,-0.000000,0.000020,-0.000081,-0.000071,0.000110
454474.000000,0.060000,0.010000,0.020000,0.000000,-0.000000,-0.000000,-0.000039,-0.000054,0.000035,0.000075
454487.000000,0.050000,0.000000,0.000000,0.000000,-0.000000,-0.000000,-0.000118,-0.000065,0.000042,0.000141
454501.000000,0.050000,0.010000,-0.010000,0.000000,-0.000000,-0.000000,-0.000162,-0.000038,-0.000005,0.000167
454513.000000,0.070000,0.040000,0.000000,0.000000,-0.000000,-0.000000,-0.000111,0.000087,-0.000001,0.000141
454552.000000,0.040000,0.010000,0.000000,0.000000,-0.000000,-0.000000,-0.000117,0.000034,0.000006,0.000122
454564.000000,0.080000,0.030000,-0.020000,0.000000,-0.000000,-0.000000,-0.000053,0.000084,-0.000053,0.000113
454576.000000,0.050000,0.000000,0.000000,0.000000,-0.000000,-0.000000,-0.000104,0.000023,-0.000033,0.000111
454590.000000,-0.020000,0.010000,0.000000,0.000000,-0.000000,-0.000000,-0.000413,0.000003,-0.000008,0.000413
454602.000000,0.000000,0.000000,0.000000,0.000000,-0.000000,-0.000000,-0.000531,-0.000037,0.000005,0.000532
454615.000000,0.040000,0.060000,-0.010000,0.000000,-0.000000,-0.000000,-0.000438,0.000157,-0.000024,0.000466
454632.000000,0.120000,0.010000,-0.010000,0.000000,-0.000000,-0.000000,-0.000014,0.000102,-0.000046,0.000113
454646.000000,0.060000,0.000000,-0.010000,0.000000,-0.000000,-0.000000,-0.000003,0.000013,-0.000056,0.000057
454661.000000,0.100000,0.010000,-0.010000,0.000000,-0.000000,-0.000000,0.000115,-0.000007,-0.000060,0.000130
454675.000000,0.070000,0.060000,-0.020000,0.000000,-0.000000,-0.000000,0.000079,0.000175,-0.000099,0.000216
454689.000000,0.030000,-0.010000,0.010000,0.000000,-0.000000,-0.000000,-0.000107,0.000041,-0.000013,0.000115
454702.000000,0.020000,0.000000,-0.010000,0.000000,-0.000000,-0.000000,-0.000262,-0.000032,-0.000024,0.000266
454714.000000,0.060000,0.000000,-0.030000,0.000000,-0.000000,-0.000000,-0.000208,-0.000068,-0.000113,0.000246
454731.000000,0.040000,0.030000,0.000000,0.000000,-0.000000,-0.000000,-0.000209,0.000034,-0.000058,0.000220
454747.000000,0.050000,0.030000,0.020000,0.000000,-0.000000,-0.000000,-0.000177,0.000098,0.000061,0.000211
454763.000000,0.090000,0.060000,-0.020000,0.000000,-0.000000,-0.000000,-0.000008,0.000240,-0.000019,0.000241
454777.000000,0.100000,0.070000,0.000000,0.000000,-0.000000,-0.000000,0.000130,0.000362,-0.000008,0.000385
454791.000000,-0.050000,0.030000,-0.010000,0.000000,-0.000000,-0.000000,-0.000348,0.000283,-0.000029,0.000449
454805.000000,0.060000,0.030000,0.000000,0.000000,-0.000000,-0.000000,-0.000277,0.000213,-0.000007,0.000350
454822.000000,0.020000,0.000000,0.000000,0.000000,-0.000000,-0.000000,-0.000311,0.000049,0.000011,0.000315
454836.000000,0.000000,-0.010000,0.020000,0.000000,-0.000000,-0.000000,-0.000418,-0.000074,0.000092,0.000434
454850.000000,0.070000,0.000000,-0.020000,0.000000,-0.000000,-0.000000,-0.000231,-0.000106,-0.000002,0.000254
454864.000000,0.080000,0.020000,-0.010000,0.000000,-0.000000,-0.000000,-0.000053,-0.000038,-0.000038,0.000075
454878.000000,0.090000,0.040000,0.000000,0.000000,-0.000000,-0.000000,0.000085,0.000086,-0.000014,0.000121
454892.000000,0.070000,0.030000,-0.010000,0.000000,-0.000000,-0.000000,0.000082,0.000124,-0.000031,0.000152
454906.000000,0.060000,0.030000,-0.030000,0.000000,-0.000000,-0.000000,0.000027,0.000135,-0.000119,0.000182
454923.000000,0.080000,0.020000,0.000000,0.000000,-0.000000,-0.000000,0.000065,0.000093,-0.000058,0.000128
454937.000000,0.060000,0.010000,0.010000,0.000000,-0.000000,-0.000000,0.000021,0.000034,0.000022,0.000045
454951.000000,0.040000,0.010000,-0.020000,0.000000,-0.000000,-0.000000,-0.000087,-0.000003,-0.000040,0.000096
454963.000000,0.050000,0.030000,0.000000,0.000000,-0.000000,-0.000000,-0.000117,0.000050,-0.000018,0.000128
454977.000000,0.060000,0.020000,-0.030000,0.000000,-0.000000,-0.000000,-0.000089,0.000057,-0.000107,0.000151
454993.000000,0.030000,-0.030000,-0.030000,0.000000,-0.000000,-0.000000,-0.000175,-0.000138,-0.000167,0.000278
455007.000000,0.080000,0.020000,-0.040000,0.000000,-0.000000,-0.000000,-0.000049,-0.000075,-0.000231,0.000247
455023.000000,0.030000,-0.010000,0.000000,0.000000,-0.000000,-0.000000,-0.000141,-0.000123,-0.000112,0.000219
455037.000000,0.040000,0.000000,0.000000,0.000000,-0.000000,-0.000000,-0.000176,-0.000124,-0.000034,0.000218
455053.000000,0.080000,0.030000,0.000000,0.000000,-0.000000,-0.000000,-0.000035,-0.000003,0.000009,0.000036
455067.000000,0.090000,0.050000,-0.030000,0.000000,-0.000000,-0.000000,0.000091,0.000144,-0.000083,0.000189
455084.000000,0.040000,-0.020000,0.020000,0.000000,-0.000000,-0.000000,-0.000029,-0.000037,0.000042,0.000063
455098.000000,0.050000,0.010000,0.000000,0.000000,-0.000000,-0.000000,-0.000077,-0.000051,0.000053,0.000106
455113.000000,0.080000,0.030000,-0.010000,0.000000,-0.000000,-0.000000,0.000014,0.000032,0.000011,0.000037
455125.000000,0.100000,0.030000,-0.010000,0.000000,-0.000000,-0.000000,0.000146,0.000085,-0.000016,0.000170
455139.000000,0.070000,0.030000,-0.020000,0.000000,-0.000000,-0.000000,0.000124,0.000117,-0.000070,0.000185
455154.000000,-0.010000,-0.050000,0.000000,0.000000,-0.000000,-0.000000,-0.000215,-0.000174,-0.000026,0.000278
455170.000000,0.000000,-0.020000,0.000000,0.000000,-0.000000,-0.000000,-0.000389,-0.000250,0.000010,0.000463
455184.000000,0.070000,0.030000,0.000000,0.000000,-0.000000,-0.000000,-0.000209,-0.000086,0.000027,0.000228
455198.000000,0.080000,0.050000,0.000000,0.000000,-0.000000,-0.000000,-0.000033,0.000107,0.000036,0.000118
455213.000000,0.100000,0.040000,-0.030000,0.000000,-0.000000,-0.000000,0.000145,0.000182,-0.000074,0.000244
455251.000000,0.000000,-0.010000,0.000000,0.000000,-0.000000,-0.000000,-0.000132,-0.000016,-0.000014,0.000133
455263.000000,0.020000,-0.010000,-0.040000,0.000000,-0.000000,-0.000000,-0.000231,-0.000092,-0.000118,0.000276
455276.000000,-0.020000,-0.070000,-0.010000,0.000000,-0.000000,-0.000000,-0.000452,-0.000370,-0.000103,0.000593
455290.000000,0.070000,0.030000,0.000000,0.000000,-0.000000,-0.000000,-0.000248,-0.000178,-0.000036,0.000308
455304.000000,0.140000,0.090000,-0.040000,0.000000,-0.000000,-0.000000,0.000180,0.000211,-0.000141,0.000311
455322.000000,0.080000,0.030000,0.000000,0.000000,-0.000000,-0.000000,0.000212,0.000215,-0.000059,0.000308
455337.000000,0.090000,0.090000,-0.030000,0.000000,-0.000000,-0.000000,0.000224,0.000399,-0.000114,0.000472
455362.000000,0.080000,0.040000,0.000000,0.000000,-0.000000,-0.000000,0.000155,0.000269,-0.000028,0.000312
455374.000000,0.100000,0.060000,-0.020000,0.000000,-0.000000,-0.000000,0.000215,0.000306,-0.000058,0.000378
455387.000000,0.100000,0.090000,-0.030000,0.000000,-0.000000,-0.000000,0.000275,0.000462,-0.000125,0.000552
455401.000000,0.060000,0.080000,-0.020000,0.000000,-0.000000,-0.000000,0.000150,0.000518,-0.000129,0.000555
455415.000000,0.060000,0.010000,-0.010000,0.000000,-0.000000,-0.000000,0.000058,0.000270,-0.000085,0.000288
455432.000000,0.040000,0.040000,-0.010000,0.000000,-0.000000,-0.000000,-0.000071,0.000193,-0.000049,0.000211
455446.000000,0.040000,0.010000,0.020000,0.000000,-0.000000,-0.000000,-0.000136,0.000071,0.000074,0.000171
455463.000000,0.060000,0.020000,-0.030000,0.000000,-0.000000,-0.000000,-0.000089,0.000029,-0.000035,0.000100
455477.000000,0.060000,0.030000,-0.010000,0.000000,-0.000000,-0.000000,-0.000056,0.000054,-0.000041,0.000088
455491.000000,0.050000,0.030000,-0.010000,0.000000,-0.000000,-0.000000,-0.000075,0.000076,-0.000034,0.000112
455505.000000,0.030000,0.010000,0.000000,0.000000,-0.000000,-0.000000,-0.000165,0.000013,0.000008,0.000166
455522.000000,0.070000,0.010000,0.000000,0.000000,-0.000000,-0.000000,-0.000065,-0.000034,0.000036,0.000082
455536.000000,0.080000,0.060000,0.010000,0.000000,-0.000000,-0.000000,0.000038,0.000127,0.000085,0.000157
455550.000000,0.050000,0.020000,-0.030000,0.000000,-0.000000,-0.000000,-0.000012,0.000094,-0.000032,0.000100
455564.000000,0.040000,0.020000,0.000000,0.000000,-0.000000,-0.000000,-0.000095,0.000053,-0.000005,0.000108
455581.000000,-0.030000,-0.040000,0.000000,0.000000,-0.000000,-0.000000,-0.000409,-0.000204,0.000027,0.000458
455593.000000,-0.040000,-0.060000,0.020000,0.000000,-0.000000,-0.000000,-0.000619,-0.000415,0.000112,0.000754
455605.000000,-0.010000,0.000000,-0.020000,0.000000,-0.000000,-0.000000,-0.000654,-0.000344,0.000031,0.000740
455621.000000,0.150000,0.110000,-0.010000,0.058558,-0.000000,-0.000000,0.000003,0.000186,-0.000008,0.000186
455633.000000,0.130000,0.040000,0.010000,0.035698,-0.000000,-0.000000,0.000312,0.000237,0.000050,0.000395
455647.000000,0.080000,0.040000,-0.030000,0.021762,-0.000000,-0.000000,0.000298,0.000224,-0.000052,0.000376
455666.000000,0.040000,0.030000,0.030000,0.013266,-0.000000,-0.000000,0.000063,0.000147,0.000104,0.000191
455683.000000,0.050000,0.000000,0.020000,0.008087,-0.000000,-0.000000,-0.000025,-0.000001,0.000165,0.000166
455697.000000,0.050000,0.000000,0.010000,0.004930,-0.000000,-0.000000,-0.000058,-0.000083,0.000157,0.000187
455713.000000,0.000000,0.010000,-0.020000,0.003005,-0.000000,-0.000000,-0.000262,-0.000087,0.000029,0.000277
455727.000000,0.040000,0.020000,0.010000,0.001832,-0.000000,-0.000000,-0.000238,-0.000045,0.000061,0.000249
455739.000000,0.070000,0.070000,0.000000,0.001117,-0.000000,-0.000000,-0.000100,0.000160,0.000060,0.000198
455753.000000,0.060000,0.010000,0.000000,0.000681,-0.000000,-0.000000,-0.000033,0.000085,0.000054,0.000106
455769.000000,0.050000,0.000000,0.000000,0.000415,-0.000000,-0.000000,-0.000042,-0.000037,0.000048,0.000074
455782.000000,0.070000,0.050000,0.010000,0.000253,-0.000000,-0.000000,0.000016,0.000078,0.000082,0.000114
455794.000000,0.030000,0.000000,0.000000,0.000154,-0.000000,-0.000000,-0.000085,-0.000007,0.000072,0.000112
455811.000000,0.070000,0.030000,0.000000,0.000094,-0.000000,-0.000000,-0.000012,0.000027,0.000054,0.000062
455825.000000,0.050000,0.030000,0.000000,0.000057,-0.000000,-0.000000,-0.000031,0.000057,0.000046,0.000080
455839.000000,0.030000,0.010000,0.000000,0.000035,-0.000000,-0.000000,-0.000124,0.000002,0.000043,0.000131
455854.000000,0.060000,0.000000,0.000000,0.000021,-0.000000,-0.000000,-0.000071,-0.000078,0.000041,0.000113
455873.000000,0.050000,0.050000,0.000000,0.000013,-0.000000,-0.000000,-0.000058,0.000071,0.000037,0.000099
455887.000000,0.030000,0.060000,0.000000,0.000008,-0.000000,-0.000000,-0.000131,0.000199,0.000036,0.000241
455903.000000,0.090000,0.060000,-0.020000,0.000005,-0.000000,-0.000000,0.000044,0.000274,-0.000039,0.000280
455917.000000,0.090000,0.050000,0.000000,0.000003,-0.000000,-0.000000,0.000161,0.000270,-0.000013,0.000314
455933.000000,0.100000,0.090000,0.020000,0.000002,-0.000000,-0.000000,0.000258,0.000405,0.000089,0.000489
455947.000000,0.270000,0.100000,-0.010000,0.105406,-0.000000,-0.000000,0.002487,0.000527,0.000039,0.002543
455963.000000,0.390000,0.070000,-0.020000,0.216508,-0.000000,-0.000000,0.006964,0.000473,-0.000045,0.006981
455977.000000,0.280000,0.080000,0.000000,0.241295,-0.000000,-0.000000,0.010311,0.000466,-0.000017,0.010321
455991.000000,0.030000,-0.050000,-0.030000,0.147096,-0.000000,-0.000000,0.011036,-0.000014,-0.000101,0.011036
456005.000000,-0.090000,0.010000,0.000000,0.089671,-0.000000,-0.000000,0.009798,-0.000116,-0.000050,0.009799
456022.000000,0.240000,0.110000,0.000000,0.148358,-0.000000,-0.000000,0.011508,0.000256,-0.000001,0.011510
456036.000000,0.230000,0.190000,-0.010000,0.180230,0.074174,-0.000000,0.013611,0.002097,-0.000015,0.013771
456050.000000,0.320000,0.140000,-0.010000,0.234795,0.045217,-0.000000,0.016805,0.003776,-0.000030,0.017224
456064.000000,-0.190000,0.110000,0.000000,0.068960,0.027565,-0.000000,0.015328,0.005114,-0.000001,0.016159
456089.000000,-0.010000,0.040000,0.000000,0.042039,0.016804,-0.000000,0.013339,0.006094,0.000020,0.014665
456101.000000,-0.070000,0.080000,-0.030000,0.025627,0.010244,-0.000000,0.011973,0.006698,-0.000070,0.013720
456113.000000,0.180000,-0.070000,0.000000,0.085893,0.006245,-0.000000,0.012585,0.000604,-0.000037,0.012599
456125.000000,0.210000,-0.280000,0.000000,0.134343,-0.105502,-0.000000,0.014041,-0.002208,-0.000001,0.014213
456137.000000,0.140000,-0.060000,0.010000,0.081897,-0.064315,-0.000000,0.015163,-0.003812,0.000058,0.015634
456149.000000,0.170000,-0.120000,-0.050000,0.116291,-0.039207,-0.000000,0.016436,-0.005556,-0.000121,0.017350
456163.000000,1.050000,0.010000,-0.060000,0.480800,-0.023901,-0.000000,0.026599,-0.006367,-0.000300,0.027352
456179.000000,0.250000,0.290000,0.060000,0.390698,0.098642,-0.000000,0.032228,-0.003738,0.000072,0.032444
456193.000000,-0.070000,-0.470000,-0.010000,0.238174,-0.123349,-0.000000,0.032447,-0.007953,0.000061,0.033407
456209.000000,0.460000,-0.650000,-0.020000,0.324773,-0.328947,-0.000000,0.037019,-0.017018,-0.000025,0.040744
456223.000000,3.150000,-1.420000,0.190000,1.427708,-0.754881,-0.000000,0.068516,-0.033612,0.000693,0.076320
456237.000000,1.880000,-0.310000,-0.260000,1.604277,-0.581205,-0.000000,0.095817,-0.041927,-0.000475,0.104589
456251.000000,-0.900000,0.020000,-0.010000,0.626637,-0.354309,-0.000000,0.094614,-0.044524,-0.000419,0.104567
456265.000000,-0.520000,-0.220000,-0.030000,0.179004,-0.301877,-0.000000,0.088584,-0.047757,-0.000319,0.100638
456283.000000,1.220000,-0.590000,-0.030000,0.585396,-0.414357,-0.000000,0.100893,-0.056822,-0.000235,0.115794
456297.000000,1.010000,-0.680000,-0.130000,0.751157,-0.518061,-0.000000,0.113091,-0.065899,-0.000569,0.130891
456313.000000,1.020000,-0.530000,-0.030000,0.856110,-0.522722,-0.000000,0.128042,-0.075288,-0.000425,0.148537
456328.000000,0.710000,-0.120000,-0.130000,0.799070,-0.318657,-0.000000,0.139088,-0.079509,-0.000667,0.160211
456342.000000,-0.350000,0.780000,0.050000,0.350487,0.110246,-0.000000,0.138178,-0.073345,-0.000180,0.156437
456356.000000,-0.090000,0.810000,-0.140000,0.213661,0.383421,-0.000000,0.136450,-0.063856,-0.000525,0.150653
456373.000000,1.000000,0.600000,-0.110000,0.520638,0.467971,-0.000000,0.147025,-0.053621,-0.000683,0.156499
456385.000000,1.670000,0.480000,0.140000,0.969336,0.472667,-0.000000,0.162801,-0.047678,0.000111,0.169639
456399.000000,1.320000,0.580000,0.000000,1.106231,0.514569,-0.000000,0.180685,-0.040212,0.000220,0.185106
456413.000000,1.030000,0.360000,0.040000,1.076471,0.454227,-0.000000,0.195572,-0.034742,0.000331,0.198634
456429.000000,1.020000,0.070000,-0.210000,1.054426,0.276902,-0.000000,0.211445,-0.032424,-0.000565,0.213917
456443.000000,0.390000,-0.300000,-0.010000,0.795042,0.051686,-0.000000,0.218861,-0.035054,-0.000393,0.221650
456459.000000,0.010000,-0.300000,-0.050000,0.484667,-0.085608,-0.000000,0.220860,-0.039656,-0.000325,0.224393
456473.000000,-0.240000,0.100000,-0.070000,0.201765,-0.052188,-0.000000,0.218460,-0.040183,-0.000378,0.222125
456487.000000,-0.760000,0.270000,-0.070000,-0.173696,0.073591,-0.000000,0.209719,-0.037993,-0.000422,0.213133
456501.000000,-0.070000,0.000000,0.000000,-0.105887,0.044862,-0.000000,0.205838,-0.037634,-0.000182,0.209250
456515.000000,-0.060000,0.090000,-0.110000,-0.064550,0.027348,-0.000000,0.203513,-0.036943,-0.000422,0.206839
456533.000000,-0.520000,0.350000,-0.120000,-0.242352,0.153308,-0.000000,0.195327,-0.032650,-0.000628,0.198038
456547.000000,-0.400000,0.350000,0.070000,-0.303896,0.230094,-0.000000,0.188924,-0.028517,-0.000050,0.191064
456563.000000,0.010000,0.460000,-0.110000,-0.185259,0.319847,-0.000000,0.186186,-0.022288,-0.000304,0.187516
456579.000000,0.330000,0.530000,0.240000,0.015892,0.401888,-0.000000,0.188406,-0.014825,0.000787,0.188990
456593.000000,0.210000,0.640000,-0.120000,0.091670,0.494844,-0.000000,0.190474,-0.006892,0.000178,0.190598
456609.000000,-0.470000,0.450000,0.000000,-0.127600,0.477337,-0.000000,0.185264,0.000527,0.000091,0.185264
456623.000000,-0.050000,0.050000,0.060000,-0.077786,0.290991,-0.000000,0.182833,0.002666,0.000326,0.182853
456637.000000,0.480000,-0.050000,0.000000,0.139967,0.177391,-0.000000,0.186235,0.002520,0.000273,0.186252
456651.000000,0.930000,0.210000,0.050000,0.448387,0.190121,-0.000000,0.195797,0.004235,0.000394,0.195843
456665.000000,1.010000,0.260000,-0.340000,0.667634,0.217401,-0.132732,0.207990,0.007000,-0.000970,0.208110
456683.000000,1.120000,0.620000,-0.080000,0.844232,0.374571,-0.080915,0.226069,0.015494,-0.000876,0.226601
456697.000000,0.680000,0.500000,-0.250000,0.780118,0.423537,-0.049327,0.236378,0.022078,-0.001317,0.237410
456713.000000,-0.460000,-0.140000,0.020000,0.295991,0.258193,-0.030070,0.234106,0.022427,-0.000595,0.235178
456729.000000,-1.660000,-0.490000,0.110000,-0.467605,-0.033893,-0.018331,0.214177,0.016702,0.000258,0.214828
456743.000000,-2.710000,-0.610000,0.000000,-1.343010,-0.258798,-0.011175,0.181815,0.008923,0.000312,0.182034
456759.000000,-2.070000,-0.710000,0.010000,-1.626818,-0.434942,-0.006812,0.146881,-0.002037,0.000294,0.146895
456773.000000,-0.750000,-0.570000,-0.130000,-1.284519,-0.487667,-0.004153,0.129787,-0.010798,-0.000234,0.130236
456787.000000,-0.070000,-0.460000,-0.150000,-0.783058,-0.476866,-0.002532,0.123400,-0.018233,-0.000667,0.124742
456799.000000,1.430000,-0.370000,0.110000,0.080894,-0.435147,-0.001543,0.133279,-0.023508,0.000027,0.135336
456811.000000,1.620000,0.460000,-0.240000,0.681743,-0.085692,-0.000941,0.149359,-0.021483,-0.000676,0.150898
456825.000000,1.560000,0.880000,-0.010000,1.024604,0.291303,-0.000574,0.169703,-0.012448,-0.000421,0.170159
456839.000000,1.770000,0.810000,-0.110000,1.315598,0.493796,-0.000350,0.192578,-0.002098,-0.000521,0.192591
456851.000000,1.620000,0.470000,0.000000,1.434433,0.484506,-0.000213,0.211578,0.004256,-0.000228,0.211621
456863.000000,0.960000,0.300000,0.020000,1.249220,0.412477,-0.000130,0.224850,0.008426,0.000069,0.225008
456880.000000,-0.940000,-0.530000,0.290000,0.394574,0.044545,-0.000079,0.218610,0.003529,0.001304,0.218642
456895.000000,-0.830000,-0.520000,-0.170000,-0.083485,-0.175847,-0.000048,0.207629,-0.003546,0.000280,0.207659
456912.000000,-1.390000,-0.090000,-0.050000,-0.593533,-0.107198,-0.000029,0.186658,-0.007385,-0.000069,0.186804
456926.000000,-1.640000,0.060000,0.250000,-1.002061,-0.065349,-0.000018,0.164833,-0.008044,0.000922,0.165031
456940.000000,-1.450000,0.020000,0.050000,-1.176931,-0.039838,-0.000011,0.143502,-0.008344,0.000900,0.143747
456954.000000,-0.980000,-0.130000,0.100000,-1.100052,-0.024286,-0.000007,0.126926,-0.010006,0.000948,0.127323
456971.000000,-1.300000,-0.130000,0.050000,-1.178109,-0.014805,-0.000004,0.104721,-0.012521,0.000748,0.105470
456985.000000,-1.800000,0.000000,0.010000,-1.420888,-0.009025,-0.000002,0.081023,-0.000086,0.000497,0.081024
456999.000000,-2.100000,-0.350000,0.020000,-1.686005,-0.142138,-0.000002,0.052760,-0.003951,0.000384,0.052909
457013.000000,-2.020000,-0.590000,0.020000,-1.816393,-0.316978,-0.000001,0.023912,-0.011093,0.000331,0.026362
457030.000000,0.230000,0.270000,0.020000,-1.017505,-0.087829,-0.000001,0.015445,-0.010726,0.000292,0.018806
457044.000000,0.040000,0.020000,-0.030000,-0.620283,-0.053541,-0.000000,0.013172,-0.010640,0.000099,0.016933
457061.000000,0.080000,0.110000,0.000000,-0.378132,-0.032639,-0.000000,0.012600,-0.009544,0.000078,0.015807
457075.000000,0.110000,0.120000,0.000000,-0.230514,-0.019897,-0.000000,0.012964,-0.008298,0.000089,0.015392
457089.000000,-0.440000,-0.250000,-0.020000,-0.312295,-0.109727,-0.000000,0.008188,-0.000966,0.000024,0.008245
457103.000000,-0.030000,-0.270000,-0.010000,-0.190379,-0.172296,-0.000000,0.005888,-0.004352,0.000016,0.007322
457120.000000,0.890000,1.330000,-0.040000,0.231389,0.414183,-0.000000,0.014946,0.010119,-0.000097,0.018050
457134.000000,0.230000,0.430000,0.000000,0.230846,0.420358,-0.000000,0.018864,0.017808,-0.000019,0.025942
457148.000000,0.100000,0.150000,-0.010000,0.140727,0.314813,-0.000000,0.020447,0.021485,0.000009,0.029659
457163.000000,0.090000,0.130000,0.000000,0.085789,0.191914,-0.000000,0.021287,0.023924,0.000056,0.032023
457180.000000,-0.630000,-0.290000,-0.180000,-0.193647,0.003780,-0.000000,0.013380,0.021180,-0.000601,0.025060
457195.000000,-1.040000,-0.250000,0.210000,-0.524053,-0.095292,-0.000000,-0.000247,0.017722,0.000437,0.017729
457212.000000,-1.030000,-0.350000,-0.020000,-0.721569,-0.194727,-0.000000,-0.017833,0.012259,0.000311,0.021643
457226.000000,-1.300000,-0.160000,-0.010000,-0.947381,-0.181170,-0.000000,-0.035491,0.009241,0.000173,0.036675
457274.000000,-0.810000,-0.340000,0.790000,-0.893749,-0.243175,0.308407,-0.082834,-0.005631,0.027279,0.087392
457286.000000,-0.130000,-0.520000,1.690000,-0.544840,-0.351244,0.847764,-0.087967,-0.011200,0.043610,0.098821
457299.000000,2.310000,1.170000,-1.950000,0.569656,0.242631,-0.244450,-0.069147,-0.002457,0.031283,0.075934
457313.000000,0.850000,0.370000,2.430000,0.679099,0.292355,0.799624,-0.055309,0.003894,0.051234,0.075493
457330.000000,0.600000,0.180000,1.130000,0.648220,0.248493,0.928599,-0.043824,0.008228,0.072093,0.084768
457344.000000,1.180000,0.040000,-0.580000,0.855820,0.151484,0.339660,-0.029996,0.009590,0.071681,0.078294
457361.000000,1.550000,0.310000,-0.020000,1.126820,0.213367,0.207061,-0.007209,0.013654,0.071438,0.073087
457376.000000,1.540000,0.580000,-0.080000,1.288121,0.356496,0.126227,0.014379,0.020712,0.070661,0.075024
457390.000000,1.180000,0.700000,-0.010000,1.245912,0.490596,0.076949,0.031414,0.029448,0.070464,0.082579
457406.000000,0.680000,0.600000,-0.040000,1.024986,0.533306,0.046909,0.044216,0.039048,0.002675,0.059051
457422.000000,0.300000,0.340000,-0.010000,0.741960,0.457842,0.028596,0.050762,0.045622,0.000553,0.068253
457436.000000,0.140000,0.200000,0.010000,0.452308,0.357183,0.017433,0.053279,0.049207,0.000021,0.072526
457450.000000,0.110000,0.140000,-0.020000,0.275732,0.217743,0.010627,0.054540,0.051554,-0.000259,0.075050
457464.000000,-0.030000,0.080000,0.000000,0.168090,0.132739,0.006478,0.054051,0.052942,-0.000313,0.075660
457481.000000,-1.480000,-0.480000,-0.250000,-0.475305,-0.106467,0.003949,0.035565,0.047614,-0.001256,0.059443
457495.000000,-1.450000,-0.550000,-0.030000,-0.855815,-0.279617,0.002408,0.016215,0.040807,-0.001019,0.043923
457513.000000,-1.370000,-0.490000,0.640000,-1.056546,-0.361748,0.251316,-0.009248,0.031879,0.006090,0.033747
457530.000000,0.700000,0.300000,-0.190000,-0.370811,-0.103409,0.153205,-0.008828,0.032797,0.005477,0.034403
457544.000000,1.070000,0.480000,-0.150000,0.191664,0.124347,0.093396,0.001189,0.037628,0.003553,0.037814
457561.000000,1.720000,0.740000,-0.070000,0.788309,0.364690,0.056935,0.024610,0.048072,0.001652,0.054031
457575.000000,1.900000,0.760000,0.000000,1.222300,0.519015,0.034708,0.048444,0.058000,0.000880,0.075575
457589.000000,0.400000,0.500000,0.000000,0.901284,0.511592,0.021159,0.058941,0.065778,0.000034,0.088322
457604.000000,0.110000,0.120000,-0.020000,0.549433,0.311872,0.012899,0.062856,0.069431,-0.000220,0.093656
457622.000000,0.100000,0.160000,0.000000,0.334941,0.252583,0.007863,0.064789,0.072633,-0.000256,0.097330
457636.000000,0.080000,0.180000,0.000000,0.204184,0.224248,0.004793,0.065451,0.075043,-0.000256,0.099576
457652.000000,0.110000,0.130000,-0.010000,0.124473,0.136704,0.002922,0.066255,0.077211,-0.000286,0.101742
457666.000000,0.130000,0.130000,0.000000,0.075880,0.083336,0.001781,0.067167,0.078954,-0.000269,0.103659
457682.000000,0.090000,0.150000,0.000000,0.046257,0.109361,0.001086,0.067833,0.081117,-0.000248,0.105742
457696.000000,0.120000,0.090000,0.000000,0.028199,0.066668,0.000662,0.000114,0.082466,-0.000239,0.082467
457714.000000,0.110000,0.110000,-0.050000,0.017190,0.040641,0.000404,0.000115,0.000825,-0.000412,0.000929
457731.000000,0.100000,0.180000,0.010000,0.010480,0.095045,0.000246,0.000084,0.002274,-0.000288,0.002294
457745.000000,0.100000,0.140000,0.000000,0.006388,0.057941,0.000150,0.000064,0.003284,-0.000244,0.003294
457762.000000,0.130000,0.110000,0.000000,0.003894,0.035321,0.000091,0.000165,0.004087,-0.000217,0.004096
457776.000000,0.080000,0.130000,0.000000,0.002374,0.021532,0.000056,0.000047,0.004840,-0.000209,0.004845
457791.000000,0.090000,0.140000,-0.010000,0.001447,0.013126,0.000034,-0.000007,0.005781,-0.000242,0.005786
457805.000000,0.120000,0.110000,0.000000,0.000882,0.008002,0.000021,0.000082,0.000647,-0.000227,0.000691
457823.000000,0.110000,0.130000,-0.010000,0.000538,0.004878,0.000013,0.000106,0.000414,-0.000237,0.000489
457838.000000,0.080000,0.120000,0.000000,0.000328,0.002974,0.000008,0.000003,0.000356,-0.000213,0.000415
457863.000000,0.070000,0.150000,-0.010000,0.000200,0.060371,0.000005,-0.000101,0.000380,-0.000197,0.000440
457877.000000,0.080000,0.150000,-0.020000,0.000122,0.095361,0.000003,-0.000118,0.000457,-0.000259,0.000538
457891.000000,0.070000,0.090000,0.040000,0.000074,0.058133,0.000002,-0.000162,0.000295,-0.000087,0.000348
457905.000000,0.070000,0.070000,0.070000,0.000045,0.035439,0.000001,-0.000188,0.000095,0.000152,0.000260
457922.000000,0.050000,0.100000,-0.020000,0.000028,0.021604,0.000001,-0.000267,0.000084,-0.000052,0.000285
457936.000000,0.040000,0.120000,0.050000,0.000017,0.013170,0.000000,-0.000351,0.000174,0.000057,0.000396
457952.000000,0.150000,0.120000,-0.050000,0.058568,0.008029,0.000000,0.000020,0.000235,-0.000227,0.000327
457966.000000,0.080000,0.100000,-0.020000,0.035704,0.004894,0.000000,0.000000,0.000190,-0.000304,0.000359
457982.000000,0.070000,0.140000,-0.020000,0.021766,0.002984,0.000000,-0.000089,0.000300,-0.000322,0.000449
457996.000000,0.130000,0.170000,-0.040000,0.013269,0.068185,0.000000,0.000078,0.001295,-0.000400,0.001358
458013.000000,0.120000,0.130000,0.010000,0.008089,0.041566,0.000000,0.000163,0.002173,-0.000247,0.002193
458030.000000,0.070000,0.110000,0.000000,0.004931,0.025339,0.000000,0.000004,0.002713,-0.000179,0.002718
458044.000000,0.070000,0.080000,0.040000,0.003006,0.015447,0.000000,-0.000096,0.002780,-0.000014,0.002781
458061.000000,0.100000,0.120000,-0.050000,0.001832,0.009417,0.000000,-0.000035,0.003200,-0.000245,0.003209
458075.000000,0.080000,0.140000,-0.010000,0.001117,0.005741,0.000000,-0.000061,0.000386,-0.000257,0.000468
458089.000000,0.050000,0.110000,0.040000,0.000681,0.003500,0.000000,-0.000196,0.000256,-0.000060,0.000328
458103.000000,0.110000,0.080000,-0.070000,0.000415,0.002133,0.000000,-0.000060,0.000094,-0.000332,0.000350
458123.000000,0.090000,0.090000,0.010000,0.000253,0.001301,0.000000,-0.000020,0.000020,-0.000206,0.000207
458137.000000,0.090000,0.100000,0.000000,0.000154,0.000793,0.000000,-0.000016,0.000036,-0.000161,0.000166
458152.000000,0.070000,0.120000,0.010000,0.000094,0.000483,0.000000,-0.000092,0.000129,-0.000102,0.000188
458166.000000,0.070000,0.110000,-0.010000,0.000057,0.000295,0.000000,-0.000140,0.000149,-0.000142,0.000249
458181.000000,0.070000,0.110000,0.000000,0.000035,0.000180,0.000000,-0.000164,0.000151,-0.000136,0.000261
458195.000000,0.060000,0.080000,0.010000,0.000021,0.000109,0.000000,-0.000209,0.000040,-0.000091,0.000232
458212.000000,0.060000,0.110000,0.000000,0.000013,0.000067,0.000000,-0.000230,0.000074,-0.000094,0.000259
458227.000000,0.050000,0.120000,0.000000,0.000008,0.000041,0.000000,-0.000276,0.000144,-0.000102,0.000328
458242.000000,0.090000,0.100000,-0.010000,0.000005,0.000025,0.000000,-0.000155,0.000113,-0.000144,0.000240
458256.000000,0.080000,0.110000,-0.010000,0.000003,0.000015,0.000000,-0.000109,0.000122,-0.000171,0.000237
458272.000000,0.050000,0.100000,0.020000,0.000002,0.000009,0.000000,-0.000201,0.000091,-0.000066,0.000230
458286.000000,0.050000,0.090000,0.000000,0.000001,0.000006,0.000000,-0.000263,0.000034,-0.000073,0.000275
458302.000000,0.070000,0.110000,-0.030000,0.000001,0.000003,0.000000,-0.000215,0.000073,-0.000201,0.000304
458316.000000,0.070000,0.120000,0.000000,0.000000,0.000002,0.000000,-0.000181,0.000141,-0.000169,0.000285
458333.000000,0.060000,0.060000,-0.010000,0.000000,0.000001,0.000000,-0.000192,-0.000050,-0.000166,0.000259
458350.000000,0.050000,0.110000,-0.030000,0.000000,0.000001,0.000000,-0.000237,0.000016,-0.000240,0.000338
458364.000000,0.070000,0.080000,-0.030000,0.000000,0.000000,0.000000,-0.000197,-0.000036,-0.000290,0.000353
458381.000000,0.070000,0.100000,0.020000,0.000000,0.000000,0.000000,-0.000157,-0.000002,-0.000118,0.000197
458395.000000,0.050000,0.110000,-0.040000,0.000000,0.000000,0.000000,-0.000214,0.000060,-0.000232,0.000321
458412.000000,-0.110000,0.080000,0.000000,0.000000,0.000000,0.000000,-0.000859,-0.000016,-0.000169,0.000875
458431.000000,-0.450000,0.090000,-0.010000,-0.175675,0.000000,0.000000,-0.008766,-0.000030,-0.000147,0.008767
458445.000000,-0.490000,-0.180000,0.000000,-0.298384,-0.070270,0.000000,-0.016130,-0.001000,-0.000113,0.016161
458462.000000,-0.240000,-0.120000,-0.060000,-0.275591,-0.042837,0.000000,-0.022657,-0.001437,-0.000315,0.022705
458477.000000,0.340000,0.020000,0.000000,-0.035272,-0.026114,0.000000,-0.021687,-0.001078,-0.000220,0.021715
458491.000000,0.270000,0.140000,-0.040000,0.083903,-0.015919,0.000000,-0.019583,-0.000376,-0.000288,0.019589
458505.000000,0.340000,0.190000,0.010000,0.183880,0.064469,0.000000,-0.016434,0.000672,-0.000159,0.016449
458522.000000,0.310000,0.280000,0.020000,0.233116,0.148610,0.000000,-0.012587,0.003365,-0.000014,0.013029
458536.000000,0.150000,0.230000,0.000000,0.200668,0.180384,0.000000,-0.010980,0.005444,-0.000018,0.012256
458550.000000,-0.080000,0.140000,-0.010000,0.122330,0.109964,0.000000,-0.012096,0.006600,-0.000072,0.013780
458564.000000,0.340000,0.080000,0.000000,0.207306,0.067035,0.000000,-0.009913,0.006890,-0.000070,0.012072
458581.000000,-0.050000,0.000000,0.000000,0.126376,0.040866,0.000000,-0.010701,0.005975,-0.000059,0.012256
458595.000000,-0.070000,-0.010000,-0.020000,0.077040,0.024912,0.000000,-0.012396,0.004811,-0.000126,0.013297
458612.000000,0.120000,0.170000,0.000000,0.046965,0.081553,0.000000,-0.012574,0.005389,-0.000095,0.013680
458626.000000,0.100000,0.230000,0.000000,0.028630,0.139505,0.000000,-0.012452,0.006946,-0.000071,0.014258
458640.000000,0.060000,0.220000,0.000000,0.017453,0.170929,0.000000,-0.000511,0.008728,-0.000057,0.008743
458654.000000,0.130000,0.220000,0.000000,0.010640,0.190086,0.000000,0.000022,0.010578,-0.000050,0.010579
458671.000000,0.030000,0.140000,-0.030000,0.006486,0.115879,0.000000,-0.000080,0.011898,-0.000159,0.011899
458685.000000,0.140000,0.200000,0.000000,0.003954,0.148719,0.000000,0.000198,0.013344,-0.000117,0.013346
458699.000000,0.040000,0.130000,0.000000,0.002410,0.090661,0.000000,0.000029,0.014211,-0.000078,0.014211
458713.000000,0.070000,0.150000,-0.040000,0.001469,0.113826,0.000000,-0.000006,0.015101,-0.000205,0.015102
458729.000000,-0.170000,0.070000,0.050000,-0.065470,0.069390,0.000000,-0.000922,0.015229,0.000052,0.015257
458741.000000,-0.080000,0.160000,-0.030000,-0.039911,0.104763,0.000000,-0.001151,0.015882,-0.000064,0.015924
458755.000000,0.250000,0.090000,0.000000,0.073267,0.063865,0.000000,0.000002,0.000567,-0.000067,0.000571
458772.000000,0.160000,0.060000,0.000000,0.107126,0.038933,0.000000,0.001532,0.000025,-0.000049,0.001533
458786.000000,0.150000,0.110000,-0.010000,0.123864,0.023734,0.000000,0.002726,-0.000005,-0.000076,0.002727
458800.000000,0.010000,0.080000,-0.090000,0.075509,0.014468,0.000000,0.002527,-0.000086,-0.000393,0.002559
458814.000000,0.090000,0.080000,0.000000,0.046031,0.008820,0.000000,0.002695,-0.000138,-0.000268,0.002712
458832.000000,-0.020000,0.040000,-0.010000,0.028061,0.005377,0.000000,0.001667,-0.000308,-0.000164,0.001703
458846.000000,-0.060000,0.030000,-0.020000,0.017106,0.003278,0.000000,0.000184,-0.000443,-0.000162,0.000506
458862.000000,0.270000,0.130000,0.020000,0.115833,0.001998,0.000000,0.001952,-0.000137,-0.000017,0.001957
458876.000000,0.110000,0.150000,-0.020000,0.070613,0.059776,0.000000,0.002840,0.000138,-0.000074,0.002844
458892.000000,0.040000,0.050000,0.020000,0.043047,0.036440,0.000000,0.002844,-0.000083,0.000024,0.002845
458906.000000,0.000000,0.030000,0.010000,0.026242,0.022214,0.000000,0.002191,-0.000323,0.000055,0.002215
458922.000000,-0.130000,-0.180000,-0.020000,0.015997,-0.056728,0.000000,-0.000237,-0.001256,-0.000049,0.001279
458936.000000,-0.010000,-0.100000,0.110000,0.009752,-0.034582,0.000000,-0.000087,-0.001514,0.000359,0.001558
458948.000000,-0.090000,-0.040000,0.010000,0.005945,-0.021082,0.000000,-0.000644,-0.001405,0.000287,0.001572
458961.000000,0.020000,0.270000,0.010000,0.003624,0.092553,0.000000,-0.000628,-0.000356,0.000186,0.000745
458975.000000,-0.250000,0.130000,0.050000,-0.095388,0.056422,0.000000,-0.003987,0.000369,0.000267,0.004013
458989.000000,0.030000,0.070000,0.000000,-0.058149,0.034395,0.000000,-0.005315,0.000385,0.000146,0.005331
459003.000000,0.030000,0.190000,0.000000,-0.035449,0.095142,0.000000,-0.006033,0.001364,0.000053,0.006185
459020.000000,0.090000,0.100000,-0.020000,-0.021610,0.057999,0.000000,-0.005968,0.001833,-0.000075,0.006244
459034.000000,0.470000,0.180000,0.000000,0.170309,0.105627,0.000000,-0.001960,0.002825,-0.000068,0.003439
459049.000000,-0.410000,0.000000,0.070000,-0.056237,0.064391,0.000000,-0.005634,0.002193,0.000213,0.006050
459063.000000,-0.240000,0.030000,0.020000,-0.127976,0.039254,0.000000,-0.009629,0.001423,0.000207,0.009735
459080.000000,-0.810000,-0.010000,0.180000,-0.394230,0.023930,0.000000,-0.021468,-0.000055,0.000775,0.021482
459094.000000,0.130000,0.210000,-0.110000,-0.240327,0.096569,0.000000,-0.023733,0.000750,0.000064,0.023745
459111.000000,0.510000,0.300000,-0.050000,0.052592,0.175986,0.000000,-0.019234,0.003536,-0.000264,0.019558
459125.000000,0.760000,0.150000,0.000000,0.328756,0.165842,0.000000,-0.011288,0.004807,-0.000200,0.012270
459139.000000,0.490000,-0.040000,-0.030000,0.391703,0.101099,0.000000,-0.004716,0.003908,-0.000237,0.006129
459151.000000,0.040000,0.080000,-0.010000,0.238787,0.061631,0.000000,-0.003216,0.003588,-0.000199,0.004823
459165.000000,0.060000,0.060000,0.000000,0.145567,0.037571,0.000000,-0.002717,0.003177,-0.000125,0.004182
459182.000000,0.050000,0.080000,-0.010000,0.088740,0.022904,0.000000,-0.002685,0.002901,-0.000109,0.003954
459199.000000,0.080000,0.080000,0.000000,0.054097,0.013962,0.000000,-0.002469,0.000100,-0.000070,0.002472
459213.000000,0.060000,0.090000,0.000000,0.032978,0.008512,0.000000,-0.002441,0.000002,-0.000050,0.002441
459230.000000,0.060000,0.090000,0.000000,0.020104,0.005189,0.000000,-0.000084,-0.000022,-0.000038,0.000095
459242.000000,0.060000,0.070000,0.000000,0.012255,0.003163,0.000000,-0.000030,-0.000095,-0.000035,0.000106
459254.000000,0.050000,0.070000,-0.010000,0.007471,0.001928,0.000000,-0.000048,-0.000150,-0.000070,0.000172
459271.000000,0.040000,0.070000,0.010000,0.004554,0.001176,0.000000,-0.000105,-0.000172,-0.000016,0.000202
459285.000000,0.050000,0.060000,0.010000,0.002776,0.000717,0.000000,-0.000100,-0.000215,0.000020,0.000238
459301.000000,-0.010000,0.090000,0.000000,0.001693,0.000437,0.000000,-0.000316,-0.000127,0.000001,0.000341
459315.000000,-0.200000,0.040000,0.010000,-0.077046,0.000266,0.000000,-0.001146,-0.000251,0.000022,0.001174
459332.000000,0.090000,0.050000,0.010000,-0.046968,0.000162,0.000000,-0.000558,-0.000300,0.000038,0.000635
459346.000000,-0.110000,0.030000,0.000000,-0.028632,0.000099,0.000000,-0.000861,-0.000393,0.000009,0.000946
459360.000000,0.060000,-0.010000,-0.030000,-0.017455,0.000060,0.000000,-0.000499,-0.000602,-0.000123,0.000792
459372.000000,0.110000,0.100000,0.000000,-0.010641,0.000037,0.000000,-0.000056,-0.000342,-0.000100,0.000360
459386.000000,0.200000,0.240000,0.010000,0.071591,0.093716,0.000000,0.001515,0.001079,-0.000028,0.001860
459401.000000,0.210000,0.120000,-0.020000,0.125624,0.057130,0.000000,0.003672,0.001872,-0.000095,0.004123
459415.000000,0.140000,0.050000,-0.020000,0.076582,0.034827,0.000000,0.005132,0.001723,-0.000145,0.005415
459432.000000,0.050000,0.070000,-0.010000,0.046685,0.021231,0.000000,0.005631,0.001456,-0.000129,0.005818
459446.000000,0.050000,0.060000,0.000000,0.028460,0.012943,0.000000,0.005728,0.001117,-0.000080,0.005836
459460.000000,0.040000,0.040000,0.000000,0.017350,0.007890,0.000000,0.005632,0.000061,-0.000048,0.005633
459474.000000,0.050000,0.040000,0.000000,0.010576,0.004810,0.000000,0.005577,-0.000202,-0.000032,0.005581
459488.000000,0.050000,0.060000,0.000000,0.006448,0.002932,0.000000,0.000484,-0.000250,-0.000024,0.000545
459502.000000,0.050000,0.060000,-0.020000,0.003930,0.001787,0.000000,0.000124,-0.000249,-0.000095,0.000294
459516.000000,0.050000,0.070000,-0.010000,0.002396,0.001090,0.000000,0.000001,-0.000203,-0.000106,0.000229
459532.000000,0.050000,0.070000,0.000000,0.001461,0.000664,0.000000,-0.000046,-0.000165,-0.000064,0.000182
459546.000000,0.040000,0.060000,0.010000,0.000890,0.000405,0.000000,-0.000098,-0.000185,-0.000001,0.000209
459562.000000,0.040000,0.070000,0.000000,0.000543,0.000247,0.000000,-0.000128,-0.000160,0.000001,0.000205
459576.000000,0.040000,0.070000,-0.010000,0.000331,0.000150,0.000000,-0.000141,-0.000145,-0.000042,0.000206
459592.000000,0.040000,0.050000,0.010000,0.000202,0.000092,0.000000,-0.000143,-0.000209,0.000005,0.000253
459606.000000,0.060000,0.070000,-0.020000,0.000123,0.000056,0.000000,-0.000072,-0.000178,-0.000071,0.000204
459622.000000,0.050000,0.060000,-0.020000,0.000075,0.000034,0.000000,-0.000057,-0.000183,-0.000128,0.000231
459636.000000,0.060000,0.080000,0.020000,0.000046,0.000021,0.000000,-0.000021,-0.000118,-0.000008,0.000120
459653.000000,0.030000,0.080000,-0.080000,0.000028,0.000013,0.000000,-0.000110,-0.000068,-0.000299,0.000326
459671.000000,0.050000,0.050000,-0.060000,0.000017,0.000008,0.000000,-0.000089,-0.000155,-0.000403,0.000441
459686.000000,-0.020000,0.000000,0.000000,0.000010,0.000005,0.000000,-0.000328,-0.000398,-0.000229,0.000565
459702.000000,-0.130000,-0.130000,0.080000,0.000006,0.000003,0.000000,-0.000901,-0.001038,0.000201,0.001389
459716.000000,0.000000,0.040000,-0.110000,0.000004,0.000002,0.000000,-0.000761,-0.000795,-0.000245,0.001128
459732.000000,-0.050000,0.120000,0.070000,0.000002,0.000001,0.000000,-0.000777,-0.000237,0.000088,0.000817
459746.000000,0.030000,0.210000,-0.070000,0.000001,0.081982,0.000000,-0.000515,0.001080,-0.000171,0.001209
459763.000000,0.280000,0.060000,0.020000,0.109310,0.049977,0.000000,0.002009,0.001343,-0.000038,0.002416
459781.000000,0.200000,0.000000,0.000000,0.144714,0.030467,0.000000,0.004700,0.000440,-0.000001,0.004721
459795.000000,0.050000,0.070000,-0.010000,0.088219,0.018573,0.000000,0.005329,0.000148,-0.000029,0.005331
459812.000000,0.080000,0.070000,0.000000,0.053780,0.011322,0.000000,0.005915,-0.000057,-0.000013,0.005915
459827.000000,0.050000,0.070000,0.000000,0.032785,0.006902,0.000000,0.006070,-0.000019,-0.000001,0.006070
459842.000000,-0.010000,0.050000,0.000000,0.019986,0.004208,0.000000,0.005487,-0.000116,0.000006,0.005488
459856.000000,-0.090000,0.080000,0.000000,0.012184,0.002565,0.000000,0.000340,-0.000070,0.000009,0.000347
459872.000000,0.000000,0.010000,0.010000,0.007427,0.001564,0.000000,-0.000248,-0.000288,0.000048,0.000383
459886.000000,-0.190000,-0.050000,-0.040000,-0.069646,0.000953,0.000000,-0.001081,-0.000648,-0.000111,0.001265
459900.000000,-0.470000,-0.120000,-0.080000,-0.225939,0.000581,0.000000,-0.006982,-0.001133,-0.000372,0.007083
459914.000000,-0.190000,-0.120000,-0.190000,-0.211909,0.000354,0.000000,-0.011114,-0.001411,-0.000936,0.011242
459931.000000,-0.260000,-0.030000,-0.020000,-0.230683,0.000216,0.000000,-0.016320,-0.001135,-0.000604,0.016371
459945.000000,0.270000,0.050000,-0.090000,-0.035222,0.000132,0.000000,-0.015460,-0.000678,-0.000616,0.015487
459961.000000,-0.290000,0.030000,0.310000,-0.134685,0.000080,0.121020,-0.018985,-0.000447,0.000871,0.019010
459975.000000,0.000000,0.070000,-0.190000,-0.082105,0.000049,0.073775,-0.020410,-0.000214,-0.000043,0.020411
459989.000000,0.910000,0.310000,-0.020000,0.305201,0.121050,0.044974,-0.012419,0.002147,-0.000184,0.012604
460003.000000,0.590000,0.370000,-0.060000,0.416383,0.218237,0.027417,-0.004739,0.005840,-0.000323,0.007528
460020.000000,0.330000,0.120000,0.010000,0.382660,0.133040,0.016714,0.001378,0.007834,-0.000121,0.007955
460034.000000,0.060000,0.060000,-0.010000,0.233274,0.081103,0.010189,0.002978,0.008273,-0.000063,0.008793
460051.000000,0.060000,0.040000,-0.030000,0.142207,0.049441,0.006211,0.003668,0.008130,-0.000117,0.008920
460068.000000,0.060000,0.050000,0.000000,0.086691,0.030140,0.003786,0.003982,0.007903,-0.000041,0.008849
460082.000000,0.050000,0.050000,0.000000,0.052848,0.018374,0.002308,0.004050,0.007695,0.000008,0.008696
460096.000000,0.050000,0.060000,0.000000,0.032217,0.011201,0.001407,0.004060,0.000612,0.000034,0.004106
460112.000000,0.050000,0.060000,-0.010000,0.019640,0.006828,0.000858,0.000169,0.000121,0.000008,0.000208
460126.000000,0.060000,0.070000,-0.020000,0.011973,0.004163,0.000523,0.000067,0.000011,-0.000048,0.000083
460142.000000,0.040000,0.040000,-0.010000,0.007299,0.002538,0.000319,-0.000031,-0.000132,-0.000045,0.000143
460158.000000,0.050000,0.050000,0.000000,0.004449,0.001547,0.000194,-0.000045,-0.000170,0.000001,0.000176
460172.000000,0.060000,0.050000,0.000000,0.002712,0.000943,0.000118,-0.000008,-0.000182,0.000030,0.000184
460186.000000,0.050000,0.050000,-0.010000,0.001653,0.000575,0.000072,-0.000018,-0.000186,0.000007,0.000187
460202.000000,0.030000,0.060000,-0.030000,0.001008,0.000350,0.000044,-0.000105,-0.000144,-0.000088,0.000199
460216.000000,0.070000,0.040000,0.010000,0.000614,0.000214,0.000027,-0.000011,-0.000192,0.000003,0.000192
460242.000000,0.050000,0.060000,0.000000,0.000375,0.000130,0.000016,-0.000010,-0.000117,0.000035,0.000123
460254.000000,0.080000,0.060000,0.000000,0.000228,0.000079,0.000010,0.000077,-0.000103,0.000045,0.000136
460270.000000,-0.010000,0.040000,-0.010000,0.000139,0.000048,0.000006,-0.000193,-0.000171,0.000013,0.000258
460285.000000,-0.090000,0.070000,0.010000,0.000085,0.000030,0.000004,-0.000668,-0.000101,0.000065,0.000678
460299.000000,0.130000,0.060000,0.000000,0.000052,0.000018,0.000002,-0.000143,-0.000086,0.000066,0.000180
460313.000000,0.020000,0.040000,0.000000,0.000032,0.000011,0.000001,-0.000142,-0.000158,0.000061,0.000221
460331.000000,0.160000,0.050000,-0.020000,0.062481,0.000007,0.000001,0.000341,-0.000161,-0.000024,0.000378
460343.000000,0.140000,0.060000,-0.010000,0.038089,0.000004,0.000001,0.000540,-0.000127,-0.000034,0.000556
460358.000000,0.050000,0.060000,0.000000,0.023220,0.000002,0.000000,0.000312,-0.000100,0.000004,0.000327
460382.000000,0.030000,0.050000,0.020000,0.014155,0.000002,0.000000,0.000010,-0.000105,0.000101,0.000146
460396.000000,0.050000,0.030000,-0.010000,0.008629,0.000001,0.000000,-0.000030,-0.000196,0.000051,0.000204
460411.000000,0.060000,0.070000,0.000000,0.005260,0.000001,0.000000,-0.000002,-0.000112,0.000044,0.000121
460425.000000,0.030000,0.060000,0.050000,0.003207,0.000000,0.000000,-0.000089,-0.000083,0.000230,0.000260
460439.000000,0.070000,0.060000,-0.020000,0.001955,0.000000,0.000000,-0.000003,-0.000072,0.000096,0.000120
460453.000000,0.070000,0.040000,0.030000,0.001192,0.000000,0.000000,0.000065,-0.000141,0.000169,0.000230
460471.000000,0.060000,0.050000,-0.030000,0.000726,0.000000,0.000000,0.000060,-0.000143,-0.000004,0.000156
460485.000000,0.060000,0.050000,-0.020000,0.000443,0.000000,0.000000,0.000052,-0.000142,-0.000072,0.000167
460501.000000,0.060000,0.040000,-0.040000,0.000270,0.000000,0.000000,0.000046,-0.000176,-0.000179,0.000255
460515.000000,0.050000,0.040000,0.020000,0.000165,0.000000,0.000000,0.000007,-0.000198,-0.000018,0.000199
460531.000000,0.030000,0.070000,-0.030000,0.000100,0.000000,0.000000,-0.000096,-0.000092,-0.000084,0.000157
460545.000000,0.030000,0.040000,0.100000,0.000061,0.000000,0.000000,-0.000155,-0.000135,0.000332,0.000390
460561.000000,0.050000,0.060000,0.020000,0.000037,0.000000,0.000000,-0.000106,-0.000097,0.000319,0.000350
460575.000000,0.050000,0.040000,0.000000,0.000023,0.000000,0.000000,-0.000071,-0.000143,0.000193,0.000250
460590.000000,0.040000,0.030000,-0.060000,0.000014,0.000000,0.000000,-0.000088,-0.000214,-0.000120,0.000261
460604.000000,0.030000,0.060000,-0.020000,0.000008,0.000000,0.000000,-0.000139,-0.000144,-0.000159,0.000256
460621.000000,0.070000,0.050000,-0.030000,0.000005,0.000000,0.000000,-0.000015,-0.000119,-0.000183,0.000219
460635.000000,0.040000,0.060000,-0.030000,0.000003,0.000000,0.000000,-0.000047,-0.000079,-0.000197,0.000217
460651.000000,0.040000,0.060000,0.000000,0.000002,0.000000,0.000000,-0.000080,-0.000051,-0.000087,0.000129
460665.000000,0.060000,0.050000,-0.010000,0.000001,0.000000,0.000000,-0.000024,-0.000076,-0.000055,0.000096
460683.000000,0.050000,0.070000,0.030000,0.000001,0.000000,0.000000,-0.000018,-0.000015,0.000112,0.000115
460701.000000,0.060000,0.020000,-0.020000,0.000000,0.000000,0.000000,0.000016,-0.000164,0.000015,0.000166
460715.000000,0.050000,0.050000,-0.040000,0.000000,0.000000,0.000000,0.000000,-0.000153,-0.000125,0.000198
460731.000000,0.030000,0.060000,0.010000,0.000000,0.000000,0.000000,-0.000090,-0.000091,-0.000025,0.000130
460745.000000,0.010000,0.050000,0.010000,0.000000,0.000000,0.000000,-0.000217,-0.000091,0.000053,0.000241
460761.000000,0.020000,0.060000,0.010000,0.000000,0.000000,0.000000,-0.000254,-0.000057,0.000095,0.000277
460775.000000,0.040000,0.060000,-0.030000,0.000000,0.000000,0.000000,-0.000191,-0.000037,-0.000033,0.000197
460791.000000,0.050000,0.030000,0.000000,0.000000,0.000000,0.000000,-0.000101,-0.000139,-0.000013,0.000172
460805.000000,0.050000,0.040000,0.000000,0.000000,0.000000,0.000000,-0.000053,-0.000168,0.000014,0.000177
460821.000000,0.040000,0.040000,0.000000,0.000000,0.000000,0.000000,-0.000066,-0.000174,0.000031,0.000189
460835.000000,0.030000,0.050000,0.020000,0.000000,0.000000,0.000000,-0.000116,-0.000139,0.000111,0.000212
460851.000000,0.050000,0.050000,-0.020000,0.000000,0.000000,0.000000,-0.000072,-0.000111,0.000011,0.000132
460863.000000,0.050000,0.050000,0.000000,0.000000,0.000000,0.000000,-0.000042,-0.000100,0.000014,0.000109
460879.000000,0.040000,0.030000,0.010000,0.000000,0.000000,0.000000,-0.000060,-0.000169,0.000065,0.000191
460891.000000,0.040000,0.010000,0.000000,0.000000,0.000000,0.000000,-0.000075,-0.000281,0.000060,0.000297
460906.000000,0.040000,0.040000,-0.030000,0.000000,0.000000,0.000000,-0.000084,-0.000245,-0.000064,0.000267
460921.000000,0.030000,0.040000,0.000000,0.000000,0.000000,0.000000,-0.000123,-0.000200,-0.000030,0.000236
460935.000000,0.030000,0.020000,0.000000,0.000000,0.000000,0.000000,-0.000147,-0.000250,0.000005,0.000290
460951.000000,0.040000,0.060000,-0.010000,0.000000,0.000000,0.000000,-0.000118,-0.000131,-0.000013,0.000177
460965.000000,0.050000,0.030000,0.000000,0.000000,0.000000,0.000000,-0.000062,-0.000164,0.000009,0.000175
460981.000000,0.050000,0.050000,0.000000,0.000000,0.000000,0.000000,-0.000024,-0.000119,0.000026,0.000124
460993.000000,0.020000,0.040000,-0.020000,0.000000,0.000000,0.000000,-0.000114,-0.000127,-0.000036,0.000174
461011.000000,0.040000,0.030000,0.000000,0.000000,0.000000,0.000000,-0.000105,-0.000169,-0.000008,0.000199
461025.000000,0.040000,0.040000,0.000000,0.000000,0.000000,0.000000,-0.000090,-0.000158,0.000016,0.000183
461039.000000,0.040000,0.030000,0.000000,0.000000,0.000000,0.000000,-0.000082,-0.000186,0.000030,0.000206
461053.000000,0.050000,0.030000,-0.030000,0.000000,0.000000,0.000000,-0.000040,-0.000204,-0.000075,0.000221
461071.000000,0.030000,0.040000,-0.010000,0.000000,0.000000,0.000000,-0.000086,-0.000162,-0.000069,0.000196
461086.000000,0.040000,0.030000,0.000000,0.000000,0.000000,0.000000,-0.000082,-0.000177,-0.000018,0.000196
461102.000000,0.040000,0.030000,-0.020000,0.000000,0.000000,0.000000,-0.000074,-0.000189,-0.000060,0.000212
461120.000000,0.040000,0.020000,0.000000,0.000000,0.000000,0.000000,-0.000066,-0.000225,-0.000014,0.000235
461134.000000,0.050000,0.030000,0.000000,0.000000,0.000000,0.000000,-0.000029,-0.000216,0.000015,0.000219
461151.000000,0.050000,0.050000,-0.030000,0.000000,0.000000,0.000000,-0.000002,-0.000124,-0.000083,0.000149
461165.000000,0.030000,0.060000,-0.020000,0.000000,0.000000,0.000000,-0.000064,-0.000037,-0.000108,0.000131
461181.000000,0.050000,0.050000,0.020000,0.000000,0.000000,0.000000,-0.000032,-0.000021,0.000037,0.000053
461196.000000,0.040000,0.060000,0.000000,0.000000,0.000000,0.000000,-0.000043,0.000016,0.000055,0.000072
461211.000000,0.040000,0.050000,-0.010000,0.000000,0.000000,0.000000,-0.000053,0.000001,0.000015,0.000055
461285.000000,0.060000,0.040000,0.000000,0.000000,0.000000,0.000000,0.000012,-0.000047,0.000024,0.000054
461302.000000,0.040000,0.040000,-0.010000,0.000000,0.000000,0.000000,-0.000014,-0.000081,-0.000004,0.000082
461320.000000,0.040000,0.060000,-0.030000,0.000000,0.000000,0.000000,-0.000037,-0.000016,-0.000097,0.000105
461334.000000,0.040000,0.050000,0.010000,0.000000,0.000000,0.000000,-0.000050,-0.000014,-0.000007,0.000052
461351.000000,0.030000,0.030000,-0.030000,0.000000,0.000000,0.000000,-0.000093,-0.000094,-0.000086,0.000157
461365.000000,0.010000,0.040000,-0.010000,0.000000,0.000000,0.000000,-0.000191,-0.000106,-0.000070,0.000229
461381.000000,0.030000,0.040000,0.000000,0.000000,0.000000,0.000000,-0.000176,-0.000104,-0.000013,0.000205
461395.000000,0.030000,0.050000,0.000000,0.000000,0.000000,0.000000,-0.000157,-0.000066,0.000020,0.000171
461411.000000,0.040000,0.040000,-0.020000,0.000000,0.000000,0.000000,-0.000104,-0.000076,-0.000039,0.000134
461425.000000,0.020000,0.040000,-0.030000,0.000000,0.000000,0.000000,-0.000147,-0.000087,-0.000115,0.000206
461441.000000,0.050000,0.030000,0.020000,0.000000,0.000000,0.000000,-0.000066,-0.000130,0.000030,0.000148
461455.000000,0.040000,0.040000,-0.040000,0.000000,0.000000,0.000000,-0.000048,-0.000119,-0.000093,0.000158
461471.000000,0.030000,0.050000,0.000000,0.000000,0.000000,0.000000,-0.000081,-0.000066,-0.000039,0.000112
461485.000000,0.040000,0.050000,-0.010000,0.000000,0.000000,0.000000,-0.000067,-0.000036,-0.000030,0.000082
461505.000000,0.040000,0.040000,-0.010000,0.000000,0.000000,0.000000,-0.000048,-0.000054,-0.000026,0.000077
461519.000000,0.050000,0.030000,-0.010000,0.000000,0.000000,0.000000,-0.000007,-0.000107,-0.000026,0.000110
461531.000000,0.060000,0.050000,0.000000,0.000000,0.000000,0.000000,0.000054,-0.000072,0.000007,0.000090
461545.000000,0.050000,0.050000,0.000000,0.000000,0.000000,0.000000,0.000058,-0.000038,0.000034,0.000077
461561.000000,0.030000,0.040000,-0.010000,0.000000,0.000000,0.000000,-0.000026,-0.000056,0.000008,0.000062
461575.000000,0.030000,0.060000,0.000000,0.000000,0.000000,0.000000,-0.000078,0.000003,0.000026,0.000082
461591.000000,0.020000,0.040000,0.000000,0.000000,0.000000,0.000000,-0.000141,-0.000031,0.000040,0.000150
461606.000000,0.030000,0.030000,-0.030000,0.000000,0.000000,0.000000,-0.000137,-0.000095,-0.000064,0.000178
461621.000000,0.030000,0.030000,0.020000,0.000000,0.000000,0.000000,-0.000127,-0.000134,0.000053,0.000192
461635.000000,0.020000,0.030000,0.000000,0.000000,0.000000,0.000000,-0.000159,-0.000152,0.000066,0.000229
461649.000000,0.050000,0.050000,-0.010000,0.000000,0.000000,0.000000,-0.000069,-0.000086,0.000025,0.000113
461661.000000,0.050000,0.060000,0.000000,0.000000,0.000000,0.000000,-0.000009,-0.000006,0.000033,0.000034
461673.000000,0.030000,0.050000,-0.010000,0.000000,0.000000,0.000000,-0.000046,0.000009,0.000007,0.000047
461687.000000,0.050000,0.050000,0.000000,0.000000,0.000000,0.000000,-0.000006,0.000010,0.000024,0.000027
461701.000000,0.020000,0.050000,-0.010000,0.000000,0.000000,0.000000,-0.000086,0.000008,0.000001,0.000086
461715.000000,0.030000,0.070000,0.000000,0.000000,0.000000,0.000000,-0.000106,0.000081,0.000021,0.000135
461731.000000,0.050000,0.010000,0.010000,0.000000,0.000000,0.000000,-0.000032,-0.000099,0.000074,0.000128
461745.000000,0.030000,0.030000,0.010000,0.000000,0.000000,0.000000,-0.000058,-0.000143,0.000105,0.000187
461761.000000,0.050000,0.070000,0.000000,0.000000,0.000000,0.000000,-0.000006,-0.000002,0.000081,0.000081
461775.000000,0.050000,0.050000,-0.010000,0.000000,0.000000,0.000000,0.000028,0.000017,0.000027,0.000042
461791.000000,0.040000,0.030000,0.010000,0.000000,0.000000,0.000000,0.000008,-0.000061,0.000067,0.000091
461805.000000,0.040000,0.040000,-0.020000,0.000000,0.000000,0.000000,-0.000008,-0.000074,-0.000012,0.000076
461821.000000,0.050000,0.040000,0.000000,0.000000,0.000000,0.000000,0.000021,-0.000074,0.000005,0.000077
461835.000000,0.040000,0.060000,0.000000,0.000000,0.000000,0.000000,0.000004,0.000000,0.000024,0.000024
461851.000000,0.060000,0.050000,0.000000,0.000000,0.000000,0.000000,0.000065,0.000014,0.000035,0.000075
461865.000000,0.020000,0.030000,0.000000,0.000000,0.000000,0.000000,-0.000042,-0.000059,0.000040,0.000082
461881.000000,0.030000,0.040000,0.020000,0.000000,0.000000,0.000000,-0.000084,-0.000072,0.000117,0.000161
461895.000000,0.040000,0.030000,-0.010000,0.000000,0.000000,0.000000,-0.000061,-0.000109,0.000055,0.000136
461912.000000,0.020000,0.050000,0.000000,0.000000,0.000000,0.000000,-0.000115,-0.000053,0.000039,0.000133
461929.000000,0.030000,0.040000,0.000000,0.000000,0.000000,0.000000,-0.000110,-0.000052,0.000036,0.000127
461943.000000,0.050000,0.050000,0.030000,0.000000,0.000000,0.000000,-0.000034,-0.000022,0.000146,0.000151
461960.000000,0.030000,0.030000,0.000000,0.000000,0.000000,0.000000,-0.000054,-0.000076,0.000105,0.000140
461974.000000,0.060000,0.040000,0.000000,0.000000,0.000000,0.000000,0.000033,-0.000075,0.000070,0.000108
461988.000000,0.030000,0.040000,-0.010000,0.000000,0.000000,0.000000,-0.000016,-0.000071,0.000014,0.000074
462002.000000,0.040000,0.030000,-0.010000,0.000000,0.000000,0.000000,-0.000022,-0.000104,-0.000021,0.000108
462020.000000,0.030000,0.050000,0.000000,0.000000,0.000000,0.000000,-0.000057,-0.000044,0.000001,0.000072
462034.000000,0.050000,0.050000,-0.010000,0.000000,0.000000,0.000000,-0.000006,-0.000009,-0.000019,0.000022
462051.000000,0.040000,0.040000,0.000000,0.000000,0.000000,0.000000,-0.000004,-0.000028,0.000003,0.000028
462064.000000,0.030000,0.030000,0.000000,0.000000,0.000000,0.000000,-0.000044,-0.000078,0.000018,0.000091
462079.000000,0.050000,0.020000,-0.020000,0.000000,0.000000,0.000000,0.000002,-0.000151,-0.000049,0.000159
462092.000000,0.030000,0.030000,-0.020000,0.000000,0.000000,0.000000,-0.000036,-0.000154,-0.000092,0.000184
462110.000000,0.040000,0.050000,-0.010000,0.000000,0.000000,0.000000,-0.000029,-0.000062,-0.000073,0.000101
462124.000000,0.040000,0.040000,-0.030000,0.000000,0.000000,0.000000,-0.000021,-0.000049,-0.000132,0.000142
462138.000000,0.030000,0.060000,0.000000,0.000000,0.000000,0.000000,-0.000054,0.000025,-0.000064,0.000088
462152.000000,0.030000,0.060000,-0.020000,0.000000,0.000000,0.000000,-0.000077,0.000074,-0.000085,0.000136
462169.000000,0.050000,0.050000,0.010000,0.000000,0.000000,0.000000,-0.000008,0.000058,0.000012,0.000060
462183.000000,0.030000,0.060000,0.000000,0.000000,0.000000,0.000000,-0.000039,0.000081,0.000034,0.000096
462200.000000,0.030000,0.040000,0.000000,0.000000,0.000000,0.000000,-0.000066,0.000019,0.000039,0.000079
462214.000000,0.020000,0.050000,0.000000,0.000000,0.000000,0.000000,-0.000116,0.000018,0.000040,0.000124
462231.000000,0.040000,0.040000,0.000000,0.000000,0.000000,0.000000,-0.000069,-0.000016,0.000039,0.000080
462246.000000,0.050000,0.050000,0.000000,0.000000,0.000000,0.000000,0.000001,0.000001,0.000038,0.000038
462261.000000,0.040000,0.030000,0.000000,0.000000,0.000000,0.000000,0.000006,-0.000059,0.000038,0.000071
462276.000000,0.030000,0.050000,0.000000,0.000000,0.000000,0.000000,-0.000036,-0.000026,0.000038,0.000058
462290.000000,0.040000,0.040000,-0.020000,0.000000,0.000000,0.000000,-0.000027,-0.000034,-0.000036,0.000057
462304.000000,0.040000,0.040000,-0.010000,0.000000,0.000000,0.000000,-0.000016,-0.000044,-0.000049,0.000068
462324.000000,0.050000,0.070000,-0.010000,0.000000,0.000000,0.000000,0.000030,0.000069,-0.000045,0.000088
462338.000000,0.030000,0.050000,0.000000,0.000000,0.000000,0.000000,-0.000017,0.000061,-0.000008,0.000064
462352.000000,0.040000,0.040000,0.010000,0.000000,0.000000,0.000000,-0.000017,0.000010,0.000054,0.000057
462369.000000,0.040000,0.050000,-0.010000,0.000000,0.000000,0.000000,-0.000011,0.000012,0.000014,0.000022
462383.000000,0.060000,0.050000,0.000000,0.000000,0.000000,0.000000,0.000065,0.000020,0.000021,0.000071
462400.000000,0.040000,0.050000,-0.030000,0.000000,0.000000,0.000000,0.000040,0.000024,-0.000085,0.000097
462414.000000,0.030000,0.020000,0.000000,0.000000,0.000000,0.000000,-0.000019,-0.000083,-0.000040,0.000094
462431.000000,0.030000,0.050000,0.010000,0.000000,0.000000,0.000000,-0.000057,-0.000042,0.000041,0.000082
462447.000000,0.030000,0.030000,-0.010000,0.000000,0.000000,0.000000,-0.000073,-0.000079,0.000010,0.000108
462461.000000,0.040000,0.060000,-0.010000,0.000000,0.000000,0.000000,-0.000044,0.000002,-0.000017,0.000048
462475.000000,0.030000,0.050000,-0.020000,0.000000,0.000000,0.000000,-0.000060,0.000024,-0.000069,0.000095
462491.000000,0.030000,0.030000,0.000000,0.000000,0.000000,0.000000,-0.000072,-0.000046,-0.000024,0.000089
462507.000000,0.030000,0.060000,0.000000,0.000000,0.000000,0.000000,-0.000077,0.000020,0.000010,0.000080
462521.000000,0.040000,0.050000,0.000000,0.000000,0.000000,0.000000,-0.000043,0.000032,0.000027,0.000060
462535.000000,0.020000,0.030000,-0.010000,0.000000,0.000000,0.000000,-0.000094,-0.000041,-0.000002,0.000103
462551.000000,0.030000,0.050000,-0.010000,0.000000,0.000000,0.000000,-0.000092,-0.000016,-0.000024,0.000096
462567.000000,0.060000,0.050000,-0.010000,0.000000,0.000000,0.000000,0.000029,0.000009,-0.000034,0.000045
462581.000000,0.030000,0.070000,0.010000,0.000000,0.000000,0.000000,-0.000006,0.000094,0.000035,0.000101
462597.000000,0.030000,0.020000,-0.010000,0.000000,0.000000,0.000000,-0.000043,-0.000040,0.000007,0.000059
462611.000000,0.050000,0.040000,0.000000,0.000000,0.000000,0.000000,0.000011,-0.000059,0.000019,0.000063
462629.000000,0.040000,0.060000,0.000000,0.000000,0.000000,0.000000,0.000014,0.000022,0.000029,0.000039
462643.000000,0.020000,0.040000,0.000000,0.000000,0.000000,0.000000,-0.000062,-0.000003,0.000035,0.000071
462660.000000,0.040000,0.040000,0.000000,0.000000,0.000000,0.000000,-0.000038,-0.000028,0.000037,0.000060
462674.000000,0.020000,0.050000,-0.010000,0.000000,0.000000,0.000000,-0.000089,-0.000004,0.000001,0.000089
462690.000000,0.060000,0.040000,-0.010000,0.000000,0.000000,0.000000,0.000026,-0.000023,-0.000024,0.000042
462704.000000,0.050000,0.030000,-0.030000,0.000000,0.000000,0.000000,0.000066,-0.000073,-0.000108,0.000147
462720.000000,0.020000,0.030000,0.020000,0.000000,0.000000,0.000000,-0.000033,-0.000105,0.000027,0.000114
462734.000000,0.020000,0.030000,0.010000,0.000000,0.000000,0.000000,-0.000098,-0.000120,0.000083,0.000176
462751.000000,0.060000,0.050000,-0.020000,0.000000,0.000000,0.000000,0.000022,-0.000046,-0.000009,0.000052
462767.000000,0.010000,0.050000,0.000000,0.000000,0.000000,0.000000,-0.000085,-0.000000,0.000004,0.000085
462781.000000,0.020000,0.050000,0.020000,0.000000,0.000000,0.000000,-0.000127,0.000021,0.000094,0.000159
462798.000000,0.030000,0.060000,-0.020000,0.000000,0.000000,0.000000,-0.000103,0.000069,-0.000000,0.000124
462812.000000,0.030000,0.070000,-0.010000,0.000000,0.000000,0.000000,-0.000086,0.000132,-0.000029,0.000160
462830.000000,0.040000,0.020000,-0.010000,0.000000,0.000000,0.000000,-0.000034,-0.000026,-0.000038,0.000057
462845.000000,0.030000,0.040000,-0.010000,0.000000,0.000000,0.000000,-0.000044,-0.000049,-0.000041,0.000077
462862.000000,0.030000,0.050000,-0.010000,0.000000,0.000000,0.000000,-0.000054,-0.000011,-0.000042,0.000069
462890.000000,0.050000,0.040000,0.000000,0.000000,0.000000,0.000000,0.000021,-0.000020,0.000002,0.000030
462902.000000,0.020000,0.040000,-0.040000,0.000000,0.000000,0.000000,-0.000042,-0.000031,-0.000112,0.000123
462920.000000,0.030000,0.050000,0.000000,0.000000,0.000000,0.000000,-0.000060,-0.000000,-0.000054,0.000081
462936.000000,0.040000,0.040000,0.000000,0.000000,0.000000,0.000000,-0.000025,-0.000018,-0.000004,0.000031
462951.000000,0.030000,0.030000,-0.010000,0.000000,0.000000,0.000000,-0.000039,-0.000069,-0.000016,0.000081
462968.000000,0.040000,0.050000,0.000000,0.000000,0.000000,0.000000,-0.000012,-0.000023,0.000010,0.000028
462982.000000,0.030000,0.030000,0.000000,0.000000,0.000000,0.000000,-0.000032,-0.000064,0.000027,0.000077
462999.000000,0.050000,0.050000,-0.010000,0.000000,0.000000,0.000000,0.000029,-0.000020,-0.000003,0.000035
463013.000000,0.040000,0.050000,-0.010000,0.000000,0.000000,0.000000,0.000031,0.000011,-0.000022,0.000039
463031.000000,0.050000,0.030000,0.020000,0.000000,0.000000,0.000000,0.000062,-0.000049,0.000083,0.000115
463049.000000,0.050000,0.060000,0.010000,0.000000,0.000000,0.000000,0.000080,0.000026,0.000106,0.000135
463063.000000,0.050000,0.050000,0.000000,0.000000,0.000000,0.000000,0.000090,0.000039,0.000079,0.000126
463080.000000,0.030000,0.050000,0.020000,0.000000,0.000000,0.000000,0.000017,0.000040,0.000131,0.000138
463094.000000,0.020000,0.030000,0.000000,0.000000,0.000000,0.000000,-0.000063,-0.000033,0.000094,0.000118
463110.000000,0.050000,0.060000,0.010000,0.000000,0.000000,0.000000,0.000002,0.000030,0.000099,0.000103
463124.000000,0.040000,0.040000,0.000000,0.000000,0.000000,0.000000,0.000015,0.000004,0.000070,0.000072
463140.000000,0.030000,0.050000,-0.010000,0.000000,0.000000,0.000000,-0.000021,0.000017,0.000010,0.000029
463154.000000,0.040000,0.050000,0.000000,0.000000,0.000000,0.000000,-0.000008,0.000028,0.000013,0.000032
463170.000000,0.040000,0.020000,0.000000,0.000000,0.000000,0.000000,0.000004,-0.000080,0.000021,0.000083
463184.000000,0.030000,0.060000,-0.010000,0.000000,0.000000,0.000000,-0.000026,-0.000001,-0.000011,0.000028
463200.000000,0.040000,0.020000,0.000000,0.000000,0.000000,0.000000,-0.000009,-0.000087,0.000004,0.000088
463214.000000,0.050000,0.040000,-0.020000,0.000000,0.000000,0.000000,0.000040,-0.000075,-0.000056,0.000102
463348.000000,0.020000,0.050000,-0.020000,0.000000,0.000000,0.000000,-0.000040,-0.000021,-0.000099,0.000109
463362.000000,0.040000,0.060000,0.000000,0.000000,0.000000,0.000000,-0.000023,0.000050,-0.000045,0.000072
463379.000000,0.060000,0.040000,-0.010000,0.000000,0.000000,0.000000,0.000074,0.000015,-0.000040,0.000085
463393.000000,0.030000,0.050000,-0.010000,0.000000,0.000000,0.000000,0.000021,0.000024,-0.000043,0.000054
463410.000000,0.030000,0.060000,0.000000,0.000000,0.000000,0.000000,-0.000026,0.000070,-0.000007,0.000075
463424.000000,0.040000,0.050000,0.000000,0.000000,0.000000,0.000000,-0.000012,0.000061,0.000015,0.000064
463439.000000,0.030000,0.020000,0.040000,0.000000,0.000000,0.000000,-0.000035,-0.000062,0.000177,0.000191
463451.000000,0.030000,0.050000,-0.010000,0.000000,0.000000,0.000000,-0.000051,-0.000032,0.000100,0.000117
463467.000000,0.040000,0.050000,0.000000,0.000000,0.000000,0.000000,-0.000021,0.000006,0.000056,0.000061
463479.000000,0.030000,0.040000,0.000000,0.000000,0.000000,0.000000,-0.000037,-0.000011,0.000042,0.000057
463491.000000,0.020000,0.040000,0.000000,0.000000,0.000000,0.000000,-0.000088,-0.000027,0.000036,0.000099
463508.000000,0.040000,0.070000,-0.010000,0.000000,0.000000,0.000000,-0.000043,0.000081,-0.000008,0.000092
463522.000000,0.050000,0.040000,0.000000,0.000000,0.000000,0.000000,0.000026,0.000036,0.000004,0.000045
463536.000000,0.030000,0.030000,0.010000,0.000000,0.000000,0.000000,-0.000006,-0.000041,0.000053,0.000067
463551.000000,0.030000,0.020000,-0.020000,0.000000,0.000000,0.000000,-0.000035,-0.000126,-0.000028,0.000134
463569.000000,0.060000,0.040000,-0.010000,0.000000,0.000000,0.000000,0.000065,-0.000090,-0.000048,0.000121
463583.000000,0.050000,0.050000,-0.010000,0.000000,0.000000,0.000000,0.000090,-0.000029,-0.000052,0.000108
463600.000000,0.040000,0.040000,-0.010000,0.000000,0.000000,0.000000,0.000058,-0.000025,-0.000052,0.000082
463614.000000,0.020000,0.060000,0.000000,0.000000,0.000000,0.000000,-0.000036,0.000042,-0.000016,0.000057
463630.000000,0.040000,0.040000,0.000000,0.000000,0.000000,0.000000,-0.000022,0.000012,0.000010,0.000027
463644.000000,0.020000,0.060000,0.000000,0.000000,0.000000,0.000000,-0.000076,0.000060,0.000021,0.000099
463660.000000,0.040000,0.060000,0.000000,0.000000,0.000000,0.000000,-0.000038,0.000095,0.000027,0.000105
463674.000000,0.030000,0.050000,0.010000,0.000000,0.000000,0.000000,-0.000045,0.000075,0.000065,0.000109
463690.000000,0.040000,0.050000,-0.010000,0.000000,0.000000,0.000000,-0.000015,0.000056,0.000014,0.000059
463704.000000,0.050000,0.050000,-0.010000,0.000000,0.000000,0.000000,0.000040,0.000046,-0.000021,0.000065
463720.000000,0.030000,0.050000,-0.010000,0.000000,0.000000,0.000000,-0.000001,0.000041,-0.000040,0.000057
463734.000000,0.040000,0.050000,0.000000,0.000000,0.000000,0.000000,0.000005,0.000039,-0.000011,0.000041
463750.000000,0.040000,0.030000,0.000000,0.000000,0.000000,0.000000,0.000012,-0.000039,0.000011,0.000042
463764.000000,0.030000,0.050000,-0.010000,0.000000,0.000000,0.000000,-0.000020,-0.000013,-0.000015,0.000028
463780.000000,0.040000,0.030000,0.000000,0.000000,0.000000,0.000000,-0.000005,-0.000062,0.000002,0.000063
463794.000000,0.020000,0.040000,0.000000,0.000000,0.000000,0.000000,-0.000065,-0.000059,0.000016,0.000090
463810.000000,0.060000,0.040000,-0.010000,0.000000,0.000000,0.000000,0.000044,-0.000051,-0.000014,0.000069
463824.000000,0.040000,0.070000,0.000000,0.000000,0.000000,0.000000,0.000045,0.000063,0.000002,0.000078
463840.000000,0.030000,0.040000,0.000000,0.000000,0.000000,0.000000,-0.000005,0.000027,0.000017,0.000032
463854.000000,0.020000,0.050000,-0.030000,0.000000,0.000000,0.000000,-0.000072,0.000029,-0.000086,0.000116
463870.000000,0.030000,0.040000,0.000000,0.000000,0.000000,0.000000,-0.000074,-0.000005,-0.000044,0.000086
463884.000000,0.050000,0.040000,0.000000,0.000000,0.000000,0.000000,0.000005,-0.000025,-0.000006,0.000027
463900.000000,0.060000,0.040000,0.000000,0.000000,0.000000,0.000000,0.000098,-0.000036,0.000015,0.000105
463914.000000,0.030000,0.030000,-0.020000,0.000000,0.000000,0.000000,0.000037,-0.000077,-0.000049,0.000098
463929.000000,0.050000,0.040000,0.000000,0.000000,0.000000,0.000000,0.000060,-0.000066,-0.000019,0.000091
463943.000000,0.050000,0.040000,0.000000,0.000000,0.000000,0.000000,0.000081,-0.000054,0.000007,0.000098
463961.000000,0.030000,0.050000,0.010000,0.000000,0.000000,0.000000,0.000013,-0.000005,0.000059,0.000061
463978.000000,0.030000,0.030000,0.000000,0.000000,0.000000,0.000000,-0.000029,-0.000054,0.000049,0.000078
463992.000000,0.030000,0.070000,-0.020000,0.000000,0.000000,0.000000,-0.000048,0.000057,-0.000032,0.000082
464010.000000,0.050000,0.040000,-0.010000,0.000000,0.000000,0.000000,0.000020,0.000023,-0.000050,0.000058
464022.000000,0.010000,0.060000,-0.010000,0.000000,0.000000,0.000000,-0.000078,0.000063,-0.000052,0.000113
464034.000000,0.050000,0.030000,0.000000,0.000000,0.000000,0.000000,-0.000015,-0.000010,-0.000018,0.000026
464050.000000,0.020000,0.030000,-0.020000,0.000000,0.000000,0.000000,-0.000068,-0.000073,-0.000067,0.000120
464064.000000,0.060000,0.030000,-0.020000,0.000000,0.000000,0.000000,0.000040,-0.000101,-0.000100,0.000148
464080.000000,0.020000,0.040000,0.000000,0.000000,0.000000,0.000000,-0.000033,-0.000074,-0.000041,0.000091
464094.000000,0.040000,0.050000,-0.010000,0.000000,0.000000,0.000000,-0.000016,-0.000018,-0.000037,0.000045
464110.000000,0.010000,0.050000,-0.010000,0.000000,0.000000,0.000000,-0.000111,0.000018,-0.000041,0.000119
464124.000000,0.040000,0.040000,-0.010000,0.000000,0.000000,0.000000,-0.000061,-0.000002,-0.000043,0.000075
464140.000000,0.040000,0.040000,-0.010000,0.000000,0.000000,0.000000,-0.000016,-0.000020,-0.000043,0.000050
464154.000000,0.030000,0.040000,-0.010000,0.000000,0.000000,0.000000,-0.000030,-0.000029,-0.000044,0.000060
464170.000000,0.030000,0.020000,-0.010000,0.000000,0.000000,0.000000,-0.000044,-0.000109,-0.000043,0.000125
464184.000000,0.050000,0.030000,0.000000,0.000000,0.000000,0.000000,0.000022,-0.000120,-0.000006,0.000122
464200.000000,0.040000,0.060000,-0.010000,0.000000,0.000000,0.000000,0.000031,-0.000004,-0.000018,0.000036
464214.000000,0.050000,0.060000,-0.010000,0.000000,0.000000,0.000000,0.000066,0.000068,-0.000030,0.000100
464230.000000,0.040000,0.040000,0.000000,0.000000,0.000000,0.000000,0.000050,0.000030,0.000002,0.000058
464297.000000,0.050000,0.040000,0.000000,0.000000,0.000000,0.000000,0.000073,-0.000003,0.000023,0.000077
464312.000000,0.030000,0.040000,0.000000,0.000000,0.000000,0.000000,0.000015,-0.000020,0.000033,0.000041
464330.000000,0.030000,0.040000,0.000000,0.000000,0.000000,0.000000,-0.000027,-0.000027,0.000036,0.000053
464345.000000,0.040000,0.040000,-0.010000,0.000000,0.000000,0.000000,-0.000009,-0.000030,0.000001,0.000031
464360.000000,0.050000,0.040000,0.000000,0.000000,0.000000,0.000000,0.000044,-0.000031,0.000015,0.000056
464374.000000,0.030000,0.060000,-0.010000,0.000000,0.000000,0.000000,0.000003,0.000042,-0.000009,0.000043
464390.000000,0.040000,0.030000,0.000000,0.000000,0.000000,0.000000,0.000007,-0.000022,0.000010,0.000025
464404.000000,0.040000,0.040000,-0.050000,0.000000,0.000000,0.000000,0.000013,-0.000033,-0.000158,0.000162
464420.000000,0.050000,0.040000,0.010000,0.000000,0.000000,0.000000,0.000055,-0.000033,-0.000046,0.000079
464434.000000,0.050000,0.050000,-0.040000,0.000000,0.000000,0.000000,0.000081,0.000005,-0.000142,0.000163
464450.000000,0.030000,0.040000,-0.010000,0.000000,0.000000,0.000000,0.000016,-0.000007,-0.000104,0.000105
464465.000000,0.010000,0.030000,0.000000,0.000000,0.000000,0.000000,-0.000101,-0.000056,-0.000032,0.000119
464480.000000,0.030000,0.030000,-0.010000,0.000000,0.000000,0.000000,-0.000096,-0.000086,-0.000025,0.000131
464495.000000,0.040000,0.040000,-0.010000,0.000000,0.000000,0.000000,-0.000042,-0.000063,-0.000029,0.000081
464510.000000,0.050000,0.060000,-0.010000,0.000000,0.000000,0.000000,0.000030,0.000031,-0.000032,0.000053
464525.000000,0.030000,0.040000,-0.010000,0.000000,0.000000,0.000000,-0.000003,0.000014,-0.000033,0.000036
464540.000000,0.040000,0.050000,-0.010000,0.000000,0.000000,0.000000,0.000005,0.000031,-0.000033,0.000045
464555.000000,0.030000,0.060000,-0.010000,0.000000,0.000000,0.000000,-0.000024,0.000081,-0.000033,0.000090
464570.000000,0.040000,0.030000,-0.010000,0.000000,0.000000,0.000000,-0.000006,-0.000001,-0.000032,0.000033
464584.000000,0.030000,0.030000,-0.010000,0.000000,0.000000,0.000000,-0.000028,-0.000059,-0.000032,0.000073
464600.000000,0.040000,0.050000,0.000000,0.000000,0.000000,0.000000,-0.000007,-0.000013,0.000007,0.000017
464615.000000,0.030000,0.040000,0.000000,0.000000,0.000000,0.000000,-0.000029,-0.000015,0.000031,0.000045
464630.000000,0.060000,0.040000,0.000000,0.000000,0.000000,0.000000,0.000067,-0.000021,0.000043,0.000082
464646.000000,0.040000,0.040000,-0.010000,0.000000,0.000000,0.000000,0.000056,-0.000025,0.000009,0.000062
464660.000000,0.030000,0.060000,0.000000,0.000000,0.000000,0.000000,0.000003,0.000047,0.000024,0.000053
464677.000000,0.040000,0.050000,0.000000,0.000000,0.000000,0.000000,0.000005,0.000058,0.000037,0.000069
464691.000000,0.050000,0.040000,0.000000,0.000000,0.000000,0.000000,0.000049,0.000020,0.000044,0.000069
464709.000000,0.040000,0.030000,0.000000,0.000000,0.000000,0.000000,0.000039,-0.000046,0.000045,0.000075
464723.000000,0.030000,0.040000,-0.010000,0.000000,0.000000,0.000000,-0.000007,-0.000044,0.000010,0.000046
464737.000000,0.030000,0.040000,0.000000,0.000000,0.000000,0.000000,-0.000037,-0.000037,0.000023,0.000057
464749.000000,0.050000,0.040000,-0.030000,0.000000,0.000000,0.000000,0.000019,-0.000033,-0.000071,0.000080
464761.000000,0.040000,0.050000,0.000000,0.000000,0.000000,0.000000,0.000027,0.000005,-0.000034,0.000044
464778.000000,0.030000,0.050000,-0.010000,0.000000,0.000000,0.000000,-0.000015,0.000034,-0.000028,0.000046
464790.000000,0.030000,0.050000,-0.010000,0.000000,0.000000,0.000000,-0.000039,0.000046,-0.000030,0.000067
464805.000000,0.030000,0.030000,0.000000,0.000000,0.000000,0.000000,-0.000053,-0.000024,0.000006,0.000059
464820.000000,0.050000,0.030000,0.010000,0.000000,0.000000,0.000000,0.000017,-0.000071,0.000067,0.000099
464834.000000,0.050000,0.040000,0.000000,0.000000,0.000000,0.000000,0.000063,-0.000056,0.000066,0.000107
464848.000000,0.040000,0.020000,-0.010000,0.000000,0.000000,0.000000,0.000050,-0.000116,0.000021,0.000128
464862.000000,0.030000,0.070000,-0.010000,0.000000,0.000000,0.000000,-0.000002,0.000029,-0.000009,0.000030
464882.000000,0.050000,0.040000,-0.010000,0.000000,0.000000,0.000000,0.000040,0.000019,-0.000024,0.000050
464899.000000,0.060000,0.050000,0.000000,0.000000,0.000000,0.000000,0.000106,0.000035,0.000008,0.000112
464913.000000,0.020000,0.050000,-0.010000,0.000000,0.000000,0.000000,0.000001,0.000047,-0.000008,0.000047
464930.000000,0.050000,0.040000,0.010000,0.000000,0.000000,0.000000,0.000034,0.000013,0.000054,0.000065
464946.000000,0.020000,0.040000,0.000000,0.000000,0.000000,0.000000,-0.000046,-0.000008,0.000055,0.000073
464960.000000,0.040000,0.050000,-0.020000,0.000000,0.000000,0.000000,-0.000027,0.000018,-0.000021,0.000039
464977.000000,0.020000,0.030000,-0.010000,0.000000,0.000000,0.000000,-0.000080,-0.000038,-0.000037,0.000096
464991.000000,0.040000,0.050000,0.000000,0.000000,0.000000,0.000000,-0.000041,-0.000001,-0.000002,0.000041
465009.000000,0.040000,0.070000,0.000000,0.000000,0.000000,0.000000,-0.000007,0.000106,0.000025,0.000109
465023.000000,0.040000,0.020000,0.000000,0.000000,0.000000,0.000000,0.000007,-0.000015,0.000036,0.000040
465037.000000,0.020000,0.040000,-0.010000,0.000000,0.000000,0.000000,-0.000059,-0.000035,0.000005,0.000069
465051.000000,0.040000,0.050000,0.000000,0.000000,0.000000,0.000000,-0.000032,0.000003,0.000020,0.000038
465068.000000,0.040000,0.030000,0.020000,0.000000,0.000000,0.000000,-0.000003,-0.000045,0.000109,0.000118
465082.000000,0.030000,0.030000,-0.010000,0.000000,0.000000,0.000000,-0.000026,-0.000077,0.000052,0.000097
465100.000000,0.030000,0.060000,-0.010000,0.000000,0.000000,0.000000,-0.000044,0.000023,0.000001,0.000050
465116.000000,0.040000,0.060000,0.000000,0.000000,0.000000,0.000000,-0.000015,0.000084,0.000015,0.000086
465130.000000,0.040000,0.050000,0.000000,0.000000,0.000000,0.000000,0.000004,0.000078,0.000028,0.000083
465146.000000,0.020000,0.060000,-0.010000,0.000000,0.000000,0.000000,-0.000061,0.000104,-0.000002,0.000120
465160.000000,0.040000,0.050000,0.000000,0.000000,0.000000,0.000000,-0.000030,0.000084,0.000014,0.000091
465176.000000,0.020000,0.060000,0.000000,0.000000,0.000000,0.000000,-0.000077,0.000104,0.000028,0.000133
465190.000000,0.040000,0.030000,-0.020000,0.000000,0.000000,0.000000,-0.000037,0.000009,-0.000038,0.000053
465206.000000,0.020000,0.050000,0.000000,0.000000,0.000000,0.000000,-0.000079,0.000016,-0.000009,0.000081
465220.000000,0.050000,0.040000,0.030000,0.000000,0.000000,0.000000,0.000000,-0.000005,0.000126,0.000126
465259.000000,0.050000,0.030000,0.000000,0.000000,0.000000,0.000000,0.000046,-0.000044,0.000058,0.000086
465271.000000,0.040000,0.040000,0.000000,0.000000,0.000000,0.000000,0.000042,-0.000043,0.000051,0.000079
465283.000000,0.020000,0.030000,0.000000,0.000000,0.000000,0.000000,-0.000034,-0.000076,0.000047,0.000095
465300.000000,0.020000,0.050000,0.000000,0.000000,0.000000,0.000000,-0.000093,-0.000019,0.000040,0.000104
465316.000000,0.040000,0.050000,0.000000,0.000000,0.000000,0.000000,-0.000042,0.000019,0.000037,0.000059
465330.000000,0.030000,0.070000,-0.010000,0.000000,0.000000,0.000000,-0.000043,0.000111,-0.000001,0.000119
465348.000000,0.060000,0.040000,-0.010000,0.000000,0.000000,0.000000,0.000068,0.000051,-0.000027,0.000089
465363.000000,0.050000,0.030000,-0.010000,0.000000,0.000000,0.000000,0.000096,-0.000029,-0.000038,0.000107
465390.000000,0.040000,0.020000,0.000000,0.000000,0.000000,0.000000,0.000049,-0.000102,0.000000,0.000114
465405.000000,0.030000,0.030000,0.000000,0.000000,0.000000,0.000000,0.000001,-0.000111,0.000018,0.000113
465419.000000,0.020000,0.020000,-0.010000,0.000000,0.000000,0.000000,-0.000067,-0.000151,-0.000009,0.000165
465433.000000,0.050000,0.040000,-0.020000,0.000000,0.000000,0.000000,0.000003,-0.000101,-0.000066,0.000121
465449.000000,0.050000,0.030000,-0.010000,0.000000,0.000000,0.000000,0.000060,-0.000097,-0.000062,0.000129
465463.000000,0.040000,0.040000,0.000000,0.000000,0.000000,0.000000,0.000050,-0.000064,-0.000018,0.000083
465479.000000,0.030000,0.060000,-0.020000,0.000000,0.000000,0.000000,-0.000002,0.000036,-0.000062,0.000072
465495.000000,0.030000,0.050000,0.000000,0.000000,0.000000,0.000000,-0.000033,0.000057,-0.000019,0.000068
465510.000000,0.050000,0.080000,0.000000,0.000000,0.000000,0.000000,0.000027,0.000171,0.000012,0.000173
465527.000000,0.040000,0.050000,0.000000,0.000000,0.000000,0.000000,0.000031,0.000126,0.000028,0.000133
465539.000000,0.030000,0.040000,0.000000,0.000000,0.000000,0.000000,-0.000006,0.000059,0.000034,0.000069
465552.000000,0.020000,0.050000,-0.010000,0.000000,0.000000,0.000000,-0.000072,0.000050,0.000001,0.000087
465569.000000,0.050000,0.040000,0.000000,0.000000,0.000000,0.000000,0.000005,0.000010,0.000015,0.000019
465583.000000,0.020000,0.030000,0.010000,0.000000,0.000000,0.000000,-0.000052,-0.000048,0.000063,0.000094
465601.000000,0.050000,0.050000,0.000000,0.000000,0.000000,0.000000,0.000017,-0.000006,0.000054,0.000057
465619.000000,0.030000,0.040000,0.000000,0.000000,0.000000,0.000000,-0.000011,-0.000012,0.000043,0.000046
465633.000000,0.040000,0.030000,-0.010000,0.000000,0.000000,0.000000,0.000002,-0.000056,0.000003,0.000056
465649.000000,0.030000,0.050000,0.000000,0.000000,0.000000,0.000000,-0.000024,-0.000010,0.000013,0.000029
465663.000000,0.030000,0.040000,0.000000,0.000000,0.000000,0.000000,-0.000041,-0.000014,0.000024,0.000049
465679.000000,0.040000,0.040000,-0.010000,0.000000,0.000000,0.000000,-0.000012,-0.000020,-0.000008,0.000025
465693.000000,0.030000,0.020000,0.000000,0.000000,0.000000,0.000000,-0.000029,-0.000097,0.000008,0.000102
465709.000000,0.010000,0.020000,0.000000,0.000000,0.000000,0.000000,-0.000119,-0.000148,0.000022,0.000191
465723.000000,0.040000,0.030000,0.040000,0.000000,0.000000,0.000000,-0.000062,-0.000135,0.000175,0.000230
465737.000000,0.040000,0.040000,0.000000,0.000000,0.000000,0.000000,-0.000015,-0.000084,0.000131,0.000156
465749.000000,0.030000,0.080000,-0.010000,0.000000,0.000000,0.000000,-0.000026,0.000089,0.000050,0.000105
465763.000000,0.040000,0.040000,-0.010000,0.000000,0.000000,0.000000,-0.000002,0.000064,-0.000007,0.000065
465779.000000,0.040000,0.040000,0.000000,0.000000,0.000000,0.000000,0.000016,0.000021,0.000003,0.000026
465793.000000,0.050000,0.040000,0.020000,0.000000,0.000000,0.000000,0.000061,-0.000003,0.000088,0.000107
465809.000000,0.010000,0.030000,0.000000,0.000000,0.000000,0.000000,-0.000063,-0.000052,0.000069,0.000107
465823.000000,0.040000,0.020000,0.010000,0.000000,0.000000,0.000000,-0.000034,-0.000117,0.000085,0.000148
465838.000000,0.030000,0.050000,0.000000,0.000000,0.000000,0.000000,-0.000039,-0.000042,0.000060,0.000083
465852.000000,0.030000,0.040000,0.000000,0.000000,0.000000,0.000000,-0.000045,-0.000024,0.000041,0.000065
465869.000000,0.020000,0.030000,-0.010000,0.000000,0.000000,0.000000,-0.000085,-0.000057,-0.000009,0.000102
465883.000000,0.040000,0.040000,0.000000,0.000000,0.000000,0.000000,-0.000036,-0.000042,0.000001,0.000056
465899.000000,0.020000,0.030000,0.020000,0.000000,0.000000,0.000000,-0.000073,-0.000066,0.000088,0.000132
465912.000000,0.040000,0.060000,-0.020000,0.000000,0.000000,0.000000,-0.000030,0.000024,-0.000003,0.000039
465929.000000,0.020000,0.080000,0.000000,0.000000,0.000000,0.000000,-0.000070,0.000170,-0.000003,0.000184
465943.000000,0.030000,0.030000,0.010000,0.000000,0.000000,0.000000,-0.000062,0.000064,0.000044,0.000100
465959.000000,0.020000,0.050000,0.010000,0.000000,0.000000,0.000000,-0.000090,0.000051,0.000076,0.000129
465973.000000,0.030000,0.040000,0.000000,0.000000,0.000000,0.000000,-0.000072,0.000018,0.000055,0.000092
465989.000000,0.060000,0.050000,-0.020000,0.000000,0.000000,0.000000,0.000059,0.000034,-0.000041,0.000079
466003.000000,0.040000,0.040000,0.000000,0.000000,0.000000,0.000000,0.000064,0.000011,-0.000024,0.000069
466019.000000,0.010000,0.020000,0.010000,0.000000,0.000000,0.000000,-0.000061,-0.000083,0.000036,0.000109
466033.000000,0.040000,0.020000,0.000000,0.000000,0.000000,0.000000,-0.000029,-0.000138,0.000035,0.000145
466049.000000,0.040000,0.040000,-0.030000,0.000000,0.000000,0.000000,0.000008,-0.000088,-0.000087,0.000124
466063.000000,0.030000,0.050000,-0.020000,0.000000,0.000000,0.000000,-0.000011,-0.000015,-0.000125,0.000126
466080.000000,0.020000,0.050000,0.010000,0.000000,0.000000,0.000000,-0.000065,0.000031,-0.000020,0.000075
466097.000000,0.040000,0.040000,-0.010000,0.000000,0.000000,0.000000,-0.000019,0.000013,-0.000028,0.000036
466111.000000,0.050000,0.050000,-0.010000,0.000000,0.000000,0.000000,0.000048,0.000034,-0.000043,0.000073
466128.000000,0.030000,0.040000,0.000000,0.000000,0.000000,0.000000,0.000014,0.000012,-0.000013,0.000023
466142.000000,0.050000,0.020000,0.000000,0.000000,0.000000,0.000000,0.000059,-0.000076,0.000006,0.000096
466159.000000,0.040000,0.060000,-0.010000,0.000000,0.000000,0.000000,0.000055,0.000019,-0.000022,0.000062
466173.000000,0.010000,0.050000,0.000000,0.000000,0.000000,0.000000,-0.000061,0.000048,-0.000004,0.000078
466189.000000,0.020000,0.030000,0.000000,0.000000,0.000000,0.000000,-0.000103,-0.000017,0.000011,0.000105
466203.000000,0.040000,0.030000,-0.020000,0.000000,0.000000,0.000000,-0.000043,-0.000060,-0.000055,0.000092
466219.000000,0.050000,0.060000,0.000000,0.000000,0.000000,0.000000,0.000042,0.000031,-0.000025,0.000058
466321.000000,0.030000,0.050000,0.000000,0.000000,0.000000,0.000000,0.000016,0.000055,-0.000002,0.000057
466333.000000,0.050000,0.030000,0.000000,0.000000,0.000000,0.000000,0.000061,-0.000007,0.000013,0.000063
466348.000000,0.030000,0.050000,-0.060000,0.000000,0.000000,0.000000,0.000020,0.000018,-0.000209,0.000211
466360.000000,0.040000,0.030000,-0.010000,0.000000,0.000000,0.000000,0.000025,-0.000030,-0.000169,0.000173
466377.000000,0.050000,0.030000,0.000000,0.000000,0.000000,0.000000,0.000071,-0.000069,-0.000066,0.000119
466391.000000,0.030000,0.040000,-0.010000,0.000000,0.000000,0.000000,0.000025,-0.000049,-0.000050,0.000074
466408.000000,0.030000,0.050000,0.020000,0.000000,0.000000,0.000000,-0.000013,0.000008,0.000068,0.000070
466422.000000,0.040000,0.050000,0.000000,0.000000,0.000000,0.000000,0.000007,0.000039,0.000063,0.000075
466436.000000,0.050000,0.040000,-0.020000,0.000000,0.000000,0.000000,0.000060,0.000018,-0.000025,0.000068
466450.000000,0.040000,0.050000,0.000000,0.000000,0.000000,0.000000,0.000057,0.000038,-0.000010,0.000069
466467.000000,0.050000,0.050000,0.020000,0.000000,0.000000,0.000000,0.000084,0.000052,0.000088,0.000132
466481.000000,0.000000,0.060000,-0.030000,0.000000,0.000000,0.000000,-0.000080,0.000095,-0.000038,0.000130
466498.000000,0.030000,0.060000,-0.030000,0.000000,0.000000,0.000000,-0.000081,0.000121,-0.000134,0.000198
